timestamp,timestamp_sample,gps_hvel[0],gps_hvel[1],gps_vvel,gps_hpos[0],gps_hpos[1],gps_vpos,ev_hvel[0],ev_hvel[1],ev_vvel,ev_hpos[0],ev_hpos[1],ev_vpos,rng_vpos,baro_vpos,aux_hvel[0],aux_hvel[1],aux_vvel,flow[0],flow[1],heading,mag_field[0],mag_field[1],mag_field[2],drag[0],drag[1],airspeed,beta,hagl,hagl_rate
17169274,17068634,0.011345734,0.0010715005,0.037624743,0.058609646,0.0029921308,0.0,0.0,0.0,0.0,0.0,0.0,0.0,0.0,-0.25185013,0.0,0.0,nan,0.0,0.0,-0.001639843,0.0,0.0,0.0,0.0,0.0,0.0,0.0,0.0,0.0
17668997,17568180,-0.013509049,-0.008917969,0.009065377,0.06020156,0.0025186706,0.0,0.0,0.0,0.0,0.0,0.0,0.0,0.0,-0.33519554,0.0,0.0,nan,0.0,0.0,-0.0040564537,0.0,0.0,0.0,0.0,0.0,0.0,0.0,0.0,0.0
18168287,18067727,-0.0025033955,0.014685039,-0.0074139503,0.07389485,0.0021518199,0.0,0.0,0.0,0.0,0.0,0.0,0.0,0.0,0.051883698,0.0,0.0,nan,0.0,0.0,-0.0012135506,0.0,0.0,0.0,0.0,0.0,0.0,0.0,0.0,0.0
18667803,18567274,-0.0061325734,0.019801497,-0.02305243,0.0766295,0.0018915576,0.0,0.0,0.0,0.0,0.0,0.0,0.0,0.0,0.15823174,0.0,0.0,nan,0.0,0.0,-0.000988245,0.0,0.0,0.0,0.0,0.0,0.0,0.0,0.0,0.0
19167437,19066822,-0.0070196567,-0.0037758206,-0.004892914,0.080125295,0.0016767797,0.0,0.0,0.0,0.0,0.0,0.0,0.0,0.0,-0.0040607452,0.0,0.0,nan,0.0,0.0,-0.0054740906,0.0,0.0,0.0,0.0,0.0,0.0,0.0,0.0,0.0
19666895,19566370,0.00598962,-0.0062889745,-0.02615468,0.08368809,0.009764895,0.0,0.0,0.0,0.0,0.0,0.0,0.0,0.0,-0.01784134,0.0,0.0,nan,0.0,0.0,-0.002671957,0.0,0.0,0.0,0.0,0.0,0.0,0.0,0.0,0.0
20166837,20065918,0.018972693,0.0011530241,0.013201958,0.076643504,0.017476352,0.0,0.0,0.0,0.0,0.0,0.0,0.0,0.0,-0.043827057,0.0,0.0,nan,0.0,0.0,0.0037255287,0.0,0.0,0.0,0.0,0.0,0.0,0.0,0.0,0.0
20666364,20565591,-0.004454051,2.1317974e-05,-0.05970904,0.081687436,0.024884481,0.0,0.0,0.0,0.0,0.0,0.0,0.0,0.0,-0.055171967,0.0,0.0,nan,0.0,0.0,0.0012354851,0.0,0.0,0.0,0.0,0.0,0.0,0.0,0.0,0.0
21165671,21065139,-0.022117345,-0.010025766,0.022824408,0.08669466,0.023152683,0.0,0.0,0.0,0.0,0.0,0.0,0.0,0.0,0.0260849,0.0,0.0,nan,0.0,0.0,-0.0022137165,0.0,0.0,0.0,0.0,0.0,0.0,0.0,0.0,0.0
21665418,21564688,-0.0073010023,0.021631949,-0.01892226,0.091696516,0.03825612,0.0,0.0,0.0,0.0,0.0,0.0,0.0,0.0,-0.0834713,0.0,0.0,nan,0.0,0.0,-0.00031733513,0.0,0.0,0.0,0.0,0.0,0.0,0.0,0.0,0.0
22164888,22064237,0.00802474,0.0030480654,0.021000039,0.08594257,0.044492647,0.0,0.0,0.0,0.0,0.0,0.0,0.0,0.0,0.08561897,0.0,0.0,nan,0.0,0.0,-0.0049540997,0.0,0.0,0.0,0.0,0.0,0.0,0.0,0.0,0.0
22664457,22563786,0.0042024227,-0.00035135896,0.052195434,0.069972545,0.050295822,0.0,0.0,0.0,0.0,0.0,0.0,0.0,0.0,0.25224686,0.0,0.0,nan,0.0,0.0,-0.00016307831,0.0,0.0,0.0,0.0,0.0,0.0,0.0,0.0,0.0
23164050,23063335,0.040441543,-0.0017244883,0.08527479,0.06608361,0.06467896,0.0,0.0,0.0,0.0,0.0,0.0,0.0,0.0,-0.24785805,0.0,0.0,nan,0.0,0.0,-0.002218008,0.0,0.0,0.0,0.0,0.0,0.0,0.0,0.0,0.0
23663600,23563010,-0.00021911063,0.0013358942,0.028934862,0.062517926,0.069699235,0.0,0.0,0.0,0.0,0.0,0.0,0.0,0.0,0.08326912,0.0,0.0,nan,0.0,0.0,0.0031495094,0.0,0.0,0.0,0.0,0.0,0.0,0.0,0.0,0.0
24163095,24062559,0.013236589,0.0012871667,0.005022466,0.059422433,0.07463385,0.0,0.0,0.0,0.0,0.0,0.0,0.0,0.0,0.086071014,0.0,0.0,nan,0.0,0.0,0.0015790462,0.0,0.0,0.0,0.0,0.0,0.0,0.0,0.0,0.0
24663164,24562113,-0.017940974,-0.014192933,-0.0198451,0.067809135,0.07105289,0.0,0.0,0.0,0.0,0.0,0.0,0.0,0.0,0.08522797,0.0,0.0,nan,0.0,0.0,-0.011664391,0.0,0.0,0.0,0.0,0.0,0.0,0.0,0.0,0.0
25162221,25061660,0.00886585,-0.01895161,-0.014187838,0.06479785,0.07654644,0.0,0.0,0.0,0.0,0.0,0.0,0.0,0.0,-0.16789627,0.0,0.0,nan,0.0,0.0,-0.005572796,0.0,0.0,0.0,0.0,0.0,0.0,0.0,0.0,0.0
25661740,25561210,0.036296528,-0.035689905,-0.059791997,0.071672544,0.07312227,0.0,0.0,0.0,0.0,0.0,0.0,0.0,0.0,-0.07971573,0.0,0.0,nan,0.0,0.0,-0.0007648468,0.0,0.0,0.0,0.0,0.0,0.0,0.0,0.0,0.0
26171289,26070752,-0.017551672,0.028064437,-0.0008649891,0.0686561,0.06220176,0.0,0.0,0.0,0.0,0.0,0.0,0.0,0.0,-0.41337776,0.0,0.0,nan,0.0,0.0,0.0062901974,0.0,0.0,0.0,0.0,0.0,0.0,0.0,0.0,0.0
26670916,26570303,0.0021084286,0.0039023026,0.037956413,0.055278778,0.07643149,0.0,0.0,0.0,0.0,0.0,0.0,0.0,0.0,0.003923416,0.0,0.0,nan,0.0,0.0,0.0013313293,0.0,0.0,0.0,0.0,0.0,0.0,0.0,0.0,0.0
27170572,27069853,0.0018232022,-0.016782729,-0.025615824,0.053411543,0.07329319,0.0,0.0,0.0,0.0,0.0,0.0,0.0,0.0,0.17062569,0.0,0.0,nan,0.0,0.0,-0.0010595322,0.0,0.0,0.0,0.0,0.0,0.0,0.0,0.0,0.0
27670013,27569405,-0.024570053,-0.00011807773,-0.002909056,0.040306598,0.088260666,0.0,0.0,0.0,0.0,0.0,0.0,0.0,0.0,-0.044692993,0.0,0.0,nan,0.0,0.0,0.00039887428,0.0,0.0,0.0,0.0,0.0,0.0,0.0,0.0,0.0
28169714,28068956,0.022571268,-0.0072393985,0.0056650415,0.02795814,0.09346928,0.0,0.0,0.0,0.0,0.0,0.0,0.0,0.0,-0.06544685,0.0,0.0,nan,0.0,0.0,-0.0010738373,0.0,0.0,0.0,0.0,0.0,0.0,0.0,0.0,0.0
28669149,28568508,-0.028268095,0.0042413045,-0.030499235,0.015928805,0.09849779,0.0,0.0,0.0,0.0,0.0,0.0,0.0,0.0,-0.12237549,0.0,0.0,nan,0.0,0.0,-0.00096583366,0.0,0.0,0.0,0.0,0.0,0.0,0.0,0.0,0.0
29169298,29068060,0.017710261,0.006195393,-0.009391399,0.0050159246,0.10420738,0.0,0.0,0.0,0.0,0.0,0.0,0.0,0.0,0.048988342,0.0,0.0,nan,0.0,0.0,0.00583601,0.0,0.0,0.0,0.0,0.0,0.0,0.0,0.0,0.0
29668372,29567612,-0.00031988428,-8.431473e-05,0.01095533,-0.0059786737,0.10080616,0.0,0.0,0.0,0.0,0.0,0.0,0.0,0.0,0.055475235,0.0,0.0,nan,0.0,0.0,-4.839897e-05,0.0,0.0,0.0,0.0,0.0,0.0,0.0,0.0,0.0
30167701,30067164,-0.01962035,-0.019592062,0.004904717,-0.017415643,0.105761185,0.0,0.0,0.0,0.0,0.0,0.0,0.0,0.0,0.019367218,0.0,0.0,nan,0.0,0.0,-0.001871109,0.0,0.0,0.0,0.0,0.0,0.0,0.0,0.0,0.0
30667253,30566716,-0.01461262,0.017242745,0.0051918253,-0.016671821,0.09435305,0.0,0.0,0.0,0.0,0.0,0.0,0.0,0.0,0.04128647,0.0,0.0,nan,0.0,0.0,0.00015115738,0.0,0.0,0.0,0.0,0.0,0.0,0.0,0.0,0.0
31166942,31066268,-0.014891146,0.013655739,-2.6443275e-05,-0.028001264,0.09051623,0.0,0.0,0.0,0.0,0.0,0.0,0.0,0.0,0.017974854,0.0,0.0,nan,0.0,0.0,-0.00056385994,0.0,0.0,0.0,0.0,0.0,0.0,0.0,0.0,0.0
31666424,31565696,0.0127944965,0.02057092,0.0054955147,-0.026824921,0.088164404,0.0,0.0,0.0,0.0,0.0,0.0,0.0,0.0,0.016828537,0.0,0.0,nan,0.0,0.0,0.0009074211,0.0,0.0,0.0,0.0,0.0,0.0,0.0,0.0,0.0
32165925,32065374,-0.024418864,0.011091507,0.050100453,-0.03731201,0.08566331,0.0,0.0,0.0,0.0,0.0,0.0,0.0,0.0,0.16907692,0.0,0.0,nan,0.0,0.0,0.002957344,0.0,0.0,0.0,0.0,0.0,0.0,0.0,0.0,0.0
32665519,32564927,-0.0074506435,-0.0063538332,-0.0018815112,-0.03627398,0.0832089,0.0,0.0,0.0,0.0,0.0,0.0,0.0,0.0,-0.1657219,0.0,0.0,nan,0.0,0.0,0.0023987293,0.0,0.0,0.0,0.0,0.0,0.0,0.0,0.0,0.0
33165212,33064480,-0.0099835945,-0.015597055,-0.018475026,-0.035458274,0.08089701,0.0,0.0,0.0,0.0,0.0,0.0,0.0,0.0,-0.16620445,0.0,0.0,nan,0.0,0.0,0.004133463,0.0,0.0,0.0,0.0,0.0,0.0,0.0,0.0,0.0
33664642,33564033,0.011462835,0.012374165,-0.027569547,-0.045891628,0.07891357,0.0,0.0,0.0,0.0,0.0,0.0,0.0,0.0,0.17047119,0.0,0.0,nan,0.0,0.0,0.005206108,0.0,0.0,0.0,0.0,0.0,0.0,0.0,0.0,0.0
34164183,34063587,0.021860644,0.011497251,0.01900384,-0.033316426,0.084756784,0.0,0.0,0.0,0.0,0.0,0.0,0.0,0.0,0.08514595,0.0,0.0,nan,0.0,0.0,0.0006210804,0.0,0.0,0.0,0.0,0.0,0.0,0.0,0.0,0.0
34663739,34563140,-0.002302106,0.025073111,0.0058405153,-0.043703094,0.08268401,0.0,0.0,0.0,0.0,0.0,0.0,0.0,0.0,-0.0007686615,0.0,0.0,nan,0.0,0.0,-0.002090931,0.0,0.0,0.0,0.0,0.0,0.0,0.0,0.0,0.0
35163246,35062694,0.035368983,0.010544799,0.012446976,-0.043694466,0.07185158,0.0,0.0,0.0,0.0,0.0,0.0,0.0,0.0,-0.16765594,0.0,0.0,nan,0.0,0.0,0.0012786388,0.0,0.0,0.0,0.0,0.0,0.0,0.0,0.0,0.0
35662896,35562248,0.070532635,-0.055691548,0.0056193103,-0.031184427,0.05243092,0.0,0.0,0.0,0.0,0.0,0.0,0.0,0.0,0.16330338,0.0,0.0,nan,0.0,0.0,-7.939339e-05,0.0,0.0,0.0,0.0,0.0,0.0,0.0,0.0,0.0
36162402,36061804,0.20142505,-0.14872906,0.0025627022,0.05777982,-0.0218376,0.0,0.0,0.0,0.0,0.0,0.0,0.0,0.0,-0.25146294,0.0,0.0,nan,0.0,0.0,0.011987686,0.0,0.0,0.0,0.0,0.0,0.0,0.0,0.0,0.0
36662104,36561356,0.25752664,-0.22713438,-0.016847424,0.15164757,-0.10567398,0.0,0.0,0.0,0.0,0.0,0.0,0.0,0.0,-0.05623436,0.0,0.0,nan,0.0,0.0,0.009249687,0.0,0.0,0.0,0.0,0.0,0.0,0.0,0.0,0.0
37171679,37070902,0.27230513,-0.23915255,0.037019715,0.2680685,-0.20771132,0.0,0.0,0.0,0.0,0.0,0.0,0.0,0.0,-0.19659996,0.0,0.0,nan,0.0,0.0,-0.025735378,0.0,0.0,0.0,0.0,0.0,0.0,0.0,0.0,0.0
37671216,37570456,1.6294429,-0.7074632,-0.04551779,1.5814587,-0.74498945,0.0,0.0,0.0,0.0,0.0,0.0,0.0,0.0,-0.071741104,0.0,0.0,nan,0.0,0.0,-0.03292346,0.0,0.0,0.0,0.0,0.0,0.0,0.0,0.0,0.0
38170689,38070012,1.8434812,-0.8685707,-0.14047194,2.391118,-1.1242197,0.0,0.0,0.0,0.0,0.0,0.0,0.0,0.0,-0.38269234,0.0,0.0,nan,0.0,0.0,-0.033741474,0.0,0.0,0.0,0.0,0.0,0.0,0.0,0.0,0.0
38670131,38569568,2.0704644,-0.92395496,-0.20885246,3.3610148,-1.5559231,0.0,0.0,0.0,0.0,0.0,0.0,0.0,0.0,-0.712698,0.0,0.0,nan,0.0,0.0,-0.03440833,0.0,0.0,0.0,0.0,0.0,0.0,0.0,0.0,0.0
39169765,39069124,2.3018181,-1.0403605,-0.11086329,4.4720116,-2.0692396,0.0,0.0,0.0,0.0,0.0,0.0,0.0,0.0,-0.2572956,0.0,0.0,nan,0.0,0.0,-0.034409285,0.0,0.0,0.0,0.0,0.0,0.0,0.0,0.0,0.0
39669263,39568681,2.603821,-1.2150304,-0.15656218,5.7107077,-2.6409998,0.0,0.0,0.0,0.0,0.0,0.0,0.0,0.0,-0.46924782,0.0,0.0,nan,0.0,0.0,-0.029938221,0.0,0.0,0.0,0.0,0.0,0.0,0.0,0.0,0.0
40168803,40068237,2.8238943,-1.2823284,-0.16491283,7.073289,-3.267417,0.0,0.0,0.0,0.0,0.0,0.0,0.0,0.0,-0.8099327,0.0,0.0,nan,0.0,0.0,-0.025902033,0.0,0.0,0.0,0.0,0.0,0.0,0.0,0.0,0.0
40668402,40567793,3.082568,-1.4758065,-0.2239959,8.572329,-3.9685693,0.0,0.0,0.0,0.0,0.0,0.0,0.0,0.0,-0.9517994,0.0,0.0,nan,0.0,0.0,-0.018295527,0.0,0.0,0.0,0.0,0.0,0.0,0.0,0.0,0.0
41168052,41067350,3.42719,-1.5558398,-0.1504015,10.200011,-4.7115755,0.0,0.0,0.0,0.0,0.0,0.0,0.0,0.0,-0.9994106,0.0,0.0,nan,0.0,0.0,-0.019821644,0.0,0.0,0.0,0.0,0.0,0.0,0.0,0.0,0.0
41667992,41567031,3.6945734,-1.7147639,-0.15527955,11.985884,-5.533415,0.0,0.0,0.0,0.0,0.0,0.0,0.0,0.0,-0.9074688,0.0,0.0,nan,0.0,0.0,-0.025167227,0.0,0.0,0.0,0.0,0.0,0.0,0.0,0.0,0.0
42167431,42066588,3.920704,-1.7962279,0.014146179,13.838903,-6.3704557,0.0,0.0,0.0,0.0,0.0,0.0,0.0,0.0,-0.9174919,0.0,0.0,nan,0.0,0.0,-0.03194499,0.0,0.0,0.0,0.0,0.0,0.0,0.0,0.0,0.0
42666687,42566145,4.34482,-1.8929248,0.12299812,15.85618,-7.3187466,0.0,0.0,0.0,0.0,0.0,0.0,0.0,0.0,-0.74121284,0.0,0.0,nan,0.0,0.0,-0.039326668,0.0,0.0,0.0,0.0,0.0,0.0,0.0,0.0,0.0
43166234,43065701,4.477886,-2.1446059,0.06852859,18.035236,-8.347621,0.0,0.0,0.0,0.0,0.0,0.0,0.0,0.0,-0.5970726,0.0,0.0,nan,0.0,0.0,-0.046070337,0.0,0.0,0.0,0.0,0.0,0.0,0.0,0.0,0.0
43666010,43565258,7.407568,-4.7601657,0.61848915,27.558414,-16.768293,0.0,0.0,0.0,0.0,0.0,0.0,0.0,0.0,0.22227478,0.0,0.0,nan,0.0,0.0,-0.037453175,0.0,0.0,0.0,0.0,0.0,0.0,0.0,0.0,0.0
44165559,44064815,6.9955406,-4.584853,0.29062858,32.566628,-19.880629,0.0,0.0,0.0,0.0,0.0,0.0,0.0,0.0,0.9373951,0.0,0.0,nan,0.0,0.0,-0.046340466,0.0,0.0,0.0,0.0,0.0,0.0,0.0,0.0,0.0
44665229,44564373,6.976758,-4.583657,0.24765936,36.617172,-22.55762,0.0,0.0,0.0,0.0,0.0,0.0,0.0,0.0,0.6324253,0.0,0.0,nan,0.0,0.0,-0.05455613,0.0,0.0,0.0,0.0,0.0,0.0,0.0,0.0,0.0
45164755,45063930,6.939999,-4.477638,0.20740685,40.33005,-24.972303,0.0,0.0,0.0,0.0,0.0,0.0,0.0,0.0,0.9817219,0.0,0.0,nan,0.0,0.0,-0.060677767,0.0,0.0,0.0,0.0,0.0,0.0,0.0,0.0,0.0
45664225,45563487,6.72229,-4.416391,0.21011552,44.00873,-27.347368,0.0,0.0,0.0,0.0,0.0,0.0,0.0,0.0,1.1431026,0.0,0.0,nan,0.0,0.0,-0.07253194,0.0,0.0,0.0,0.0,0.0,0.0,0.0,0.0,0.0
46163977,46063045,6.6829095,-4.2874203,0.1707419,47.429092,-29.557833,0.0,0.0,0.0,0.0,0.0,0.0,0.0,0.0,1.2148609,0.0,0.0,nan,0.0,0.0,-0.08533716,0.0,0.0,0.0,0.0,0.0,0.0,0.0,0.0,0.0
46663378,46562603,6.772076,-3.9734037,0.14856745,50.832397,-31.731867,0.0,0.0,0.0,0.0,0.0,0.0,0.0,0.0,1.2202015,0.0,0.0,nan,0.0,0.0,-0.1151526,0.0,0.0,0.0,0.0,0.0,0.0,0.0,0.0,0.0
47162833,47062160,6.728071,-3.8069162,0.14090927,54.226902,-33.73333,0.0,0.0,0.0,0.0,0.0,0.0,0.0,0.0,1.2239952,0.0,0.0,nan,0.0,0.0,-0.1251216,0.0,0.0,0.0,0.0,0.0,0.0,0.0,0.0,0.0
47662401,47561718,6.7936687,-3.6498203,0.20571056,57.60716,-35.61981,0.0,0.0,0.0,0.0,0.0,0.0,0.0,0.0,1.4346466,0.0,0.0,nan,0.0,0.0,-0.13217163,0.0,0.0,0.0,0.0,0.0,0.0,0.0,0.0,0.0
48171935,48071267,6.8317986,-3.5493739,0.1578812,61.019012,-37.41591,0.0,0.0,0.0,0.0,0.0,0.0,0.0,0.0,1.3662643,0.0,0.0,nan,0.0,0.0,-0.12730575,0.0,0.0,0.0,0.0,0.0,0.0,0.0,0.0,0.0
48671647,48570825,6.9017124,-3.4300888,0.16709659,64.43717,-39.156174,0.0,0.0,0.0,0.0,0.0,0.0,0.0,0.0,1.4638157,0.0,0.0,nan,0.0,0.0,-0.113149166,0.0,0.0,0.0,0.0,0.0,0.0,0.0,0.0,0.0
49170926,49070383,6.9803953,-3.4286351,0.123731494,67.91432,-40.86172,0.0,0.0,0.0,0.0,0.0,0.0,0.0,0.0,1.537754,0.0,0.0,nan,0.0,0.0,-0.09633231,0.0,0.0,0.0,0.0,0.0,0.0,0.0,0.0,0.0
49670528,49569942,6.992938,-3.5531244,0.1223158,71.43191,-42.609573,0.0,0.0,0.0,0.0,0.0,0.0,0.0,0.0,1.6492443,0.0,0.0,nan,0.0,0.0,-0.075899124,0.0,0.0,0.0,0.0,0.0,0.0,0.0,0.0,0.0
50170230,50069499,6.9261556,-3.5938177,0.08250201,74.897484,-44.383488,0.0,0.0,0.0,0.0,0.0,0.0,0.0,0.0,1.5710583,0.0,0.0,nan,0.0,0.0,-0.07755399,0.0,0.0,0.0,0.0,0.0,0.0,0.0,0.0,0.0
50670290,50569058,6.883578,-3.6187272,0.08844639,78.35673,-46.18353,0.0,0.0,0.0,0.0,0.0,0.0,0.0,0.0,1.4659672,0.0,0.0,nan,0.0,0.0,-0.07496929,0.0,0.0,0.0,0.0,0.0,0.0,0.0,0.0,0.0
51170139,51068618,6.8227596,-3.470478,0.048910134,81.79552,-47.945984,0.0,0.0,0.0,0.0,0.0,0.0,0.0,0.0,1.6289101,0.0,0.0,nan,0.0,0.0,-0.08259392,0.0,0.0,0.0,0.0,0.0,0.0,0.0,0.0,0.0
51669231,51568175,6.824123,-3.340876,0.07213586,85.21526,-49.639313,0.0,0.0,0.0,0.0,0.0,0.0,0.0,0.0,1.6433411,0.0,0.0,nan,0.0,0.0,-0.08275533,0.0,0.0,0.0,0.0,0.0,0.0,0.0,0.0,0.0
52168774,52067734,6.8320985,-3.2330017,0.06525915,88.64697,-51.263565,0.0,0.0,0.0,0.0,0.0,0.0,0.0,0.0,1.7856636,0.0,0.0,nan,0.0,0.0,-0.070156336,0.0,0.0,0.0,0.0,0.0,0.0,0.0,0.0,0.0
52668368,52567292,0.010778904,0.06605458,-0.023189113,-0.011642456,0.011184692,0.0,0.0,0.0,0.0,0.0,0.0,0.0,0.0,1.4488506,0.0,0.0,nan,0.0,0.0,-0.062418938,0.0,0.0,0.0,0.0,0.0,0.0,0.0,0.0,0.0
53168044,53066851,0.028089523,0.15777683,-0.053525984,0.020133972,0.027202606,0.0,0.0,0.0,0.0,0.0,0.0,0.0,0.0,1.2671185,0.0,0.0,nan,0.0,0.0,-0.061894894,0.0,0.0,0.0,0.0,0.0,0.0,0.0,0.0,0.0
53666979,53566410,0.0015678406,0.19180751,-0.07891862,0.026359558,0.055095673,0.0,0.0,0.0,0.0,0.0,0.0,0.0,0.0,1.1863022,0.0,0.0,nan,0.0,0.0,-0.068469286,0.0,0.0,0.0,0.0,0.0,0.0,0.0,0.0,0.0
54166539,54065969,-0.021033764,0.20951462,-0.06374878,0.031402588,0.08614731,0.0,0.0,0.0,0.0,0.0,0.0,0.0,0.0,1.3610859,0.0,0.0,nan,0.0,0.0,-0.070607424,0.0,0.0,0.0,0.0,0.0,0.0,0.0,0.0,0.0
54666098,54565528,-0.04425335,0.1806984,-0.07984735,-0.03327942,0.14440536,0.0,0.0,0.0,0.0,0.0,0.0,0.0,0.0,1.144556,0.0,0.0,nan,0.0,0.0,-0.07560277,0.0,0.0,0.0,0.0,0.0,0.0,0.0,0.0,0.0
55165651,55065087,-0.05730009,0.22357488,-0.104891635,0.031425476,0.12962341,0.0,0.0,0.0,0.0,0.0,0.0,0.0,0.0,1.0467186,0.0,0.0,nan,0.0,0.0,-0.06795192,0.0,0.0,0.0,0.0,0.0,0.0,0.0,0.0,0.0
55665263,55564647,6.579149,-3.2991886,-0.17286892,9.647049,-5.063816,0.0,0.0,0.0,0.0,0.0,0.0,0.0,0.0,0.97229576,0.0,0.0,nan,0.0,0.0,-0.092216015,0.0,0.0,0.0,0.0,0.0,0.0,0.0,0.0,0.0
56164809,56064206,7.2462883,-3.5916953,-0.07222789,13.126869,-6.777233,0.0,0.0,0.0,0.0,0.0,0.0,0.0,0.0,1.2015057,0.0,0.0,nan,0.0,0.0,-0.08188057,0.0,0.0,0.0,0.0,0.0,0.0,0.0,0.0,0.0
56664321,56563766,8.043623,-3.8105066,0.07471224,16.968094,-8.622166,0.0,0.0,0.0,0.0,0.0,0.0,0.0,0.0,1.0262642,0.0,0.0,nan,0.0,0.0,-0.07734871,0.0,0.0,0.0,0.0,0.0,0.0,0.0,0.0,0.0
57163915,57063325,6.425518,-3.6636555,-0.056966193,20.038826,-10.312172,0.0,0.0,0.0,0.0,0.0,0.0,0.0,0.0,0.93940926,0.0,0.0,nan,0.0,0.0,-0.010669231,0.0,0.0,0.0,0.0,0.0,0.0,0.0,0.0,0.0
57663427,57562885,6.3624463,-3.838529,-0.12281476,23.28872,-12.166515,0.0,0.0,0.0,0.0,0.0,0.0,0.0,0.0,0.750679,0.0,0.0,nan,0.0,0.0,-0.0026671886,0.0,0.0,0.0,0.0,0.0,0.0,0.0,0.0,0.0
58162987,58062444,6.326557,-3.91334,-0.015962806,26.485992,-14.110817,0.0,0.0,0.0,0.0,0.0,0.0,0.0,0.0,0.79182243,0.0,0.0,nan,0.0,0.0,0.002211094,0.0,0.0,0.0,0.0,0.0,0.0,0.0,0.0,0.0
58662553,58562004,6.3033333,-3.9710631,-0.027439715,29.663193,-16.100216,0.0,0.0,0.0,0.0,0.0,0.0,0.0,0.0,0.71421814,0.0,0.0,nan,0.0,0.0,-0.023596764,0.0,0.0,0.0,0.0,0.0,0.0,0.0,0.0,0.0
59172292,59071555,6.3751984,-3.9839284,0.089944154,32.824196,-18.088863,0.0,0.0,0.0,0.0,0.0,0.0,0.0,0.0,0.7105255,0.0,0.0,nan,0.0,0.0,-0.05617094,0.0,0.0,0.0,0.0,0.0,0.0,0.0,0.0,0.0
59671729,59571115,6.3382854,-3.8059933,0.0009149192,35.98607,-20.038918,0.0,0.0,0.0,0.0,0.0,0.0,0.0,0.0,0.7370453,0.0,0.0,nan,0.0,0.0,-0.07816601,0.0,0.0,0.0,0.0,0.0,0.0,0.0,0.0,0.0
60161293,60060684,6.3276467,-3.7217412,0.021015313,39.147728,-21.905949,0.0,0.0,0.0,0.0,0.0,0.0,0.0,0.0,0.6347885,0.0,0.0,nan,0.0,0.0,-0.10167122,0.0,0.0,0.0,0.0,0.0,0.0,0.0,0.0,0.0
60670777,60570235,6.317348,-3.6202765,0.018296082,42.317352,-23.714382,0.0,0.0,0.0,0.0,0.0,0.0,0.0,0.0,0.5189915,0.0,0.0,nan,0.0,0.0,-0.088172436,0.0,0.0,0.0,0.0,0.0,0.0,0.0,0.0,0.0
61170493,61069795,6.357703,-3.7214463,0.095644,45.500427,-25.536724,0.0,0.0,0.0,0.0,0.0,0.0,0.0,0.0,0.5854492,0.0,0.0,nan,0.0,0.0,-0.06307793,0.0,0.0,0.0,0.0,0.0,0.0,0.0,0.0,0.0
61670018,61569355,6.289869,-3.8669603,0.024156418,48.66552,-27.44865,0.0,0.0,0.0,0.0,0.0,0.0,0.0,0.0,0.5735836,0.0,0.0,nan,0.0,0.0,-0.050318956,0.0,0.0,0.0,0.0,0.0,0.0,0.0,0.0,0.0
62169471,62068915,6.156292,-4.097131,0.0006415723,51.77526,-29.461548,0.0,0.0,0.0,0.0,0.0,0.0,0.0,0.0,0.48446274,0.0,0.0,nan,0.0,0.0,-0.046723127,0.0,0.0,0.0,0.0,0.0,0.0,0.0,0.0,0.0
62669063,62568476,6.205343,-4.176105,0.009244962,54.8815,-31.51567,0.0,0.0,0.0,0.0,0.0,0.0,0.0,0.0,0.64756584,0.0,0.0,nan,0.0,0.0,-0.05824375,0.0,0.0,0.0,0.0,0.0,0.0,0.0,0.0,0.0
63169052,63068036,6.117762,-4.29809,0.051852435,57.959183,-33.64549,0.0,0.0,0.0,0.0,0.0,0.0,0.0,0.0,0.38313866,0.0,0.0,nan,0.0,0.0,-0.06713271,0.0,0.0,0.0,0.0,0.0,0.0,0.0,0.0,0.0
63668361,63567596,6.2315536,-3.9473698,-0.035889056,61.090355,-35.478798,0.0,0.0,0.0,0.0,0.0,0.0,0.0,0.0,0.45750046,0.0,0.0,nan,0.0,0.0,-0.080543995,0.0,0.0,0.0,0.0,0.0,0.0,0.0,0.0,0.0
64167719,64067157,6.2530584,-3.875469,-0.016925048,64.18981,-37.418766,0.0,0.0,0.0,0.0,0.0,0.0,0.0,0.0,0.11566162,0.0,0.0,nan,0.0,0.0,-0.07910299,0.0,0.0,0.0,0.0,0.0,0.0,0.0,0.0,0.0
64667280,64566717,6.222248,-3.8191001,-0.009422602,67.31388,-39.3191,0.0,0.0,0.0,0.0,0.0,0.0,0.0,0.0,0.6932621,0.0,0.0,nan,0.0,0.0,-0.07614207,0.0,0.0,0.0,0.0,0.0,0.0,0.0,0.0,0.0
65166902,65066278,6.207101,-3.8548298,-0.06794545,70.41725,-41.225407,0.0,0.0,0.0,0.0,0.0,0.0,0.0,0.0,0.43741417,0.0,0.0,nan,0.0,0.0,-0.06762099,0.0,0.0,0.0,0.0,0.0,0.0,0.0,0.0,0.0
65666603,65565838,6.0968533,-3.8572514,-0.05439662,73.498726,-43.15695,0.0,0.0,0.0,0.0,0.0,0.0,0.0,0.0,0.5157833,0.0,0.0,nan,0.0,0.0,-0.0573833,0.0,0.0,0.0,0.0,0.0,0.0,0.0,0.0,0.0
66166033,66065399,6.04097,-3.9547052,-0.07080308,76.53403,-45.10953,0.0,0.0,0.0,0.0,0.0,0.0,0.0,0.0,0.2563343,0.0,0.0,nan,0.0,0.0,-0.06763768,0.0,0.0,0.0,0.0,0.0,0.0,0.0,0.0,0.0
66665522,66564960,6.0684185,-3.9184058,-0.07793527,79.56819,-47.070793,0.0,0.0,0.0,0.0,0.0,0.0,0.0,0.0,0.3596573,0.0,0.0,nan,0.0,0.0,-0.07607126,0.0,0.0,0.0,0.0,0.0,0.0,0.0,0.0,0.0
67165059,67064521,6.118232,-3.8058236,-0.042915538,82.64242,-48.976086,0.0,0.0,0.0,0.0,0.0,0.0,0.0,0.0,0.44532776,0.0,0.0,nan,0.0,0.0,-0.08866954,0.0,0.0,0.0,0.0,0.0,0.0,0.0,0.0,0.0
67664958,67564082,6.275768,-3.6645503,-0.02060367,85.77068,-50.827625,0.0,0.0,0.0,0.0,0.0,0.0,0.0,0.0,0.29130936,0.0,0.0,nan,0.0,0.0,-0.0754292,0.0,0.0,0.0,0.0,0.0,0.0,0.0,0.0,0.0
68164205,68063643,6.301873,-3.6424084,-0.0045275264,88.93862,-52.64904,0.0,0.0,0.0,0.0,0.0,0.0,0.0,0.0,0.35063744,0.0,0.0,nan,0.0,0.0,-0.08214927,0.0,0.0,0.0,0.0,0.0,0.0,0.0,0.0,0.0
68663858,68563205,6.3525543,-3.6539583,-0.054626826,92.11847,-54.473206,0.0,0.0,0.0,0.0,0.0,0.0,0.0,0.0,0.21185875,0.0,0.0,nan,0.0,0.0,-0.06322384,0.0,0.0,0.0,0.0,0.0,0.0,0.0,0.0,0.0
69163420,69062767,6.300525,-3.7792115,-0.03316076,95.31055,-56.33621,0.0,0.0,0.0,0.0,0.0,0.0,0.0,0.0,0.32003593,0.0,0.0,nan,0.0,0.0,-0.059165478,0.0,0.0,0.0,0.0,0.0,0.0,0.0,0.0,0.0
69672853,69572320,6.294208,-3.8018608,-0.07123855,2.3747253,-1.4282913,0.0,0.0,0.0,0.0,0.0,0.0,0.0,0.0,0.27605247,0.0,0.0,nan,0.0,0.0,-0.07217002,0.0,0.0,0.0,0.0,0.0,0.0,0.0,0.0,0.0
70172428,70071882,6.291927,-3.764001,-0.11021296,5.216263,-3.098404,0.0,0.0,0.0,0.0,0.0,0.0,0.0,0.0,0.04783058,0.0,0.0,nan,0.0,0.0,-0.07771468,0.0,0.0,0.0,0.0,0.0,0.0,0.0,0.0,0.0
70661991,70561453,6.297011,-3.832024,-0.08664945,8.374725,-4.999359,0.0,0.0,0.0,0.0,0.0,0.0,0.0,0.0,0.3199501,0.0,0.0,nan,0.0,0.0,-0.07924771,0.0,0.0,0.0,0.0,0.0,0.0,0.0,0.0,0.0
71161551,71061015,6.6135793,-3.5174475,-0.06218302,11.841095,-6.661003,0.0,0.0,0.0,0.0,0.0,0.0,0.0,0.0,0.15060997,0.0,0.0,nan,0.0,0.0,-0.08102107,0.0,0.0,0.0,0.0,0.0,0.0,0.0,0.0,0.0
71671330,71570573,6.6513677,-3.474902,0.024480944,15.177124,-8.403328,0.0,0.0,0.0,0.0,0.0,0.0,0.0,0.0,-0.10312271,0.0,0.0,nan,0.0,0.0,-0.075894356,0.0,0.0,0.0,0.0,0.0,0.0,0.0,0.0,0.0
72171017,72070130,6.6433225,-3.4828634,-0.036998864,18.5141,-10.152649,0.0,0.0,0.0,0.0,0.0,0.0,0.0,0.0,0.14648628,0.0,0.0,nan,0.0,0.0,-0.06407809,0.0,0.0,0.0,0.0,0.0,0.0,0.0,0.0,0.0
72670227,72569692,6.649021,-3.5051441,-0.026567094,21.851608,-11.892822,0.0,0.0,0.0,0.0,0.0,0.0,0.0,0.0,-0.2721672,0.0,0.0,nan,0.0,0.0,-0.05720377,0.0,0.0,0.0,0.0,0.0,0.0,0.0,0.0,0.0
73169811,73069254,6.566718,-3.5633388,0.011116644,25.153305,-13.655121,0.0,0.0,0.0,0.0,0.0,0.0,0.0,0.0,0.064136505,0.0,0.0,nan,0.0,0.0,-0.059912443,0.0,0.0,0.0,0.0,0.0,0.0,0.0,0.0,0.0
73669531,73568816,6.515751,-3.5070524,-0.0465584,28.4122,-15.416153,0.0,0.0,0.0,0.0,0.0,0.0,0.0,0.0,0.14424896,0.0,0.0,nan,0.0,0.0,-0.0574131,0.0,0.0,0.0,0.0,0.0,0.0,0.0,0.0,0.0
74169036,74068503,6.4981956,-3.5137753,-0.028842377,31.65866,-17.159988,0.0,0.0,0.0,0.0,0.0,0.0,0.0,0.0,0.2272625,0.0,0.0,nan,0.0,0.0,-0.053289413,0.0,0.0,0.0,0.0,0.0,0.0,0.0,0.0,0.0
74668618,74568065,6.4890714,-3.440936,0.043126747,34.90558,-18.886307,0.0,0.0,0.0,0.0,0.0,0.0,0.0,0.0,0.14243889,0.0,0.0,nan,0.0,0.0,-0.055243015,0.0,0.0,0.0,0.0,0.0,0.0,0.0,0.0,0.0
75168344,75067627,6.3830357,-3.5904806,0.040427405,38.1429,-20.650833,0.0,0.0,0.0,0.0,0.0,0.0,0.0,0.0,0.058361053,0.0,0.0,nan,0.0,0.0,-0.04348111,0.0,0.0,0.0,0.0,0.0,0.0,0.0,0.0,0.0
75667900,75567189,6.383316,-3.5846303,0.026739215,41.34474,-22.440353,0.0,0.0,0.0,0.0,0.0,0.0,0.0,0.0,-0.11163902,0.0,0.0,nan,0.0,0.0,-0.052631617,0.0,0.0,0.0,0.0,0.0,0.0,0.0,0.0,0.0
76167314,76066751,6.346364,-3.4962933,0.061827086,44.545486,-24.195648,0.0,0.0,0.0,0.0,0.0,0.0,0.0,0.0,-0.022790909,0.0,0.0,nan,0.0,0.0,-0.054393053,0.0,0.0,0.0,0.0,0.0,0.0,0.0,0.0,0.0
76667236,76566314,6.3872685,-3.3827064,-0.049886927,47.75717,-25.882935,0.0,0.0,0.0,0.0,0.0,0.0,0.0,0.0,0.024787903,0.0,0.0,nan,0.0,0.0,-0.062372208,0.0,0.0,0.0,0.0,0.0,0.0,0.0,0.0,0.0
77166607,77065751,6.4649334,-3.238953,-0.07276043,50.971695,-27.509995,0.0,0.0,0.0,0.0,0.0,0.0,0.0,0.0,0.043725967,0.0,0.0,nan,0.0,0.0,-0.059477568,0.0,0.0,0.0,0.0,0.0,0.0,0.0,0.0,0.0
77666190,77565438,6.431434,-3.1994162,-0.06074008,54.19536,-29.12284,0.0,0.0,0.0,0.0,0.0,0.0,0.0,0.0,-0.02911377,0.0,0.0,nan,0.0,0.0,-0.05672145,0.0,0.0,0.0,0.0,0.0,0.0,0.0,0.0,0.0
78165765,78065000,6.4112554,-3.2155757,-0.08891975,57.420197,-30.728195,0.0,0.0,0.0,0.0,0.0,0.0,0.0,0.0,-0.040107727,0.0,0.0,nan,0.0,0.0,-0.0457685,0.0,0.0,0.0,0.0,0.0,0.0,0.0,0.0,0.0
78665667,78564563,6.401781,-3.2402196,-0.18430553,60.63382,-32.341095,0.0,0.0,0.0,0.0,0.0,0.0,0.0,0.0,-0.068675995,0.0,0.0,nan,0.0,0.0,-0.04176402,0.0,0.0,0.0,0.0,0.0,0.0,0.0,0.0,0.0
79164691,79064125,6.422595,-3.2549515,-0.16701661,63.855835,-33.9607,0.0,0.0,0.0,0.0,0.0,0.0,0.0,0.0,-0.21613503,0.0,0.0,nan,0.0,0.0,-0.040601492,0.0,0.0,0.0,0.0,0.0,0.0,0.0,0.0,0.0
79664310,79563688,6.5111094,-3.314926,-0.05037731,67.09349,-35.610695,0.0,0.0,0.0,0.0,0.0,0.0,0.0,0.0,-0.24630737,0.0,0.0,nan,0.0,0.0,-0.034391165,0.0,0.0,0.0,0.0,0.0,0.0,0.0,0.0,0.0
80163923,80063250,6.5553765,-3.2939305,-0.058905095,70.34987,-37.259743,0.0,0.0,0.0,0.0,0.0,0.0,0.0,0.0,-0.31554794,0.0,0.0,nan,0.0,0.0,-0.024305105,0.0,0.0,0.0,0.0,0.0,0.0,0.0,0.0,0.0
80673442,80572804,6.5854826,-3.2662969,0.030951226,73.653336,-38.89025,0.0,0.0,0.0,0.0,0.0,0.0,0.0,0.0,-0.2941742,0.0,0.0,nan,0.0,0.0,-0.02537322,0.0,0.0,0.0,0.0,0.0,0.0,0.0,0.0,0.0
81162931,81062375,6.6152554,-3.3289921,0.070073955,76.97797,-40.5291,0.0,0.0,0.0,0.0,0.0,0.0,0.0,0.0,-0.08435249,0.0,0.0,nan,0.0,0.0,-0.018989563,0.0,0.0,0.0,0.0,0.0,0.0,0.0,0.0,0.0
81662559,81561937,6.6119757,-3.442005,-0.041517004,80.28168,-42.242554,0.0,0.0,0.0,0.0,0.0,0.0,0.0,0.0,-0.0811615,0.0,0.0,nan,0.0,0.0,-0.008849859,0.0,0.0,0.0,0.0,0.0,0.0,0.0,0.0,0.0
82162240,82061500,6.573883,-3.6657386,-0.010571776,83.57237,-44.0504,0.0,0.0,0.0,0.0,0.0,0.0,0.0,0.0,-0.4109726,0.0,0.0,nan,0.0,0.0,-0.0028812885,0.0,0.0,0.0,0.0,0.0,0.0,0.0,0.0,0.0
82671634,82571054,6.563146,-3.7887583,0.063499406,86.8748,-45.91535,0.0,0.0,0.0,0.0,0.0,0.0,0.0,0.0,-0.32343483,0.0,0.0,nan,0.0,0.0,-0.012772322,0.0,0.0,0.0,0.0,0.0,0.0,0.0,0.0,0.0
83171203,83070617,6.5529885,-3.758911,0.13711727,90.17355,-47.777657,0.0,0.0,0.0,0.0,0.0,0.0,0.0,0.0,-0.31841087,0.0,0.0,nan,0.0,0.0,-0.02016759,0.0,0.0,0.0,0.0,0.0,0.0,0.0,0.0,0.0
83670722,83570179,6.7156086,-3.6563127,0.14893079,93.51251,-49.60276,0.0,0.0,0.0,0.0,0.0,0.0,0.0,0.0,-0.3997345,0.0,0.0,nan,0.0,0.0,-0.021839619,0.0,0.0,0.0,0.0,0.0,0.0,0.0,0.0,0.0
84170310,84069742,6.669817,-3.7198,0.15127198,1.960907,-1.0835724,0.0,0.0,0.0,0.0,0.0,0.0,0.0,0.0,-0.31321907,0.0,0.0,nan,0.0,0.0,-0.012654066,0.0,0.0,0.0,0.0,0.0,0.0,0.0,0.0,0.0
84669836,84569305,6.5203204,-3.793685,0.13092673,4.5379333,-2.5535736,0.0,0.0,0.0,0.0,0.0,0.0,0.0,0.0,0.18902779,0.0,0.0,nan,0.0,0.0,-0.010319948,0.0,0.0,0.0,0.0,0.0,0.0,0.0,0.0,0.0
85169865,85068868,6.37795,-3.8460405,0.056656636,7.7747803,-4.461838,0.0,0.0,0.0,0.0,0.0,0.0,0.0,0.0,-0.05876541,0.0,0.0,nan,0.0,0.0,-0.0049176216,0.0,0.0,0.0,0.0,0.0,0.0,0.0,0.0,0.0
85669082,85568431,6.293637,-3.873599,-0.004142912,10.967041,-6.387802,0.0,0.0,0.0,0.0,0.0,0.0,0.0,0.0,0.021743774,0.0,0.0,nan,0.0,0.0,-0.008400679,0.0,0.0,0.0,0.0,0.0,0.0,0.0,0.0,0.0
86168535,86067993,6.2204385,-3.895988,-0.011333238,14.102509,-8.322144,0.0,0.0,0.0,0.0,0.0,0.0,0.0,0.0,-0.034784317,0.0,0.0,nan,0.0,0.0,-0.014044285,0.0,0.0,0.0,0.0,0.0,0.0,0.0,0.0,0.0
86668145,86567556,6.2391143,-3.9312909,0.043759134,17.215393,-10.265854,0.0,0.0,0.0,0.0,0.0,0.0,0.0,0.0,0.058368683,0.0,0.0,nan,0.0,0.0,-0.020479918,0.0,0.0,0.0,0.0,0.0,0.0,0.0,0.0,0.0
87167689,87067119,6.1371746,-3.915644,0.005611124,20.307129,-12.208405,0.0,0.0,0.0,0.0,0.0,0.0,0.0,0.0,0.13136482,0.0,0.0,nan,0.0,0.0,-0.019636154,0.0,0.0,0.0,0.0,0.0,0.0,0.0,0.0,0.0
87667236,87566682,6.0560937,-3.922663,-0.05941554,23.386566,-14.160767,0.0,0.0,0.0,0.0,0.0,0.0,0.0,0.0,0.21023369,0.0,0.0,nan,0.0,0.0,-0.01927352,0.0,0.0,0.0,0.0,0.0,0.0,0.0,0.0,0.0
88166783,88066246,6.042984,-3.9090493,-0.005378223,26.421509,-16.122498,0.0,0.0,0.0,0.0,0.0,0.0,0.0,0.0,0.004217148,0.0,0.0,nan,0.0,0.0,-0.021681309,0.0,0.0,0.0,0.0,0.0,0.0,0.0,0.0,0.0
88666353,88565809,6.034729,-3.8554313,-0.07483227,29.447144,-18.047165,0.0,0.0,0.0,0.0,0.0,0.0,0.0,0.0,0.17214966,0.0,0.0,nan,0.0,0.0,-0.032984495,0.0,0.0,0.0,0.0,0.0,0.0,0.0,0.0,0.0
89166081,89065372,6.0768666,-3.7545695,-0.055195298,32.492126,-19.948303,0.0,0.0,0.0,0.0,0.0,0.0,0.0,0.0,0.07050514,0.0,0.0,nan,0.0,0.0,-0.03814912,0.0,0.0,0.0,0.0,0.0,0.0,0.0,0.0,0.0
89666015,89564935,6.1457844,-3.749087,-0.07862818,35.569885,-21.830261,0.0,0.0,0.0,0.0,0.0,0.0,0.0,0.0,0.07391739,0.0,0.0,nan,0.0,0.0,-0.044382095,0.0,0.0,0.0,0.0,0.0,0.0,0.0,0.0,0.0
90165117,90064498,6.237317,-3.6788151,-0.055233702,38.68576,-23.695343,0.0,0.0,0.0,0.0,0.0,0.0,0.0,0.0,-0.10046196,0.0,0.0,nan,0.0,0.0,-0.049791574,0.0,0.0,0.0,0.0,0.0,0.0,0.0,0.0,0.0
90664696,90564061,6.313512,-3.6143074,-0.07962428,41.85327,-25.51825,0.0,0.0,0.0,0.0,0.0,0.0,0.0,0.0,-0.07391167,0.0,0.0,nan,0.0,0.0,-0.048511505,0.0,0.0,0.0,0.0,0.0,0.0,0.0,0.0,0.0
91164250,91063625,6.323663,-3.6209924,-0.067546405,45.045013,-27.322525,0.0,0.0,0.0,0.0,0.0,0.0,0.0,0.0,-0.15527344,0.0,0.0,nan,0.0,0.0,-0.038178682,0.0,0.0,0.0,0.0,0.0,0.0,0.0,0.0,0.0
91663839,91563188,6.325965,-3.631314,-0.128154,48.225403,-29.144028,0.0,0.0,0.0,0.0,0.0,0.0,0.0,0.0,-0.40567398,0.0,0.0,nan,0.0,0.0,-0.03624344,0.0,0.0,0.0,0.0,0.0,0.0,0.0,0.0,0.0
92163311,92062752,6.3007894,-3.6538575,-0.022894034,51.383636,-30.983688,0.0,0.0,0.0,0.0,0.0,0.0,0.0,0.0,0.013559341,0.0,0.0,nan,0.0,0.0,-0.04156065,0.0,0.0,0.0,0.0,0.0,0.0,0.0,0.0,0.0
92662984,92562315,6.2770257,-3.6029077,-0.0973156,54.541138,-32.79657,0.0,0.0,0.0,0.0,0.0,0.0,0.0,0.0,-0.23688698,0.0,0.0,nan,0.0,0.0,-0.04220867,0.0,0.0,0.0,0.0,0.0,0.0,0.0,0.0,0.0
93162438,93061878,6.233587,-3.582289,-0.18424726,57.677704,-34.583862,0.0,0.0,0.0,0.0,0.0,0.0,0.0,0.0,-0.23645973,0.0,0.0,nan,0.0,0.0,-0.04031062,0.0,0.0,0.0,0.0,0.0,0.0,0.0,0.0,0.0
93672446,93571433,6.2627144,-3.5124483,-0.20789385,60.82184,-36.3266,0.0,0.0,0.0,0.0,0.0,0.0,0.0,0.0,-0.31760025,0.0,0.0,nan,0.0,0.0,-0.038840294,0.0,0.0,0.0,0.0,0.0,0.0,0.0,0.0,0.0
94171525,94070997,6.296592,-3.4426727,-0.15263088,63.970245,-38.062973,0.0,0.0,0.0,0.0,0.0,0.0,0.0,0.0,-0.48426437,0.0,0.0,nan,0.0,0.0,-0.043486834,0.0,0.0,0.0,0.0,0.0,0.0,0.0,0.0,0.0
94671096,94570565,6.3578815,-3.3482401,-0.17546166,67.138885,-39.74849,0.0,0.0,0.0,0.0,0.0,0.0,0.0,0.0,-0.3101616,0.0,0.0,nan,0.0,0.0,-0.04352045,0.0,0.0,0.0,0.0,0.0,0.0,0.0,0.0,0.0
95160689,95060132,6.384224,-3.1280184,-0.19085579,70.34155,-41.343124,0.0,0.0,0.0,0.0,0.0,0.0,0.0,0.0,-0.523592,0.0,0.0,nan,0.0,0.0,-0.048398495,0.0,0.0,0.0,0.0,0.0,0.0,0.0,0.0,0.0
95670286,95569687,6.4296107,-3.0690467,-0.15620364,73.57538,-42.881332,0.0,0.0,0.0,0.0,0.0,0.0,0.0,0.0,-0.4656334,0.0,0.0,nan,0.0,0.0,-0.03675127,0.0,0.0,0.0,0.0,0.0,0.0,0.0,0.0,0.0
96169872,96069251,6.408208,-2.9749959,-0.15540886,76.7977,-44.374115,0.0,0.0,0.0,0.0,0.0,0.0,0.0,0.0,-0.6561775,0.0,0.0,nan,0.0,0.0,-0.023869514,0.0,0.0,0.0,0.0,0.0,0.0,0.0,0.0,0.0
96669344,96568815,6.4011507,-3.157103,-0.15797755,80.02426,-46.05603,0.0,0.0,0.0,0.0,0.0,0.0,0.0,0.0,-0.7591667,0.0,0.0,nan,0.0,0.0,-0.007955313,0.0,0.0,0.0,0.0,0.0,0.0,0.0,0.0,0.0
97168970,97068378,6.3691373,-3.3163664,-0.17897855,83.2168,-47.698334,0.0,0.0,0.0,0.0,0.0,0.0,0.0,0.0,-0.7888603,0.0,0.0,nan,0.0,0.0,0.0020692348,0.0,0.0,0.0,0.0,0.0,0.0,0.0,0.0,0.0
97668482,97567942,6.379415,-3.5122302,-0.1020308,86.40808,-49.43042,0.0,0.0,0.0,0.0,0.0,0.0,0.0,0.0,-0.99323463,0.0,0.0,nan,0.0,0.0,-0.0019669533,0.0,0.0,0.0,0.0,0.0,0.0,0.0,0.0,0.0
98168536,98067506,6.3621006,-3.498805,-0.123394705,89.59924,-51.167053,0.0,0.0,0.0,0.0,0.0,0.0,0.0,0.0,-0.83433723,0.0,0.0,nan,0.0,0.0,-0.011586428,0.0,0.0,0.0,0.0,0.0,0.0,0.0,0.0,0.0
98667785,98567070,6.4406877,-3.3235521,-0.15800601,1.8855591,-0.98973083,0.0,0.0,0.0,0.0,0.0,0.0,0.0,0.0,-0.95118904,0.0,0.0,nan,0.0,0.0,-0.012046099,0.0,0.0,0.0,0.0,0.0,0.0,0.0,0.0,0.0
99167581,99066634,6.4227757,-3.2503664,-0.16035846,4.3984985,-2.2623901,0.0,0.0,0.0,0.0,0.0,0.0,0.0,0.0,-1.0684624,0.0,0.0,nan,0.0,0.0,-0.0061643124,0.0,0.0,0.0,0.0,0.0,0.0,0.0,0.0,0.0
99666932,99566198,6.3680882,-3.2852716,-0.1972012,7.592987,-3.905075,0.0,0.0,0.0,0.0,0.0,0.0,0.0,0.0,-1.0997124,0.0,0.0,nan,0.0,0.0,0.0036242008,0.0,0.0,0.0,0.0,0.0,0.0,0.0,0.0,0.0
100166496,100065763,6.2309217,-3.5347054,-0.26440218,10.736969,-5.6444397,0.0,0.0,0.0,0.0,0.0,0.0,0.0,0.0,-1.3241329,0.0,0.0,nan,0.0,0.0,0.01296401,0.0,0.0,0.0,0.0,0.0,0.0,0.0,0.0,0.0
100666234,100565327,6.1454253,-3.5701025,-0.20143998,13.8280945,-7.4135437,0.0,0.0,0.0,0.0,0.0,0.0,0.0,0.0,-1.4725361,0.0,0.0,nan,0.0,0.0,0.009394884,0.0,0.0,0.0,0.0,0.0,0.0,0.0,0.0,0.0
101165572,101064892,6.16698,-3.5900471,-0.19791402,16.927612,-9.187378,0.0,0.0,0.0,0.0,0.0,0.0,0.0,0.0,-1.3801651,0.0,0.0,nan,0.0,0.0,0.013265848,0.0,0.0,0.0,0.0,0.0,0.0,0.0,0.0,0.0
101665157,101564456,6.2752275,-3.459771,-0.2472837,20.032104,-10.936432,0.0,0.0,0.0,0.0,0.0,0.0,0.0,0.0,-1.2851238,0.0,0.0,nan,0.0,0.0,-0.0017414093,0.0,0.0,0.0,0.0,0.0,0.0,0.0,0.0,0.0
102164913,102064020,6.264545,-3.5292013,-0.18463458,23.1557,-12.681412,0.0,0.0,0.0,0.0,0.0,0.0,0.0,0.0,-1.6065006,0.0,0.0,nan,0.0,0.0,0.009904385,0.0,0.0,0.0,0.0,0.0,0.0,0.0,0.0,0.0
102664830,102563585,6.257843,-3.528313,-0.14417174,26.2919,-14.42485,0.0,0.0,0.0,0.0,0.0,0.0,0.0,0.0,-1.5950947,0.0,0.0,nan,0.0,0.0,0.0136909485,0.0,0.0,0.0,0.0,0.0,0.0,0.0,0.0,0.0
103164414,103063149,6.2247844,-3.5500336,-0.21127073,29.405426,-16.193802,0.0,0.0,0.0,0.0,0.0,0.0,0.0,0.0,-2.0853882,0.0,0.0,nan,0.0,0.0,0.011358738,0.0,0.0,0.0,0.0,0.0,0.0,0.0,0.0,0.0
103664014,103562714,6.2371593,-3.6524937,-0.24104483,32.506683,-17.989975,0.0,0.0,0.0,0.0,0.0,0.0,0.0,0.0,-2.0726337,0.0,0.0,nan,0.0,0.0,0.007911682,0.0,0.0,0.0,0.0,0.0,0.0,0.0,0.0,0.0
104163385,104062278,6.2398515,-3.7141335,-0.1657114,35.609528,-19.828888,0.0,0.0,0.0,0.0,0.0,0.0,0.0,0.0,-1.8077431,0.0,0.0,nan,0.0,0.0,0.014680862,0.0,0.0,0.0,0.0,0.0,0.0,0.0,0.0,0.0
104672855,104571834,6.2054243,-3.7846968,-0.16834976,38.711395,-21.711365,0.0,0.0,0.0,0.0,0.0,0.0,0.0,0.0,-1.7100887,0.0,0.0,nan,0.0,0.0,0.004567623,0.0,0.0,0.0,0.0,0.0,0.0,0.0,0.0,0.0
105172813,105071399,6.19788,-3.8149562,-0.30447796,41.81476,-23.610046,0.0,0.0,0.0,0.0,0.0,0.0,0.0,0.0,-2.2801666,0.0,0.0,nan,0.0,0.0,0.00536561,0.0,0.0,0.0,0.0,0.0,0.0,0.0,0.0,0.0
105661679,105560972,6.2943263,-3.8288505,-0.23552467,44.93857,-25.511154,0.0,0.0,0.0,0.0,0.0,0.0,0.0,0.0,-2.3420048,0.0,0.0,nan,0.0,0.0,-0.004570484,0.0,0.0,0.0,0.0,0.0,0.0,0.0,0.0,0.0
106161295,106060543,6.314508,-3.7585695,-0.13035409,48.08557,-27.395905,0.0,0.0,0.0,0.0,0.0,0.0,0.0,0.0,-2.3361874,0.0,0.0,nan,0.0,0.0,-0.003998041,0.0,0.0,0.0,0.0,0.0,0.0,0.0,0.0,0.0
106670845,106570093,6.296153,-3.686551,-0.13163456,51.232056,-29.241974,0.0,0.0,0.0,0.0,0.0,0.0,0.0,0.0,-2.3794785,0.0,0.0,nan,0.0,0.0,-0.012629509,0.0,0.0,0.0,0.0,0.0,0.0,0.0,0.0,0.0
107170343,107069658,6.2640758,-3.6668272,-0.105879776,54.379456,-31.064575,0.0,0.0,0.0,0.0,0.0,0.0,0.0,0.0,-2.3474655,0.0,0.0,nan,0.0,0.0,-0.010603428,0.0,0.0,0.0,0.0,0.0,0.0,0.0,0.0,0.0
107669885,107569222,6.2724247,-3.6203818,-0.16023622,57.526764,-32.87494,0.0,0.0,0.0,0.0,0.0,0.0,0.0,0.0,-2.3618183,0.0,0.0,nan,0.0,0.0,-0.0052826405,0.0,0.0,0.0,0.0,0.0,0.0,0.0,0.0,0.0
108169473,108068786,6.2476153,-3.6903818,-0.18280278,60.6503,-34.70845,0.0,0.0,0.0,0.0,0.0,0.0,0.0,0.0,-2.62319,0.0,0.0,nan,0.0,0.0,0.0021681786,0.0,0.0,0.0,0.0,0.0,0.0,0.0,0.0,0.0
108669308,108568351,6.295004,-3.6695113,-0.21716094,63.773926,-36.547546,0.0,0.0,0.0,0.0,0.0,0.0,0.0,0.0,-2.5813217,0.0,0.0,nan,0.0,0.0,-0.006481409,0.0,0.0,0.0,0.0,0.0,0.0,0.0,0.0,0.0
109168678,109067918,6.3561463,-3.5603054,-0.23668249,66.94403,-38.37729,0.0,0.0,0.0,0.0,0.0,0.0,0.0,0.0,-2.7283344,0.0,0.0,nan,0.0,0.0,-0.013040781,0.0,0.0,0.0,0.0,0.0,0.0,0.0,0.0,0.0
109668212,109567481,6.463303,-3.4425328,-0.20065236,70.14462,-40.15045,0.0,0.0,0.0,0.0,0.0,0.0,0.0,0.0,-2.8810024,0.0,0.0,nan,0.0,0.0,-0.015845776,0.0,0.0,0.0,0.0,0.0,0.0,0.0,0.0,0.0
110167770,110067045,6.551593,-3.3498352,-0.16168997,73.40439,-41.84027,0.0,0.0,0.0,0.0,0.0,0.0,0.0,0.0,-2.4620705,0.0,0.0,nan,0.0,0.0,-0.011799574,0.0,0.0,0.0,0.0,0.0,0.0,0.0,0.0,0.0
110667365,110566610,6.5179086,-3.3921072,-0.17547208,76.672516,-43.53267,0.0,0.0,0.0,0.0,0.0,0.0,0.0,0.0,-3.362732,0.0,0.0,nan,0.0,0.0,-0.0046629906,0.0,0.0,0.0,0.0,0.0,0.0,0.0,0.0,0.0
111166924,111066175,6.4726067,-3.4447153,-0.15726812,79.920166,-45.257294,0.0,0.0,0.0,0.0,0.0,0.0,0.0,0.0,-2.8452435,0.0,0.0,nan,0.0,0.0,0.0017161369,0.0,0.0,0.0,0.0,0.0,0.0,0.0,0.0,0.0
111666497,111565740,6.363753,-3.563699,-0.14702226,83.12161,-47.019806,0.0,0.0,0.0,0.0,0.0,0.0,0.0,0.0,-3.4108791,0.0,0.0,nan,0.0,0.0,0.0057969093,0.0,0.0,0.0,0.0,0.0,0.0,0.0,0.0,0.0
112166179,112065304,6.380527,-3.5513973,-0.19863363,86.302,-48.789093,0.0,0.0,0.0,0.0,0.0,0.0,0.0,0.0,-3.14122,0.0,0.0,nan,0.0,0.0,0.004153013,0.0,0.0,0.0,0.0,0.0,0.0,0.0,0.0,0.0
112665560,112564869,6.3445306,-3.6035962,-0.1105131,89.492584,-50.577103,0.0,0.0,0.0,0.0,0.0,0.0,0.0,0.0,-3.0420094,0.0,0.0,nan,0.0,0.0,0.002006054,0.0,0.0,0.0,0.0,0.0,0.0,0.0,0.0,0.0
113165049,113064434,6.35867,-3.565722,-0.21061978,1.3697815,-0.7631836,0.0,0.0,0.0,0.0,0.0,0.0,0.0,0.0,-3.1890564,0.0,0.0,nan,0.0,0.0,-0.00050640106,0.0,0.0,0.0,0.0,0.0,0.0,0.0,0.0,0.0
113664539,113563999,6.400162,-3.5541744,-0.19645452,3.580536,-1.986206,0.0,0.0,0.0,0.0,0.0,0.0,0.0,0.0,-3.3364124,0.0,0.0,nan,0.0,0.0,-0.0049040318,0.0,0.0,0.0,0.0,0.0,0.0,0.0,0.0,0.0
114164165,114063564,6.4502954,-3.5241199,-0.16845939,6.8061523,-3.7530823,0.0,0.0,0.0,0.0,0.0,0.0,0.0,0.0,-3.5686817,0.0,0.0,nan,0.0,0.0,0.0035367012,0.0,0.0,0.0,0.0,0.0,0.0,0.0,0.0,0.0
114663807,114563129,6.409919,-3.5991,-0.1741252,10.019104,-5.534088,0.0,0.0,0.0,0.0,0.0,0.0,0.0,0.0,-3.5213566,0.0,0.0,nan,0.0,0.0,0.0039520264,0.0,0.0,0.0,0.0,0.0,0.0,0.0,0.0,0.0
115163372,115062694,6.435598,-3.660717,-0.17959069,13.232544,-7.3383484,0.0,0.0,0.0,0.0,0.0,0.0,0.0,0.0,-3.6709003,0.0,0.0,nan,0.0,0.0,0.002660513,0.0,0.0,0.0,0.0,0.0,0.0,0.0,0.0,0.0
115673021,115572250,6.4645715,-3.6322896,-0.10124272,16.446014,-9.151245,0.0,0.0,0.0,0.0,0.0,0.0,0.0,0.0,-3.5107708,0.0,0.0,nan,0.0,0.0,0.00014328957,0.0,0.0,0.0,0.0,0.0,0.0,0.0,0.0,0.0
116162703,116061824,6.4744596,-3.52378,-0.16313729,19.681183,-10.940857,0.0,0.0,0.0,0.0,0.0,0.0,0.0,0.0,-3.561243,0.0,0.0,nan,0.0,0.0,-0.007094145,0.0,0.0,0.0,0.0,0.0,0.0,0.0,0.0,0.0
116662076,116561389,6.5199404,-3.3792832,-0.098161295,22.948547,-12.654816,0.0,0.0,0.0,0.0,0.0,0.0,0.0,0.0,-3.606554,0.0,0.0,nan,0.0,0.0,-0.013541937,0.0,0.0,0.0,0.0,0.0,0.0,0.0,0.0,0.0
117161641,117060954,6.566856,-3.3065891,-0.14769222,26.230164,-14.299072,0.0,0.0,0.0,0.0,0.0,0.0,0.0,0.0,-3.6616611,0.0,0.0,nan,0.0,0.0,-0.009347677,0.0,0.0,0.0,0.0,0.0,0.0,0.0,0.0,0.0
117671310,117570511,6.5176415,-3.3366024,-0.15156421,29.51297,-15.968811,0.0,0.0,0.0,0.0,0.0,0.0,0.0,0.0,-3.6607533,0.0,0.0,nan,0.0,0.0,0.008150339,0.0,0.0,0.0,0.0,0.0,0.0,0.0,0.0,0.0
118170836,118070076,6.388155,-3.4797637,-0.17565085,32.735443,-17.699707,0.0,0.0,0.0,0.0,0.0,0.0,0.0,0.0,-3.927208,0.0,0.0,nan,0.0,0.0,0.012578249,0.0,0.0,0.0,0.0,0.0,0.0,0.0,0.0,0.0
118670323,118569641,6.351772,-3.5208726,-0.20806526,35.937744,-19.434692,0.0,0.0,0.0,0.0,0.0,0.0,0.0,0.0,-3.7971592,0.0,0.0,nan,0.0,0.0,0.00897789,0.0,0.0,0.0,0.0,0.0,0.0,0.0,0.0,0.0
119169943,119069206,6.3165526,-3.5630598,-0.21694596,39.12616,-21.212189,0.0,0.0,0.0,0.0,0.0,0.0,0.0,0.0,-3.955286,0.0,0.0,nan,0.0,0.0,0.010305405,0.0,0.0,0.0,0.0,0.0,0.0,0.0,0.0,0.0
119669968,119568772,6.3689766,-3.5104163,-0.10117879,42.308777,-22.965118,0.0,0.0,0.0,0.0,0.0,0.0,0.0,0.0,-3.9916096,0.0,0.0,nan,0.0,0.0,7.247925e-05,0.0,0.0,0.0,0.0,0.0,0.0,0.0,0.0,0.0
120169019,120068337,6.277464,-3.4616556,-0.12384537,45.466125,-24.701477,0.0,0.0,0.0,0.0,0.0,0.0,0.0,0.0,-3.7315044,0.0,0.0,nan,0.0,0.0,0.0036780834,0.0,0.0,0.0,0.0,0.0,0.0,0.0,0.0,0.0
120668750,120567902,6.2711725,-3.3709836,-0.19017999,48.62552,-26.38971,0.0,0.0,0.0,0.0,0.0,0.0,0.0,0.0,-4.128149,0.0,0.0,nan,0.0,0.0,-0.004339695,0.0,0.0,0.0,0.0,0.0,0.0,0.0,0.0,0.0
121168191,121067467,6.2615767,-3.1555352,-0.14622062,51.772186,-27.997711,0.0,0.0,0.0,0.0,0.0,0.0,0.0,0.0,-3.8569927,0.0,0.0,nan,0.0,0.0,-0.0073845387,0.0,0.0,0.0,0.0,0.0,0.0,0.0,0.0,0.0
121667683,121567033,6.2575207,-3.1160471,-0.13645528,54.918396,-29.559845,0.0,0.0,0.0,0.0,0.0,0.0,0.0,0.0,-4.0028763,0.0,0.0,nan,0.0,0.0,0.0066051483,0.0,0.0,0.0,0.0,0.0,0.0,0.0,0.0,0.0
122167349,122066598,6.180591,-3.214571,-0.104876496,58.053925,-31.13144,0.0,0.0,0.0,0.0,0.0,0.0,0.0,0.0,-3.9793339,0.0,0.0,nan,0.0,0.0,0.015721321,0.0,0.0,0.0,0.0,0.0,0.0,0.0,0.0,0.0
122667054,122566163,6.059507,-3.3208532,-0.08335286,61.12384,-32.742554,0.0,0.0,0.0,0.0,0.0,0.0,0.0,0.0,-4.205389,0.0,0.0,nan,0.0,0.0,0.0249784,0.0,0.0,0.0,0.0,0.0,0.0,0.0,0.0,0.0
123166393,123065729,5.9408035,-3.3355095,-0.06223491,64.114746,-34.39911,0.0,0.0,0.0,0.0,0.0,0.0,0.0,0.0,-4.09898,0.0,0.0,nan,0.0,0.0,0.013566017,0.0,0.0,0.0,0.0,0.0,0.0,0.0,0.0,0.0
123666022,123565294,5.8374815,-3.2839227,-0.17070602,67.083466,-36.05655,0.0,0.0,0.0,0.0,0.0,0.0,0.0,0.0,-3.991043,0.0,0.0,nan,0.0,0.0,0.015305281,0.0,0.0,0.0,0.0,0.0,0.0,0.0,0.0,0.0
124166156,124064860,5.7753134,-3.2525022,-0.118613906,70.01898,-37.69577,0.0,0.0,0.0,0.0,0.0,0.0,0.0,0.0,-4.4698467,0.0,0.0,nan,0.0,0.0,0.0068364143,0.0,0.0,0.0,0.0,0.0,0.0,0.0,0.0,0.0
124665118,124564425,5.7339387,-3.1936266,-0.12297538,72.91913,-39.302734,0.0,0.0,0.0,0.0,0.0,0.0,0.0,0.0,-4.3307247,0.0,0.0,nan,0.0,0.0,0.0017328262,0.0,0.0,0.0,0.0,0.0,0.0,0.0,0.0,0.0
125164645,125063991,5.6449823,-3.159638,-0.17832252,75.78592,-40.901337,0.0,0.0,0.0,0.0,0.0,0.0,0.0,0.0,-4.510006,0.0,0.0,nan,0.0,0.0,0.0124127865,0.0,0.0,0.0,0.0,0.0,0.0,0.0,0.0,0.0
125664225,125563556,5.5526114,-3.1284454,-0.12314132,78.569855,-42.476013,0.0,0.0,0.0,0.0,0.0,0.0,0.0,0.0,-4.5740623,0.0,0.0,nan,0.0,0.0,0.010263205,0.0,0.0,0.0,0.0,0.0,0.0,0.0,0.0,0.0
126163828,126063122,5.556067,-3.1717982,-0.1588557,81.35239,-44.060944,0.0,0.0,0.0,0.0,0.0,0.0,0.0,0.0,-4.37451,0.0,0.0,nan,0.0,0.0,0.011320353,0.0,0.0,0.0,0.0,0.0,0.0,0.0,0.0,0.0
126663372,126562688,5.4487095,-3.1175802,-0.14888257,84.122925,-45.635803,0.0,0.0,0.0,0.0,0.0,0.0,0.0,0.0,-4.1942005,0.0,0.0,nan,0.0,0.0,0.014874697,0.0,0.0,0.0,0.0,0.0,0.0,0.0,0.0,0.0
127162941,127062253,5.3837905,-3.1123753,-0.07775179,86.845276,-47.188385,0.0,0.0,0.0,0.0,0.0,0.0,0.0,0.0,-4.699522,0.0,0.0,nan,0.0,0.0,0.019359827,0.0,0.0,0.0,0.0,0.0,0.0,0.0,0.0,0.0
127662656,127561819,0.019946575,-0.028743029,-0.059534125,0.038879395,-0.01626587,0.0,0.0,0.0,0.0,0.0,0.0,0.0,0.0,-4.1777077,0.0,0.0,nan,0.0,0.0,0.010427952,0.0,0.0,0.0,0.0,0.0,0.0,0.0,0.0,0.0
128172087,128071501,-0.09355116,0.005600214,0.044287935,0.015258789,-0.0017700195,0.0,0.0,0.0,0.0,0.0,0.0,0.0,0.0,-4.1326694,0.0,0.0,nan,0.0,0.0,0.013788462,0.0,0.0,0.0,0.0,0.0,0.0,0.0,0.0,0.0
128671931,128571067,-0.17964888,0.036073208,0.06646162,-0.05029297,0.033355713,0.0,0.0,0.0,0.0,0.0,0.0,0.0,0.0,-4.146019,0.0,0.0,nan,0.0,0.0,0.010689735,0.0,0.0,0.0,0.0,0.0,0.0,0.0,0.0,0.0
129171407,129070637,-0.1263156,0.025516748,0.1612957,-0.047668457,0.02557373,0.0,0.0,0.0,0.0,0.0,0.0,0.0,0.0,-4.07362,0.0,0.0,nan,0.0,0.0,0.0094053745,0.0,0.0,0.0,0.0,0.0,0.0,0.0,0.0,0.0
129671012,129570198,-0.14375639,0.027309418,0.24241596,-0.072021484,0.02670288,0.0,0.0,0.0,0.0,0.0,0.0,0.0,0.0,-3.537197,0.0,0.0,nan,0.0,0.0,0.010271311,0.0,0.0,0.0,0.0,0.0,0.0,0.0,0.0,0.0
130170521,130069764,-0.117162704,0.021862745,0.23239723,-0.07659912,0.03286743,0.0,0.0,0.0,0.0,0.0,0.0,0.0,0.0,-2.8524685,0.0,0.0,nan,0.0,0.0,0.023187876,0.0,0.0,0.0,0.0,0.0,0.0,0.0,0.0,0.0
130670163,130569329,-0.15213203,0.014502764,0.25092542,-0.08166504,0.03427124,0.0,0.0,0.0,0.0,0.0,0.0,0.0,0.0,-3.0612068,0.0,0.0,nan,0.0,0.0,0.019321203,0.0,0.0,0.0,0.0,0.0,0.0,0.0,0.0,0.0
131169428,131068895,-0.11722517,0.033998966,0.2842538,-0.07922363,0.035339355,0.0,0.0,0.0,0.0,0.0,0.0,0.0,0.0,-3.3352966,0.0,0.0,nan,0.0,0.0,0.022788286,0.0,0.0,0.0,0.0,0.0,0.0,0.0,0.0,0.0
131669021,131568461,-0.123416424,0.011167765,0.3336501,-0.08416748,0.03677368,0.0,0.0,0.0,0.0,0.0,0.0,0.0,0.0,-3.1842995,0.0,0.0,nan,0.0,0.0,0.01707983,0.0,0.0,0.0,0.0,0.0,0.0,0.0,0.0,0.0
132168584,132068027,-0.09251976,0.018806934,0.30427116,-0.07702637,0.034729004,0.0,0.0,0.0,0.0,0.0,0.0,0.0,0.0,-2.6998062,0.0,0.0,nan,0.0,0.0,0.022278309,0.0,0.0,0.0,0.0,0.0,0.0,0.0,0.0,0.0
132668275,132567718,-0.08126783,-0.0048503876,0.27565125,-0.058410645,0.038269043,0.0,0.0,0.0,0.0,0.0,0.0,0.0,0.0,-2.4710884,0.0,0.0,nan,0.0,0.0,0.025310993,0.0,0.0,0.0,0.0,0.0,0.0,0.0,0.0,0.0
133168385,133067284,-0.029635906,0.013188124,0.28073093,-0.054504395,0.03933716,0.0,0.0,0.0,0.0,0.0,0.0,0.0,0.0,-2.010746,0.0,0.0,nan,0.0,0.0,0.02661705,0.0,0.0,0.0,0.0,0.0,0.0,0.0,0.0,0.0
133667522,133566849,-0.047346115,-0.04526806,0.32022384,-0.043701172,0.03982544,0.0,0.0,0.0,0.0,0.0,0.0,0.0,0.0,-1.9982853,0.0,0.0,nan,0.0,0.0,0.025882483,0.0,0.0,0.0,0.0,0.0,0.0,0.0,0.0,0.0
134167021,134066415,-0.03698039,-0.011484623,0.33150128,-0.041992188,0.03656006,0.0,0.0,0.0,0.0,0.0,0.0,0.0,0.0,-1.4017506,0.0,0.0,nan,0.0,0.0,0.02545476,0.0,0.0,0.0,0.0,0.0,0.0,0.0,0.0,0.0
134666516,134565981,-0.03434372,-0.00019574165,0.2618835,-0.02734375,0.034973145,0.0,0.0,0.0,0.0,0.0,0.0,0.0,0.0,-1.5003319,0.0,0.0,nan,0.0,0.0,0.026378155,0.0,0.0,0.0,0.0,0.0,0.0,0.0,0.0,0.0
135166126,135065547,0.016373634,-0.020142078,0.28409845,-0.022888184,0.038360596,0.0,0.0,0.0,0.0,0.0,0.0,0.0,0.0,-1.211525,0.0,0.0,nan,0.0,0.0,0.02702117,0.0,0.0,0.0,0.0,0.0,0.0,0.0,0.0,0.0
135665652,135565113,0.025457144,-0.0023485422,0.18114051,-0.018615723,0.03289795,0.0,0.0,0.0,0.0,0.0,0.0,0.0,0.0,-1.2948093,0.0,0.0,nan,0.0,0.0,0.022516012,0.0,0.0,0.0,0.0,0.0,0.0,0.0,0.0,0.0
136165216,136064679,0.0098769665,-0.00039744377,0.17835905,-0.0146484375,0.03717041,0.0,0.0,0.0,0.0,0.0,0.0,0.0,0.0,-1.0263958,0.0,0.0,nan,0.0,0.0,0.01114893,0.0,0.0,0.0,0.0,0.0,0.0,0.0,0.0,0.0
136664780,136564245,0.055482864,-0.029520988,0.21389438,-0.005432129,0.03579712,0.0,0.0,0.0,0.0,0.0,0.0,0.0,0.0,-0.899765,0.0,0.0,nan,0.0,0.0,0.01734972,0.0,0.0,0.0,0.0,0.0,0.0,0.0,0.0,0.0
137164353,137063811,0.052714825,-0.05048859,0.22483496,-0.03289795,0.042541504,0.0,0.0,0.0,0.0,0.0,0.0,0.0,0.0,-0.8294163,0.0,0.0,nan,0.0,0.0,0.014121532,0.0,0.0,0.0,0.0,0.0,0.0,0.0,0.0,0.0
137663921,137563377,-0.0030226707,0.024826884,0.15061307,0.0026245117,0.024627686,0.0,0.0,0.0,0.0,0.0,0.0,0.0,0.0,-0.8129406,0.0,0.0,nan,0.0,0.0,0.013090372,0.0,0.0,0.0,0.0,0.0,0.0,0.0,0.0,0.0
138163538,138062943,0.03867054,-0.07510114,0.14943524,0.011413574,0.012145996,0.0,0.0,0.0,0.0,0.0,0.0,0.0,0.0,-0.7583389,0.0,0.0,nan,0.0,0.0,0.011974335,0.0,0.0,0.0,0.0,0.0,0.0,0.0,0.0,0.0
138663112,138562509,0.0789721,0.05860865,0.028785251,0.020019531,0.018371582,0.0,0.0,0.0,0.0,0.0,0.0,0.0,0.0,-0.85341835,0.0,0.0,nan,0.0,0.0,0.015178204,0.0,0.0,0.0,0.0,0.0,0.0,0.0,0.0,0.0
139162634,139062075,0.06979418,-0.0572834,-0.0308429,0.028320312,0.010040283,0.0,0.0,0.0,0.0,0.0,0.0,0.0,0.0,-0.48979568,0.0,0.0,nan,0.0,0.0,0.023941755,0.0,0.0,0.0,0.0,0.0,0.0,0.0,0.0,0.0
139672241,139571633,0.041625023,-0.03767538,0.08567081,0.0031738281,0.0335083,0.0,0.0,0.0,0.0,0.0,0.0,0.0,0.0,-0.5574646,0.0,0.0,nan,0.0,0.0,0.018507242,0.0,0.0,0.0,0.0,0.0,0.0,0.0,0.0,0.0
140171787,140071199,0.057579517,-0.037386656,0.032995842,0.006591797,0.027282715,0.0,0.0,0.0,0.0,0.0,0.0,0.0,0.0,-0.40034103,0.0,0.0,nan,0.0,0.0,0.022465467,0.0,0.0,0.0,0.0,0.0,0.0,0.0,0.0,0.0
140661316,140560774,0.06753063,-0.012492061,0.053515848,0.032836914,0.022766113,0.0,0.0,0.0,0.0,0.0,0.0,0.0,0.0,-0.60375214,0.0,0.0,nan,0.0,0.0,0.020494461,0.0,0.0,0.0,0.0,0.0,0.0,0.0,0.0,0.0
141170891,141070331,0.04211521,-0.049413204,-0.011918234,0.0095825195,0.031707764,0.0,0.0,0.0,0.0,0.0,0.0,0.0,0.0,-0.48875046,0.0,0.0,nan,0.0,0.0,0.026629686,0.0,0.0,0.0,0.0,0.0,0.0,0.0,0.0,0.0
141670595,141569897,0.028956413,-0.07445514,0.015441101,0.018005371,0.022613525,0.0,0.0,0.0,0.0,0.0,0.0,0.0,0.0,-0.20775986,0.0,0.0,nan,0.0,0.0,0.024966955,0.0,0.0,0.0,0.0,0.0,0.0,0.0,0.0,0.0
142170209,142069464,0.017599583,0.024606109,-0.007821677,0.012756348,0.025482178,0.0,0.0,0.0,0.0,0.0,0.0,0.0,0.0,-0.42282867,0.0,0.0,nan,0.0,0.0,0.026332617,0.0,0.0,0.0,0.0,0.0,0.0,0.0,0.0,0.0
142669561,142569030,0.026840448,-0.046348453,-0.006724512,0.012145996,0.019073486,0.0,0.0,0.0,0.0,0.0,0.0,0.0,0.0,-0.06529617,0.0,0.0,nan,0.0,0.0,0.02516532,0.0,0.0,0.0,0.0,0.0,0.0,0.0,0.0,0.0
143169178,143068596,0.04792857,-0.05150962,-0.0009700544,0.00982666,0.016357422,0.0,0.0,0.0,0.0,0.0,0.0,0.0,0.0,-0.032073975,0.0,0.0,nan,0.0,0.0,0.028405905,0.0,0.0,0.0,0.0,0.0,0.0,0.0,0.0,0.0
143668897,143568287,0.041531086,-0.07442367,-0.03343469,0.0063476562,0.009765625,0.0,0.0,0.0,0.0,0.0,0.0,0.0,0.0,0.31635857,0.0,0.0,nan,0.0,0.0,0.027876854,0.0,0.0,0.0,0.0,0.0,0.0,0.0,0.0,0.0
144168574,144067728,-0.020186663,-0.02298975,-0.0071835825,0.0020141602,0.012756348,0.0,0.0,0.0,0.0,0.0,0.0,0.0,0.0,0.24870682,0.0,0.0,nan,0.0,0.0,0.024328232,0.0,0.0,0.0,0.0,0.0,0.0,0.0,0.0,0.0
144668000,144567420,0.03619218,-0.017065763,-0.0106939925,0.0040283203,0.0119018555,0.0,0.0,0.0,0.0,0.0,0.0,0.0,0.0,-0.15898705,0.0,0.0,nan,0.0,0.0,0.029953241,0.0,0.0,0.0,0.0,0.0,0.0,0.0,0.0,0.0
145167617,145066986,0.010047913,-0.026237011,-0.013807613,-0.0004272461,0.020111084,0.0,0.0,0.0,0.0,0.0,0.0,0.0,0.0,-0.11640167,0.0,0.0,nan,0.0,0.0,0.030057669,0.0,0.0,0.0,0.0,0.0,0.0,0.0,0.0,0.0
145667383,145566677,0.033809662,-0.02678752,-0.009250386,0.008300781,0.022735596,0.0,0.0,0.0,0.0,0.0,0.0,0.0,0.0,-0.05968094,0.0,0.0,nan,0.0,0.0,0.022942066,0.0,0.0,0.0,0.0,0.0,0.0,0.0,0.0,0.0
146166936,146066244,0.0011878014,-0.03555292,0.019218316,0.022521973,0.03189087,0.0,0.0,0.0,0.0,0.0,0.0,0.0,0.0,0.029354095,0.0,0.0,nan,0.0,0.0,0.020934105,0.0,0.0,0.0,0.0,0.0,0.0,0.0,0.0,0.0
146666372,146565810,0.057177186,-0.041781425,0.004513707,0.030883789,0.036071777,0.0,0.0,0.0,0.0,0.0,0.0,0.0,0.0,-0.07952881,0.0,0.0,nan,0.0,0.0,0.019468307,0.0,0.0,0.0,0.0,0.0,0.0,0.0,0.0,0.0
147165932,147065376,0.046738505,-0.07499027,0.016316904,0.034240723,0.03857422,0.0,0.0,0.0,0.0,0.0,0.0,0.0,0.0,-0.039871216,0.0,0.0,nan,0.0,0.0,0.0171237,0.0,0.0,0.0,0.0,0.0,0.0,0.0,0.0,0.0
147665505,147564943,0.022763848,-0.058008194,-0.017263964,0.031555176,0.032592773,0.0,0.0,0.0,0.0,0.0,0.0,0.0,0.0,-0.14336014,0.0,0.0,nan,0.0,0.0,0.018428087,0.0,0.0,0.0,0.0,0.0,0.0,0.0,0.0,0.0
148165108,148064509,0.04278028,-0.06468427,0.04687691,0.03314209,0.033355713,0.0,0.0,0.0,0.0,0.0,0.0,0.0,0.0,-0.16577911,0.0,0.0,nan,0.0,0.0,0.012385368,0.0,0.0,0.0,0.0,0.0,0.0,0.0,0.0,0.0
148664691,148564076,-0.024378419,-0.026009977,-0.0577697,0.032165527,0.029724121,0.0,0.0,0.0,0.0,0.0,0.0,0.0,0.0,-0.17191696,0.0,0.0,nan,0.0,0.0,0.0155489445,0.0,0.0,0.0,0.0,0.0,0.0,0.0,0.0,0.0
149164272,149063642,0.07201874,-0.04225886,-0.030021703,0.046447754,0.023498535,0.0,0.0,0.0,0.0,0.0,0.0,0.0,0.0,0.19346428,0.0,0.0,nan,0.0,0.0,0.020136833,0.0,0.0,0.0,0.0,0.0,0.0,0.0,0.0,0.0
149663862,149563208,-0.020062804,-0.044180572,-0.023865078,0.030456543,0.023620605,0.0,0.0,0.0,0.0,0.0,0.0,0.0,0.0,-0.5593357,0.0,0.0,nan,0.0,0.0,0.02111125,0.0,0.0,0.0,0.0,0.0,0.0,0.0,0.0,0.0
150163311,150062775,0.0025171041,-0.024272978,-0.06419005,0.038330078,0.01663208,0.0,0.0,0.0,0.0,0.0,0.0,0.0,0.0,-0.057186127,0.0,0.0,nan,0.0,0.0,0.017245054,0.0,0.0,0.0,0.0,0.0,0.0,0.0,0.0,0.0
150672882,150572333,0.029061675,-0.073953986,-0.0013248809,0.026245117,0.015136719,0.0,0.0,0.0,0.0,0.0,0.0,0.0,0.0,-0.29963112,0.0,0.0,nan,0.0,0.0,0.01392746,0.0,0.0,0.0,0.0,0.0,0.0,0.0,0.0,0.0
151162497,151061908,-0.017967224,-0.02047813,-0.08377392,0.024841309,0.010467529,0.0,0.0,0.0,0.0,0.0,0.0,0.0,0.0,0.042455673,0.0,0.0,nan,0.0,0.0,0.015068769,0.0,0.0,0.0,0.0,0.0,0.0,0.0,0.0,0.0
151662020,151561475,0.0058487654,-0.024060845,0.005352352,0.013671875,0.005340576,0.0,0.0,0.0,0.0,0.0,0.0,0.0,0.0,0.21723557,0.0,0.0,nan,0.0,0.0,0.013972282,0.0,0.0,0.0,0.0,0.0,0.0,0.0,0.0,0.0
152161583,152061041,-0.003942132,-0.06539065,0.028422918,-0.00982666,0.0027770996,0.0,0.0,0.0,0.0,0.0,0.0,0.0,0.0,-0.11074829,0.0,0.0,nan,0.0,0.0,0.016097546,0.0,0.0,0.0,0.0,0.0,0.0,0.0,0.0,0.0
152671198,152570605,-0.015437365,-0.04577011,-0.023547912,-0.010070801,-0.0036621094,0.0,0.0,0.0,0.0,0.0,0.0,0.0,0.0,-0.09820938,0.0,0.0,nan,0.0,0.0,0.013278723,0.0,0.0,0.0,0.0,0.0,0.0,0.0,0.0,0.0
153170720,153070166,0.05833459,-0.04809159,-0.046052456,-0.0076904297,-0.009399414,0.0,0.0,0.0,0.0,0.0,0.0,0.0,0.0,0.06420517,0.0,0.0,nan,0.0,0.0,0.009902239,0.0,0.0,0.0,0.0,0.0,0.0,0.0,0.0,0.0
153670337,153569733,0.027957797,-0.03908664,0.032364182,-0.009460449,-0.009277344,0.0,0.0,0.0,0.0,0.0,0.0,0.0,0.0,-0.36392975,0.0,0.0,nan,0.0,0.0,0.0058948994,0.0,0.0,0.0,0.0,0.0,0.0,0.0,0.0,0.0
154169956,154069299,-0.019334197,0.005138278,-0.06064271,-0.012573242,-0.010437012,0.0,0.0,0.0,0.0,0.0,0.0,0.0,0.0,0.043304443,0.0,0.0,nan,0.0,0.0,0.0068366528,0.0,0.0,0.0,0.0,0.0,0.0,0.0,0.0,0.0
154669878,154568866,0.03764814,0.007208824,-0.032532513,-0.0015869141,-0.0022583008,0.0,0.0,0.0,0.0,0.0,0.0,0.0,0.0,0.04834366,0.0,0.0,nan,0.0,0.0,0.012181759,0.0,0.0,0.0,0.0,0.0,0.0,0.0,0.0,0.0
155169184,155068432,0.05359137,-0.027339399,0.018450959,0.010437012,0.003753662,0.0,0.0,0.0,0.0,0.0,0.0,0.0,0.0,-0.022315979,0.0,0.0,nan,0.0,0.0,-0.00067043304,0.0,0.0,0.0,0.0,0.0,0.0,0.0,0.0,0.0
155668874,155567999,0.7100104,-0.37301463,0.014511608,0.8120117,-0.41549683,0.0,0.0,0.0,0.0,0.0,0.0,0.0,0.0,0.142622,0.0,0.0,nan,0.0,0.0,0.016890049,0.0,0.0,0.0,0.0,0.0,0.0,0.0,0.0,0.0
156168369,156067566,0.58152914,-0.30152512,0.004488123,1.0825195,-0.5184021,0.0,0.0,0.0,0.0,0.0,0.0,0.0,0.0,0.052850723,0.0,0.0,nan,0.0,0.0,0.009783983,0.0,0.0,0.0,0.0,0.0,0.0,0.0,0.0,0.0
156668027,156567134,0.5218376,-0.25126868,-0.022709219,1.2752686,-0.5744934,0.0,0.0,0.0,0.0,0.0,0.0,0.0,0.0,-0.002029419,0.0,0.0,nan,0.0,0.0,0.014204979,0.0,0.0,0.0,0.0,0.0,0.0,0.0,0.0,0.0
157167761,157066699,0.42392206,-0.18915272,0.0011062755,1.3977051,-0.61987305,0.0,0.0,0.0,0.0,0.0,0.0,0.0,0.0,0.05900383,0.0,0.0,nan,0.0,0.0,0.020326614,0.0,0.0,0.0,0.0,0.0,0.0,0.0,0.0,0.0
157667664,157566266,0.30183977,-0.14014947,-0.046431176,1.4537354,-0.61102295,0.0,0.0,0.0,0.0,0.0,0.0,0.0,0.0,-0.08088493,0.0,0.0,nan,0.0,0.0,0.018124819,0.0,0.0,0.0,0.0,0.0,0.0,0.0,0.0,0.0
158166969,158065833,0.20035931,-0.098977506,0.012612496,1.4815063,-0.5977478,0.0,0.0,0.0,0.0,0.0,0.0,0.0,0.0,0.0027046204,0.0,0.0,nan,0.0,0.0,0.02345395,0.0,0.0,0.0,0.0,0.0,0.0,0.0,0.0,0.0
158666429,158565400,0.17667201,-0.06888329,-0.005764181,1.4604492,-0.5685425,0.0,0.0,0.0,0.0,0.0,0.0,0.0,0.0,0.19021988,0.0,0.0,nan,0.0,0.0,0.019555092,0.0,0.0,0.0,0.0,0.0,0.0,0.0,0.0,0.0
159166470,159064967,0.09199709,-0.018186716,-0.057360113,1.4039307,-0.5332031,0.0,0.0,0.0,0.0,0.0,0.0,0.0,0.0,0.02078247,0.0,0.0,nan,0.0,0.0,0.018521309,0.0,0.0,0.0,0.0,0.0,0.0,0.0,0.0,0.0
159665099,159564534,-0.099454515,0.033975378,-0.036487374,1.3251953,-0.4828186,0.0,0.0,0.0,0.0,0.0,0.0,0.0,0.0,0.098171234,0.0,0.0,nan,0.0,0.0,0.022646189,0.0,0.0,0.0,0.0,0.0,0.0,0.0,0.0,0.0
160164661,160064101,-0.00984239,0.0062238337,-0.0021663005,1.2420044,-0.43493652,0.0,0.0,0.0,0.0,0.0,0.0,0.0,0.0,-0.15212059,0.0,0.0,nan,0.0,0.0,0.016283512,0.0,0.0,0.0,0.0,0.0,0.0,0.0,0.0,0.0
160664281,160563668,0.02408269,0.011158187,-0.029990448,1.1643677,-0.3904724,0.0,0.0,0.0,0.0,0.0,0.0,0.0,0.0,-0.073200226,0.0,0.0,nan,0.0,0.0,0.014760733,0.0,0.0,0.0,0.0,0.0,0.0,0.0,0.0,0.0
161163787,161063235,-0.030554462,-0.008385936,0.013229694,1.1092529,-0.35983276,0.0,0.0,0.0,0.0,0.0,0.0,0.0,0.0,-0.24039268,0.0,0.0,nan,0.0,0.0,0.008024931,0.0,0.0,0.0,0.0,0.0,0.0,0.0,0.0,0.0
161663401,161562802,0.022364963,-0.0017568353,0.01682314,1.0620728,-0.3239441,0.0,0.0,0.0,0.0,0.0,0.0,0.0,0.0,0.09370422,0.0,0.0,nan,0.0,0.0,0.008838892,0.0,0.0,0.0,0.0,0.0,0.0,0.0,0.0,0.0
162163221,162062369,-0.04020549,0.0067936126,-0.0014270293,1.0183716,-0.2982788,0.0,0.0,0.0,0.0,0.0,0.0,0.0,0.0,0.17982483,0.0,0.0,nan,0.0,0.0,0.009919643,0.0,0.0,0.0,0.0,0.0,0.0,0.0,0.0,0.0
162662533,162561936,-0.00636771,-0.00033400697,-0.024584211,0.96868896,-0.27523804,0.0,0.0,0.0,0.0,0.0,0.0,0.0,0.0,-0.07200432,0.0,0.0,nan,0.0,0.0,-0.0016365051,0.0,0.0,0.0,0.0,0.0,0.0,0.0,0.0,0.0
163162046,163061503,0.007733235,-0.009116431,0.054209605,0.9468994,-0.24526978,0.0,0.0,0.0,0.0,0.0,0.0,0.0,0.0,0.055625916,0.0,0.0,nan,0.0,0.0,0.0038359165,0.0,0.0,0.0,0.0,0.0,0.0,0.0,0.0,0.0
163671698,163571062,-0.025964808,-0.007934405,-0.0036433032,0.90527344,-0.22598267,0.0,0.0,0.0,0.0,0.0,0.0,0.0,0.0,0.2612133,0.0,0.0,nan,0.0,0.0,0.0038232803,0.0,0.0,0.0,0.0,0.0,0.0,0.0,0.0,0.0
164171179,164070629,-0.011360947,-0.008938193,0.0034401305,0.8781738,-0.20715332,0.0,0.0,0.0,0.0,0.0,0.0,0.0,0.0,0.06354904,0.0,0.0,nan,0.0,0.0,0.008960009,0.0,0.0,0.0,0.0,0.0,0.0,0.0,0.0,0.0
164670802,164570196,0.041652754,-0.00019145617,-0.02523007,0.84295654,-0.18164062,0.0,0.0,0.0,0.0,0.0,0.0,0.0,0.0,-0.087501526,0.0,0.0,nan,0.0,0.0,0.0038409233,0.0,0.0,0.0,0.0,0.0,0.0,0.0,0.0,0.0
165170336,165069763,0.007856766,0.0326382,0.021235546,0.8204346,-0.1569519,0.0,0.0,0.0,0.0,0.0,0.0,0.0,0.0,0.020771027,0.0,0.0,nan,0.0,0.0,0.0039052963,0.0,0.0,0.0,0.0,0.0,0.0,0.0,0.0,0.0
165669912,165569330,0.010187131,0.012702257,0.04746776,0.81134033,-0.13470459,0.0,0.0,0.0,0.0,0.0,0.0,0.0,0.0,0.0579319,0.0,0.0,nan,0.0,0.0,-0.0021333694,0.0,0.0,0.0,0.0,0.0,0.0,0.0,0.0,0.0
166169439,166068897,0.01763533,-0.016586749,-0.044942327,0.7930908,-0.11294556,0.0,0.0,0.0,0.0,0.0,0.0,0.0,0.0,-0.023000717,0.0,0.0,nan,0.0,0.0,0.0007534027,0.0,0.0,0.0,0.0,0.0,0.0,0.0,0.0,0.0
166669006,166568465,-0.014876322,0.024320254,0.02306422,0.77679443,-0.09979248,0.0,0.0,0.0,0.0,0.0,0.0,0.0,0.0,0.00573349,0.0,0.0,nan,0.0,0.0,0.007925987,0.0,0.0,0.0,0.0,0.0,0.0,0.0,0.0,0.0
167168634,167068032,-0.024689054,0.035036847,-0.032994673,0.7494507,-0.08828735,0.0,0.0,0.0,0.0,0.0,0.0,0.0,0.0,-0.19167137,0.0,0.0,nan,0.0,0.0,0.00259614,0.0,0.0,0.0,0.0,0.0,0.0,0.0,0.0,0.0
167668271,167567599,0.0020459392,0.021419253,-0.0025553864,0.72540283,-0.06756592,0.0,0.0,0.0,0.0,0.0,0.0,0.0,0.0,-0.058057785,0.0,0.0,nan,0.0,0.0,0.004359007,0.0,0.0,0.0,0.0,0.0,0.0,0.0,0.0,0.0
168167764,168067167,-0.0048522344,0.009317292,-0.048669983,0.713501,-0.06500244,0.0,0.0,0.0,0.0,0.0,0.0,0.0,0.0,-0.10756302,0.0,0.0,nan,0.0,0.0,0.0030214787,0.0,0.0,0.0,0.0,0.0,0.0,0.0,0.0,0.0
168667561,168566734,-0.041461207,0.019860897,-0.025014738,0.6916504,-0.045776367,0.0,0.0,0.0,0.0,0.0,0.0,0.0,0.0,-0.080905914,0.0,0.0,nan,0.0,0.0,0.0011925697,0.0,0.0,0.0,0.0,0.0,0.0,0.0,0.0,0.0
169166896,169066301,-0.020785326,-0.006264484,0.032379378,0.6821289,-0.035858154,0.0,0.0,0.0,0.0,0.0,0.0,0.0,0.0,0.003835678,0.0,0.0,nan,0.0,0.0,0.0009806156,0.0,0.0,0.0,0.0,0.0,0.0,0.0,0.0,0.0
169666411,169565868,-0.014616516,-0.002625829,0.008773807,0.66192627,-0.035186768,0.0,0.0,0.0,0.0,0.0,0.0,0.0,0.0,0.0014419556,0.0,0.0,nan,0.0,0.0,0.00274539,0.0,0.0,0.0,0.0,0.0,0.0,0.0,0.0,0.0
170166124,170065437,0.036046375,-0.0012900332,-0.00027545658,0.6433716,-0.040740967,0.0,0.0,0.0,0.0,0.0,0.0,0.0,0.0,-0.33518982,0.0,0.0,nan,0.0,0.0,-0.0027720928,0.0,0.0,0.0,0.0,0.0,0.0,0.0,0.0,0.0
170665596,170565003,-0.016702993,-0.004672231,0.04748238,0.626709,-0.040527344,0.0,0.0,0.0,0.0,0.0,0.0,0.0,0.0,-0.085344315,0.0,0.0,nan,0.0,0.0,0.00023770332,0.0,0.0,0.0,0.0,0.0,0.0,0.0,0.0,0.0
171165191,171064571,0.03315759,0.009932603,0.0047390778,0.6091919,-0.047698975,0.0,0.0,0.0,0.0,0.0,0.0,0.0,0.0,0.00035858154,0.0,0.0,nan,0.0,0.0,-0.007246256,0.0,0.0,0.0,0.0,0.0,0.0,0.0,0.0,0.0
171664911,171564263,-0.036193803,-0.002762453,-0.01804512,0.58203125,-0.05480957,0.0,0.0,0.0,0.0,0.0,0.0,0.0,0.0,-0.33555794,0.0,0.0,nan,0.0,0.0,-0.0020439625,0.0,0.0,0.0,0.0,0.0,0.0,0.0,0.0,0.0
172164600,172063830,0.027565472,0.001648899,0.020805238,0.56781006,-0.0619812,0.0,0.0,0.0,0.0,0.0,0.0,0.0,0.0,-0.0016231537,0.0,0.0,nan,0.0,0.0,0.0009074211,0.0,0.0,0.0,0.0,0.0,0.0,0.0,0.0,0.0
172664087,172563398,0.0037319565,-0.017098688,0.021680808,0.5423584,-0.0687561,0.0,0.0,0.0,0.0,0.0,0.0,0.0,0.0,0.0797081,0.0,0.0,nan,0.0,0.0,-0.0015347004,0.0,0.0,0.0,0.0,0.0,0.0,0.0,0.0,0.0
173163535,173062965,-0.009356298,-0.013128299,0.0029265715,0.5289917,-0.066986084,0.0,0.0,0.0,0.0,0.0,0.0,0.0,0.0,0.079870224,0.0,0.0,nan,0.0,0.0,-0.00087475777,0.0,0.0,0.0,0.0,0.0,0.0,0.0,0.0,0.0
173663111,173562533,-0.028370433,-0.0064315167,-0.028878137,0.51672363,-0.06488037,0.0,0.0,0.0,0.0,0.0,0.0,0.0,0.0,-0.032007217,0.0,0.0,nan,0.0,0.0,-0.00052046776,0.0,0.0,0.0,0.0,0.0,0.0,0.0,0.0,0.0
174162688,174062100,0.006505036,-0.019324161,0.0145498635,0.49371338,-0.06326294,0.0,0.0,0.0,0.0,0.0,0.0,0.0,0.0,0.02100563,0.0,0.0,nan,0.0,0.0,0.005656481,0.0,0.0,0.0,0.0,0.0,0.0,0.0,0.0,0.0
174672193,174571659,0.01182231,0.0044831526,0.012349991,0.48284912,-0.053588867,0.0,0.0,0.0,0.0,0.0,0.0,0.0,0.0,0.13333511,0.0,0.0,nan,0.0,0.0,-0.00018167496,0.0,0.0,0.0,0.0,0.0,0.0,0.0,0.0,0.0
175171950,175071227,0.002830606,-0.019221118,0.043396816,0.48327637,-0.0519104,0.0,0.0,0.0,0.0,0.0,0.0,0.0,0.0,0.029882431,0.0,0.0,nan,0.0,0.0,-0.00047016144,0.0,0.0,0.0,0.0,0.0,0.0,0.0,0.0,0.0
175661357,175560803,0.007185262,-0.011590788,0.0072474065,0.46191406,-0.05935669,0.0,0.0,0.0,0.0,0.0,0.0,0.0,0.0,-0.07494545,0.0,0.0,nan,0.0,0.0,0.0032129288,0.0,0.0,0.0,0.0,0.0,0.0,0.0,0.0,0.0
176170945,176070362,-0.007943426,-0.007542341,-0.02136067,0.45184326,-0.049346924,0.0,0.0,0.0,0.0,0.0,0.0,0.0,0.0,0.100860596,0.0,0.0,nan,0.0,0.0,0.0044267178,0.0,0.0,0.0,0.0,0.0,0.0,0.0,0.0,0.0
176670624,176569930,0.015583628,-0.009637667,-0.062507756,0.4423828,-0.048309326,0.0,0.0,0.0,0.0,0.0,0.0,0.0,0.0,0.007329941,0.0,0.0,nan,0.0,0.0,-0.0028562546,0.0,0.0,0.0,0.0,0.0,0.0,0.0,0.0,0.0
177170027,177069497,0.009784167,-0.017779358,0.040701155,0.43304443,-0.038726807,0.0,0.0,0.0,0.0,0.0,0.0,0.0,0.0,-0.0057792664,0.0,0.0,nan,0.0,0.0,-0.0023663044,0.0,0.0,0.0,0.0,0.0,0.0,0.0,0.0,0.0
177669666,177569065,0.0055141193,-0.019629914,-0.012370277,0.4243164,-0.045959473,0.0,0.0,0.0,0.0,0.0,0.0,0.0,0.0,0.072649,0.0,0.0,nan,0.0,0.0,0.0025179386,0.0,0.0,0.0,0.0,0.0,0.0,0.0,0.0,0.0
178169302,178068633,-0.006390956,0.002476108,0.0070511415,0.41558838,-0.04525757,0.0,0.0,0.0,0.0,0.0,0.0,0.0,0.0,-0.08233833,0.0,0.0,nan,0.0,0.0,-0.0030822754,0.0,0.0,0.0,0.0,0.0,0.0,0.0,0.0,0.0
178668872,178568201,-0.019803949,-0.0068601295,-0.02412595,0.3965454,-0.052581787,0.0,0.0,0.0,0.0,0.0,0.0,0.0,0.0,-0.09687424,0.0,0.0,nan,0.0,0.0,0.0007300377,0.0,0.0,0.0,0.0,0.0,0.0,0.0,0.0,0.0
179168326,179067769,-0.0026985402,0.021921521,0.02195191,0.3892212,-0.051116943,0.0,0.0,0.0,0.0,0.0,0.0,0.0,0.0,0.2344284,0.0,0.0,nan,0.0,0.0,0.0001296997,0.0,0.0,0.0,0.0,0.0,0.0,0.0,0.0,0.0
179667928,179567337,0.020091942,0.003001451,0.029176183,0.39276123,-0.042175293,0.0,0.0,0.0,0.0,0.0,0.0,0.0,0.0,0.31803703,0.0,0.0,nan,0.0,0.0,-0.0067272186,0.0,0.0,0.0,0.0,0.0,0.0,0.0,0.0,0.0
180167439,180066905,-0.009990508,0.005553143,-0.031312577,0.39666748,-0.032226562,0.0,0.0,0.0,0.0,0.0,0.0,0.0,0.0,-0.26812553,0.0,0.0,nan,0.0,0.0,-0.002776146,0.0,0.0,0.0,0.0,0.0,0.0,0.0,0.0,0.0
180667212,180566473,-0.003975656,-0.014388214,-0.02302749,0.4003296,-0.022979736,0.0,0.0,0.0,0.0,0.0,0.0,0.0,0.0,0.064043045,0.0,0.0,nan,0.0,0.0,-0.0038516521,0.0,0.0,0.0,0.0,0.0,0.0,0.0,0.0,0.0
181166641,181066042,-0.0118560605,-0.004333116,0.0020943063,0.39312744,-0.022644043,0.0,0.0,0.0,0.0,0.0,0.0,0.0,0.0,-0.018409729,0.0,0.0,nan,0.0,0.0,-0.0025560856,0.0,0.0,0.0,0.0,0.0,0.0,0.0,0.0,0.0
181666148,181565609,-0.027847402,0.019103723,-0.0054545836,0.38641357,-0.02243042,0.0,0.0,0.0,0.0,0.0,0.0,0.0,0.0,0.06251335,0.0,0.0,nan,0.0,0.0,-0.0074546337,0.0,0.0,0.0,0.0,0.0,0.0,0.0,0.0,0.0
182165774,182065177,-0.01254905,-0.0029786695,0.024627488,0.37939453,-0.021972656,0.0,0.0,0.0,0.0,0.0,0.0,0.0,0.0,0.061912537,0.0,0.0,nan,0.0,0.0,-0.002481699,0.0,0.0,0.0,0.0,0.0,0.0,0.0,0.0,0.0
182665600,182564747,-0.017239964,-0.0053032064,0.03339182,0.38397217,-0.013153076,0.0,0.0,0.0,0.0,0.0,0.0,0.0,0.0,-0.10476112,0.0,0.0,nan,0.0,0.0,-0.0005853176,0.0,0.0,0.0,0.0,0.0,0.0,0.0,0.0,0.0
183165084,183064312,0.007691694,-0.007742554,0.034486905,0.3770752,-0.0044555664,0.0,0.0,0.0,0.0,0.0,0.0,0.0,0.0,0.10479736,0.0,0.0,nan,0.0,0.0,-0.0012183189,0.0,0.0,0.0,0.0,0.0,0.0,0.0,0.0,0.0
183664632,183563880,0.00400735,0.0036212204,-0.024179583,0.37078857,-0.004699707,0.0,0.0,0.0,0.0,0.0,0.0,0.0,0.0,-0.009771347,0.0,0.0,nan,0.0,0.0,-0.0037555695,0.0,0.0,0.0,0.0,0.0,0.0,0.0,0.0,0.0
184164213,184063449,0.0015840952,0.022827374,-0.012997252,0.36419678,0.0047912598,0.0,0.0,0.0,0.0,0.0,0.0,0.0,0.0,0.17190933,0.0,0.0,nan,0.0,0.0,-0.0035104752,0.0,0.0,0.0,0.0,0.0,0.0,0.0,0.0,0.0
184663765,184563018,0.007856815,-0.028418666,-0.029643372,0.34753418,0.004638672,0.0,0.0,0.0,0.0,0.0,0.0,0.0,0.0,-0.09321976,0.0,0.0,nan,0.0,0.0,0.0024499893,0.0,0.0,0.0,0.0,0.0,0.0,0.0,0.0,0.0
185163854,185062585,0.018524952,-0.0019482446,-0.060941253,0.34161377,-0.0040893555,0.0,0.0,0.0,0.0,0.0,0.0,0.0,0.0,-0.010070801,0.0,0.0,nan,0.0,0.0,-0.005568981,0.0,0.0,0.0,0.0,0.0,0.0,0.0,0.0,0.0
185672699,185572146,0.010754242,-0.018360633,0.09885658,0.336792,-0.01184082,0.0,0.0,0.0,0.0,0.0,0.0,0.0,0.0,-0.049276352,0.0,0.0,nan,0.0,0.0,-0.0019087791,0.0,0.0,0.0,0.0,0.0,0.0,0.0,0.0,0.0
186162354,186061721,-0.01925653,-0.0046541533,-0.0054405485,0.32080078,-0.011230469,0.0,0.0,0.0,0.0,0.0,0.0,0.0,0.0,0.09690094,0.0,0.0,nan,0.0,0.0,-0.008978605,0.0,0.0,0.0,0.0,0.0,0.0,0.0,0.0,0.0
186661926,186561289,0.006933826,-0.02109622,-0.021545868,0.31689453,-0.020141602,0.0,0.0,0.0,0.0,0.0,0.0,0.0,0.0,-0.0036239624,0.0,0.0,nan,0.0,0.0,-0.004007101,0.0,0.0,0.0,0.0,0.0,0.0,0.0,0.0,0.0
187171386,187070849,-0.023444433,0.0050096996,-0.048151314,0.3114624,-0.01953125,0.0,0.0,0.0,0.0,0.0,0.0,0.0,0.0,-0.1680603,0.0,0.0,nan,0.0,0.0,-0.0047266483,0.0,0.0,0.0,0.0,0.0,0.0,0.0,0.0,0.0
187671068,187570417,0.01712929,-0.015824746,0.00030766864,0.3071289,-0.027801514,0.0,0.0,0.0,0.0,0.0,0.0,0.0,0.0,0.09017944,0.0,0.0,nan,0.0,0.0,-0.0049784184,0.0,0.0,0.0,0.0,0.0,0.0,0.0,0.0,0.0
188170519,188069985,-0.031009376,-0.024448946,0.03865175,0.302063,-0.035949707,0.0,0.0,0.0,0.0,0.0,0.0,0.0,0.0,0.30239487,0.0,0.0,nan,0.0,0.0,-0.005782604,0.0,0.0,0.0,0.0,0.0,0.0,0.0,0.0,0.0
188670222,188569553,-0.0046658767,0.008138789,0.028935876,0.29766846,-0.044128418,0.0,0.0,0.0,0.0,0.0,0.0,0.0,0.0,0.13570976,0.0,0.0,nan,0.0,0.0,-0.0031518936,0.0,0.0,0.0,0.0,0.0,0.0,0.0,0.0,0.0
189169843,189069247,0.009702374,0.0014609263,-0.06768744,0.28179932,-0.05227661,0.0,0.0,0.0,0.0,0.0,0.0,0.0,0.0,0.21820259,0.0,0.0,nan,0.0,0.0,-0.0038981438,0.0,0.0,0.0,0.0,0.0,0.0,0.0,0.0,0.0
189669703,189568815,-0.025391087,0.008693108,-0.019942973,0.27789307,-0.060058594,0.0,0.0,0.0,0.0,0.0,0.0,0.0,0.0,0.21684837,0.0,0.0,nan,0.0,0.0,-0.0046794415,0.0,0.0,0.0,0.0,0.0,0.0,0.0,0.0,0.0
190168922,190068383,0.019622901,0.0021065776,-0.0014550027,0.2738037,-0.06768799,0.0,0.0,0.0,0.0,0.0,0.0,0.0,0.0,-0.28394318,0.0,0.0,nan,0.0,0.0,0.00539279,0.0,0.0,0.0,0.0,0.0,0.0,0.0,0.0,0.0
