timestamp,lat,lon,alt,x,y,z,yaw,valid_alt,valid_hpos,valid_lpos,manual_home
15267063,38.72737595348181,-77.51854053694227,62.419575,-0.016292078,-0.0032046186,-0.9276514,2.171453,1,1,1,0
26411418,38.72737474592906,-77.51854109738623,62.449085,-0.15056582,-0.05182127,-0.95716196,2.1987536,1,1,1,0
36432475,38.72737387062548,-77.51854045747308,62.448807,-0.24789514,0.0036890693,-0.9568815,2.2647905,1,1,1,0
36641064,38.72737311500417,-77.51853947420935,62.447166,-0.3319164,0.08898393,-0.9552418,2.276167,1,1,1,0
36795065,38.72737232520523,-77.51853846301725,62.4457,-0.41973802,0.17670149,-0.95377755,2.2853706,1,1,1,0
36935083,38.72737136665582,-77.51853727004014,62.444954,-0.52632385,0.2801883,-0.9530306,2.2952983,1,1,1,0
37045085,38.727370440843515,-77.51853618922748,62.44423,-0.6292695,0.3739452,-0.9523049,2.3025744,1,1,1,0
37295102,38.727365999999996,-77.51853489999999,62.306004,0.0,0.0,0.0,0.0,1,1,0,0
37427103,38.7273621,-77.5185321,62.295002,0.0,0.0,0.0,0.0,1,1,0,0
37710089,38.727357399999995,-77.51852869999999,62.284004,0.0,0.0,0.0,0.0,1,1,0,0
37930129,38.7273518,-77.5185245,62.274002,0.0,0.0,0.0,0.0,1,1,0,0
38183107,38.727345299999996,-77.51851979999999,62.263004,0.0,0.0,0.0,0.0,1,1,0,0
38433070,38.7273378,-77.5185144,62.257004,0.0,0.0,0.0,0.0,1,1,0,0
38554069,38.7273338,-77.5185115,62.257004,0.0,0.0,0.0,0.0,1,1,0,0
38686069,38.727329399999995,-77.5185084,62.255,0.0,0.0,0.0,0.0,1,1,0,0
38697063,38.727329399999995,-77.5185084,62.255,0.0,0.0,0.0,0.3290453,1,1,0,0
38804088,38.7273249,-77.5185051,62.249004,0.0,0.0,0.0,0.0,1,1,0,0
38936090,38.7273202,-77.5185016,62.242004,0.0,0.0,0.0,0.0,1,1,0,0
39057089,38.7273152,-77.518498,62.237003,0.0,0.0,0.0,0.0,1,1,0,0
39189257,38.727309999999996,-77.5184943,62.242004,0.0,0.0,0.0,0.0,1,1,0,0
39306100,38.7273046,-77.5184903,62.236004,0.0,0.0,0.0,0.0,1,1,0,0
39427348,38.727299099999996,-77.51848629999999,62.237003,0.0,0.0,0.0,0.0,1,1,0,0
39559476,38.7272933,-77.51848199999999,62.236004,0.0,0.0,0.0,0.0,1,1,0,0
39680069,38.7272873,-77.51847769999999,62.227,0.0,0.0,0.0,0.0,1,1,0,0
39809301,38.7272812,-77.5184731,62.217003,0.0,0.0,0.0,0.0,1,1,0,0
39930069,38.7272749,-77.5184685,62.216003,0.0,0.0,0.0,0.0,1,1,0,0
40062070,38.7272684,-77.5184637,62.203003,0.0,0.0,0.0,0.0,1,1,0,0
40183069,38.7272617,-77.5184587,62.208004,0.0,0.0,0.0,0.0,1,1,0,0
40312071,38.7272548,-77.5184536,62.195004,0.0,0.0,0.0,0.0,1,1,0,0
40433070,38.7272478,-77.5184484,62.191,0.0,0.0,0.0,0.0,1,1,0,0
40554070,38.727240699999996,-77.5184429,62.183002,0.0,0.0,0.0,0.0,1,1,0,0
40686439,38.7272333,-77.5184374,62.180004,0.0,0.0,0.0,0.0,1,1,0,0
40814069,38.7272259,-77.5184317,62.175003,0.0,0.0,0.0,0.0,1,1,0,0
40935069,38.7272183,-77.5184259,62.167004,0.0,0.0,0.0,0.0,1,1,0,0
41056479,38.7272105,-77.5184199,62.164,0.0,0.0,0.0,0.0,1,1,0,0
41177163,38.7272025,-77.5184137,62.156002,0.0,0.0,0.0,0.0,1,1,0,0
41317090,38.727194499999996,-77.5184074,62.156002,0.0,0.0,0.0,0.0,1,1,0,0
41438069,38.7271863,-77.518401,62.152004,0.0,0.0,0.0,0.0,1,1,0,0
41559070,38.727177999999995,-77.5183945,62.156002,0.0,0.0,0.0,0.0,1,1,0,0
41680155,38.727169599999996,-77.5183879,62.151005,0.0,0.0,0.0,0.0,1,1,0,0
41809069,38.7271611,-77.5183811,62.156002,0.0,0.0,0.0,0.0,1,1,0,0
41930396,38.7271526,-77.51837429999999,62.156002,0.0,0.0,0.0,0.0,1,1,0,0
42062072,38.727143999999996,-77.5183675,62.174004,0.0,0.0,0.0,0.0,1,1,0,0
42183069,38.727135499999996,-77.5183607,62.198,0.0,0.0,0.0,0.0,1,1,0,0
42311278,38.7271269,-77.5183538,62.231003,0.0,0.0,0.0,0.0,1,1,0,0
42432069,38.7271183,-77.5183467,62.272003,0.0,0.0,0.0,0.0,1,1,0,0
42553109,38.7271097,-77.51833979999999,62.346004,0.0,0.0,0.0,0.0,1,1,0,0
42685415,38.7271011,-77.5183327,62.426003,0.0,0.0,0.0,0.0,1,1,0,0
42803100,38.7270926,-77.5183258,62.487003,0.0,0.0,0.0,0.0,1,1,0,0
42935226,38.7270842,-77.5183188,62.565002,0.0,0.0,0.0,0.0,1,1,0,0
43056755,38.7270758,-77.51831179999999,62.640003,0.0,0.0,0.0,0.0,1,1,0,0
43177068,38.7270675,-77.51830489999999,62.709003,0.0,0.0,0.0,0.0,1,1,0,0
43317084,38.7270593,-77.5182981,62.781002,0.0,0.0,0.0,0.0,1,1,0,0
43427101,38.727050999999996,-77.5182913,62.850002,0.0,0.0,0.0,0.0,1,1,0,0
43438038,38.727050999999996,-77.5182913,62.850002,0.0,0.0,0.0,0.21829128,1,1,0,0
43559153,38.7270429,-77.5182845,62.897003,0.0,0.0,0.0,0.0,1,1,0,0
43680073,38.7270348,-77.5182779,62.949,0.0,0.0,0.0,0.0,1,1,0,0
43809441,38.727026699999996,-77.5182712,62.986004,0.0,0.0,0.0,0.0,1,1,0,0
43941412,38.727018699999995,-77.5182646,63.021004,0.0,0.0,0.0,0.0,1,1,0,0
44062070,38.727010799999995,-77.518258,63.059002,0.0,0.0,0.0,0.0,1,1,0,0
44183234,38.7270028,-77.51825149999999,63.090004,0.0,0.0,0.0,0.0,1,1,0,0
44312069,38.7269949,-77.518245,63.119003,0.0,0.0,0.0,0.0,1,1,0,0
44434099,38.726987099999995,-77.5182385,63.147003,0.0,0.0,0.0,0.0,1,1,0,0
44556101,38.726979299999996,-77.51823209999999,63.165005,0.0,0.0,0.0,0.0,1,1,0,0
44677070,38.7269715,-77.5182257,63.196003,0.0,0.0,0.0,0.0,1,1,0,0
44806070,38.7269638,-77.51821939999999,63.216003,0.0,0.0,0.0,0.0,1,1,0,0
44927098,38.726956099999995,-77.5182131,63.237003,0.0,0.0,0.0,0.0,1,1,0,0
45059072,38.7269484,-77.5182067,63.255005,0.0,0.0,0.0,0.0,1,1,0,0
45180071,38.7269408,-77.5182004,63.276005,0.0,0.0,0.0,0.0,1,1,0,0
45319338,38.7269331,-77.5181941,63.307003,0.0,0.0,0.0,0.0,1,1,0,0
45429399,38.7269255,-77.5181879,63.327003,0.0,0.0,0.0,0.0,1,1,0,0
45561069,38.7269179,-77.51818159999999,63.346004,0.0,0.0,0.0,0.0,1,1,0,0
45682069,38.7269103,-77.51817539999999,63.359,0.0,0.0,0.0,0.0,1,1,0,0
45811070,38.7269028,-77.5181692,63.373005,0.0,0.0,0.0,0.0,1,1,0,0
45932069,38.7268952,-77.5181631,63.395004,0.0,0.0,0.0,0.0,1,1,0,0
46053124,38.7268877,-77.5181571,63.413002,0.0,0.0,0.0,0.0,1,1,0,0
46185070,38.726880099999995,-77.5181511,63.428,0.0,0.0,0.0,0.0,1,1,0,0
46314148,38.7268725,-77.51814519999999,63.450005,0.0,0.0,0.0,0.0,1,1,0,0
46435089,38.726865,-77.5181393,63.460003,0.0,0.0,0.0,0.0,1,1,0,0
46556120,38.7268574,-77.5181336,63.480003,0.0,0.0,0.0,0.0,1,1,0,0
46677123,38.7268498,-77.5181279,63.493004,0.0,0.0,0.0,0.0,1,1,0,0
46806069,38.7268422,-77.5181223,63.507004,0.0,0.0,0.0,0.0,1,1,0,0
46938072,38.726834499999995,-77.5181168,63.523003,0.0,0.0,0.0,0.0,1,1,0,0
47059073,38.726827,-77.5181113,63.547005,0.0,0.0,0.0,0.0,1,1,0,0
47180069,38.7268194,-77.518106,63.561005,0.0,0.0,0.0,0.0,1,1,0,0
47320150,38.7268118,-77.5181006,63.570004,0.0,0.0,0.0,0.0,1,1,0,0
47430133,38.7268043,-77.5180953,63.566,0.0,0.0,0.0,0.0,1,1,0,0
47562909,38.7267967,-77.5180901,63.58,0.0,0.0,0.0,0.0,1,1,0,0
47683088,38.726789,-77.51808489999999,63.614002,0.0,0.0,0.0,0.0,1,1,0,0
47812882,38.7267813,-77.5180798,63.638004,0.0,0.0,0.0,0.0,1,1,0,0
47933122,38.7267736,-77.51807459999999,63.648003,0.0,0.0,0.0,0.0,1,1,0,0
48054103,38.7267659,-77.5180695,63.661003,0.0,0.0,0.0,0.0,1,1,0,0
48186071,38.7267582,-77.5180645,63.676003,0.0,0.0,0.0,0.0,1,1,0,0
48326093,38.7267505,-77.51805949999999,63.687004,0.0,0.0,0.0,0.0,1,1,0,0
48436068,38.7267428,-77.5180546,63.694004,0.0,0.0,0.0,0.0,1,1,0,0
48557090,38.7267351,-77.5180496,63.702003,0.0,0.0,0.0,0.0,1,1,0,0
48689090,38.7267273,-77.5180446,63.72,0.0,0.0,0.0,0.0,1,1,0,0
48700057,38.7267273,-77.5180446,63.72,0.0,0.0,0.0,0.013273239,1,1,0,0
48818069,38.7267194,-77.5180397,63.724003,0.0,0.0,0.0,0.0,1,1,0,0
48939073,38.7267115,-77.5180347,63.732002,0.0,0.0,0.0,0.0,1,1,0,0
49060069,38.7267037,-77.5180297,63.74,0.0,0.0,0.0,0.0,1,1,0,0
49181443,38.7266958,-77.5180247,63.755005,0.0,0.0,0.0,0.0,1,1,0,0
49310100,38.7266879,-77.5180197,63.765003,0.0,0.0,0.0,0.0,1,1,0,0
49431120,38.72668,-77.5180146,63.773003,0.0,0.0,0.0,0.0,1,1,0,0
49586073,38.726672099999995,-77.5180094,63.788002,0.0,0.0,0.0,0.0,1,1,0,0
49685093,38.726664299999996,-77.5180043,63.794003,0.0,0.0,0.0,0.0,1,1,0,0
49804100,38.7266565,-77.51799919999999,63.813004,0.0,0.0,0.0,0.0,1,1,0,0
49936069,38.7266487,-77.5179941,63.824,0.0,0.0,0.0,0.0,1,1,0,0
50057074,38.726641,-77.517989,63.832005,0.0,0.0,0.0,0.0,1,1,0,0
50189070,38.726633199999995,-77.5179838,63.839005,0.0,0.0,0.0,0.0,1,1,0,0
50318070,38.726625399999996,-77.51797859999999,63.857002,0.0,0.0,0.0,0.0,1,1,0,0
50428100,38.7266177,-77.5179734,63.877003,0.0,0.0,0.0,0.0,1,1,0,0
50560299,38.7266099,-77.51796829999999,63.882004,0.0,0.0,0.0,0.0,1,1,0,0
50681119,38.726602199999995,-77.5179631,63.897003,0.0,0.0,0.0,0.0,1,1,0,0
50810071,38.726594399999996,-77.5179581,63.919003,0.0,0.0,0.0,0.0,1,1,0,0
50932069,38.7265867,-77.51795299999999,63.932003,0.0,0.0,0.0,0.0,1,1,0,0
51053069,38.726579,-77.5179481,63.937004,0.0,0.0,0.0,0.0,1,1,0,0
51185324,38.7265714,-77.51794319999999,63.937004,0.0,0.0,0.0,0.0,1,1,0,0
51315069,38.7265637,-77.5179383,63.944004,0.0,0.0,0.0,0.0,1,1,0,0
51436071,38.726555999999995,-77.51793339999999,63.950005,0.0,0.0,0.0,0.0,1,1,0,0
51557077,38.726548199999996,-77.5179287,63.956,0.0,0.0,0.0,0.0,1,1,0,0
51678071,38.7265405,-77.517924,63.958004,0.0,0.0,0.0,0.0,1,1,0,0
51808093,38.7265327,-77.5179194,63.961002,0.0,0.0,0.0,0.0,1,1,0,0
51940284,38.726524999999995,-77.5179149,63.965004,0.0,0.0,0.0,0.0,1,1,0,0
52061068,38.726517199999996,-77.5179103,63.969,0.0,0.0,0.0,0.0,1,1,0,0
52072038,38.726517199999996,-77.5179103,63.969,0.0,0.0,0.0,-0.27371526,1,1,0,0
52182070,38.7265095,-77.5179057,63.983,0.0,0.0,0.0,0.0,1,1,0,0
52312069,38.7265018,-77.517901,63.991005,0.0,0.0,0.0,0.0,1,1,0,0
52434089,38.7264942,-77.5178962,63.997,0.0,0.0,0.0,0.0,1,1,0,0
52556071,38.726486699999995,-77.5178913,63.995003,0.0,0.0,0.0,0.0,1,1,0,0
52699156,38.7264792,-77.5178864,64.006004,0.0,0.0,0.0,0.0,1,1,0,0
52807068,38.7264717,-77.5178815,64.018005,0.0,0.0,0.0,0.0,1,1,0,0
52939362,38.726464299999996,-77.51787639999999,64.024,0.0,0.0,0.0,0.0,1,1,0,0
53060272,38.726456899999995,-77.5178712,64.033005,0.0,0.0,0.0,0.0,1,1,0,0
53181069,38.726449599999995,-77.517866,64.04,0.0,0.0,0.0,0.0,1,1,0,0
53321070,38.726442299999995,-77.5178607,64.036,0.0,0.0,0.0,0.0,1,1,0,0
53432140,38.726434999999995,-77.5178554,64.041,0.0,0.0,0.0,0.0,1,1,0,0
53553071,38.726427799999996,-77.5178502,64.045006,0.0,0.0,0.0,0.0,1,1,0,0
53685072,38.7264206,-77.5178449,64.045006,0.0,0.0,0.0,0.0,1,1,0,0
53814091,38.7264134,-77.5178396,64.04401,0.0,0.0,0.0,0.0,1,1,0,0
53935069,38.7264062,-77.5178344,64.039,0.0,0.0,0.0,0.0,1,1,0,0
54056070,38.726399,-77.5178292,64.037,0.0,0.0,0.0,0.0,1,1,0,0
54177377,38.726391899999996,-77.51782399999999,64.028,0.0,0.0,0.0,0.0,1,1,0,0
54316068,38.7263847,-77.5178188,64.020004,0.0,0.0,0.0,0.0,1,1,0,0
54437595,38.7263775,-77.51781369999999,64.009,0.0,0.0,0.0,0.0,1,1,0,0
54558093,38.7263704,-77.5178085,64.00201,0.0,0.0,0.0,0.0,1,1,0,0
54679184,38.7263632,-77.51780339999999,63.987003,0.0,0.0,0.0,0.0,1,1,0,0
54820070,38.726355999999996,-77.51779839999999,63.973003,0.0,0.0,0.0,0.0,1,1,0,0
54930070,38.7263488,-77.5177935,63.966003,0.0,0.0,0.0,0.0,1,1,0,0
55062068,38.7263416,-77.5177886,63.954002,0.0,0.0,0.0,0.0,1,1,0,0
55183068,38.7263343,-77.51778379999999,63.940002,0.0,0.0,0.0,0.0,1,1,0,0
55323070,38.726327,-77.51777899999999,63.929005,0.0,0.0,0.0,0.0,1,1,0,0
55433069,38.7263197,-77.5177743,63.913002,0.0,0.0,0.0,0.0,1,1,0,0
55554070,38.7263124,-77.5177695,63.915005,0.0,0.0,0.0,0.0,1,1,0,0
55686542,38.726304899999995,-77.5177648,63.901005,0.0,0.0,0.0,0.0,1,1,0,0
55827071,38.7262975,-77.51776009999999,63.899002,0.0,0.0,0.0,0.0,1,1,0,0
55937070,38.7262902,-77.5177554,63.898003,0.0,0.0,0.0,0.0,1,1,0,0
56058332,38.7262828,-77.5177506,63.889004,0.0,0.0,0.0,0.0,1,1,0,0
56179070,38.7262755,-77.51774569999999,63.886,0.0,0.0,0.0,0.0,1,1,0,0
56190038,38.7262755,-77.51774569999999,63.886,0.0,0.0,0.0,0.22844076,1,1,0,0
56311068,38.7262681,-77.51774089999999,63.874004,0.0,0.0,0.0,0.0,1,1,0,0
56429178,38.7262608,-77.517736,63.866,0.0,0.0,0.0,0.0,1,1,0,0
56561072,38.7262535,-77.51773109999999,63.863003,0.0,0.0,0.0,0.0,1,1,0,0
56682070,38.7262463,-77.51772609999999,63.866,0.0,0.0,0.0,0.0,1,1,0,0
56803143,38.7262391,-77.517721,63.856003,0.0,0.0,0.0,0.0,1,1,0,0
56931072,38.726231899999995,-77.51771579999999,63.852,0.0,0.0,0.0,0.0,1,1,0,0
57063070,38.726224699999996,-77.51771049999999,63.848003,0.0,0.0,0.0,0.0,1,1,0,0
57184071,38.7262176,-77.5177053,63.835003,0.0,0.0,0.0,0.0,1,1,0,0
57316070,38.7262104,-77.51769999999999,63.828003,0.0,0.0,0.0,0.0,1,1,0,0
57434264,38.7262033,-77.51769449999999,63.815002,0.0,0.0,0.0,0.0,1,1,0,0
57555114,38.7261962,-77.5176891,63.811005,0.0,0.0,0.0,0.0,1,1,0,0
57687157,38.7261891,-77.5176836,63.804005,0.0,0.0,0.0,0.0,1,1,0,0
57808132,38.726182099999996,-77.51767799999999,63.799004,0.0,0.0,0.0,0.0,1,1,0,0
57926069,38.726175,-77.5176724,63.805004,0.0,0.0,0.0,0.0,1,1,0,0
58058070,38.7261679,-77.51766669999999,63.790005,0.0,0.0,0.0,0.0,1,1,0,0
58179353,38.726160799999995,-77.5176611,63.799004,0.0,0.0,0.0,0.0,1,1,0,0
58322069,38.7261537,-77.5176554,63.795002,0.0,0.0,0.0,0.0,1,1,0,0
58429158,38.7261466,-77.51764969999999,63.806004,0.0,0.0,0.0,0.0,1,1,0,0
58561069,38.726139499999995,-77.5176441,63.81,0.0,0.0,0.0,0.0,1,1,0,0
58682884,38.7261325,-77.5176384,63.816,0.0,0.0,0.0,0.0,1,1,0,0
58704072,38.7261325,-77.5176384,63.816,0.0,0.0,0.0,0.001420021,1,1,0,0
58814400,38.7261254,-77.5176327,63.820004,0.0,0.0,0.0,0.0,1,1,0,0
58931090,38.726118299999996,-77.5176271,63.828003,0.0,0.0,0.0,0.0,1,1,0,0
59052407,38.7261112,-77.51762149999999,63.844,0.0,0.0,0.0,0.0,1,1,0,0
59184068,38.7261041,-77.5176159,63.853004,0.0,0.0,0.0,0.0,1,1,0,0
59316136,38.726096999999996,-77.5176103,63.845,0.0,0.0,0.0,0.0,1,1,0,0
59434071,38.7260899,-77.5176048,63.850002,0.0,0.0,0.0,0.0,1,1,0,0
59566194,38.7260828,-77.5175994,63.851,0.0,0.0,0.0,0.0,1,1,0,0
59676113,38.726075699999996,-77.517594,63.847004,0.0,0.0,0.0,0.0,1,1,0,0
59808068,38.7260686,-77.5175886,63.842003,0.0,0.0,0.0,0.0,1,1,0,0
59937070,38.7260615,-77.51758339999999,63.844,0.0,0.0,0.0,0.0,1,1,0,0
60058071,38.726054399999995,-77.5175781,63.836002,0.0,0.0,0.0,0.0,1,1,0,0
60190202,38.7260473,-77.51757289999999,63.834003,0.0,0.0,0.0,0.0,1,1,0,0
60322069,38.7260402,-77.5175677,63.829002,0.0,0.0,0.0,0.0,1,1,0,0
60428070,38.726033,-77.5175625,63.831,0.0,0.0,0.0,0.0,1,1,0,0
60561136,38.726025899999996,-77.51755729999999,63.827003,0.0,0.0,0.0,0.0,1,1,0,0
60682071,38.7260187,-77.5175521,63.825005,0.0,0.0,0.0,0.0,1,1,0,0
60814497,38.7260116,-77.51754679999999,63.821003,0.0,0.0,0.0,0.0,1,1,0,0
60931069,38.7260044,-77.5175416,63.825005,0.0,0.0,0.0,0.0,1,1,0,0
61063071,38.725997299999996,-77.5175362,63.827003,0.0,0.0,0.0,0.0,1,1,0,0
61184069,38.7259901,-77.5175308,63.829002,0.0,0.0,0.0,0.0,1,1,0,0
61316070,38.725983,-77.5175253,63.838,0.0,0.0,0.0,0.0,1,1,0,0
61434068,38.7259759,-77.5175197,63.844,0.0,0.0,0.0,0.0,1,1,0,0
61555069,38.7259689,-77.51751399999999,63.849003,0.0,0.0,0.0,0.0,1,1,0,0
61687069,38.7259618,-77.5175083,63.853004,0.0,0.0,0.0,0.0,1,1,0,0
61808069,38.7259548,-77.51750249999999,63.854004,0.0,0.0,0.0,0.0,1,1,0,0
61937070,38.7259479,-77.5174967,63.852,0.0,0.0,0.0,0.0,1,1,0,0
62058071,38.725941,-77.5174907,63.855003,0.0,0.0,0.0,0.0,1,1,0,0
62179070,38.725934099999996,-77.51748479999999,63.843002,0.0,0.0,0.0,0.0,1,1,0,0
62311070,38.7259271,-77.51747879999999,63.850002,0.0,0.0,0.0,0.0,1,1,0,0
62429420,38.7259202,-77.5174729,63.845,0.0,0.0,0.0,0.0,1,1,0,0
62561534,38.725913299999995,-77.517467,63.844,0.0,0.0,0.0,0.0,1,1,0,0
62682102,38.7259064,-77.51746109999999,63.838,0.0,0.0,0.0,0.0,1,1,0,0
62803123,38.725899399999996,-77.5174552,63.828003,0.0,0.0,0.0,0.0,1,1,0,0
62932070,38.7258925,-77.51744939999999,63.821003,0.0,0.0,0.0,0.0,1,1,0,0
63053123,38.7258856,-77.5174435,63.807003,0.0,0.0,0.0,0.0,1,1,0,0
63185072,38.7258786,-77.5174377,63.803,0.0,0.0,0.0,0.0,1,1,0,0
63317282,38.7258717,-77.517432,63.796,0.0,0.0,0.0,0.0,1,1,0,0
63435068,38.725864699999995,-77.5174262,63.788002,0.0,0.0,0.0,0.0,1,1,0,0
63556069,38.7258577,-77.5174205,63.780003,0.0,0.0,0.0,0.0,1,1,0,0
63688518,38.725850699999995,-77.51741489999999,63.768,0.0,0.0,0.0,0.0,1,1,0,0
63809069,38.7258437,-77.5174093,63.763004,0.0,0.0,0.0,0.0,1,1,0,0
63938152,38.725836799999996,-77.5174037,63.758003,0.0,0.0,0.0,0.0,1,1,0,0
64059072,38.7258298,-77.5173982,63.750004,0.0,0.0,0.0,0.0,1,1,0,0
64180382,38.725822799999996,-77.5173927,63.74,0.0,0.0,0.0,0.0,1,1,0,0
64312093,38.7258158,-77.5173872,63.737003,0.0,0.0,0.0,0.0,1,1,0,0
64430468,38.7258087,-77.5173818,63.736004,0.0,0.0,0.0,0.0,1,1,0,0
64562227,38.7258017,-77.5173763,63.726,0.0,0.0,0.0,0.0,1,1,0,0
64683068,38.7257947,-77.5173708,63.721004,0.0,0.0,0.0,0.0,1,1,0,0
64804073,38.7257877,-77.5173653,63.717003,0.0,0.0,0.0,0.0,1,1,0,0
64933069,38.725780799999995,-77.5173598,63.707005,0.0,0.0,0.0,0.0,1,1,0,0
65054104,38.7257738,-77.5173543,63.703003,0.0,0.0,0.0,0.0,1,1,0,0
65186084,38.725766799999995,-77.5173488,63.688004,0.0,0.0,0.0,0.0,1,1,0,0
65307071,38.7257599,-77.5173432,63.679005,0.0,0.0,0.0,0.0,1,1,0,0
65435068,38.725753,-77.51733759999999,63.674004,0.0,0.0,0.0,0.0,1,1,0,0
65556070,38.725746099999995,-77.517332,63.662003,0.0,0.0,0.0,0.0,1,1,0,0
65677102,38.7257393,-77.5173264,63.651005,0.0,0.0,0.0,0.0,1,1,0,0
65809320,38.7257324,-77.5173208,63.639004,0.0,0.0,0.0,0.0,1,1,0,0
65927099,38.7257256,-77.5173152,63.628002,0.0,0.0,0.0,0.0,1,1,0,0
66059070,38.725718799999996,-77.5173095,63.615,0.0,0.0,0.0,0.0,1,1,0,0
66180072,38.725712,-77.5173038,63.594,0.0,0.0,0.0,0.0,1,1,0,0
66312071,38.7257052,-77.5172982,63.589005,0.0,0.0,0.0,0.0,1,1,0,0
66441070,38.7256983,-77.5172925,63.569004,0.0,0.0,0.0,0.0,1,1,0,0
66562069,38.725691499999996,-77.5172869,63.555004,0.0,0.0,0.0,0.0,1,1,0,0
66683070,38.7256846,-77.5172814,63.538002,0.0,0.0,0.0,0.0,1,1,0,0
66804071,38.7256777,-77.5172759,63.529003,0.0,0.0,0.0,0.0,1,1,0,0
66933069,38.725670799999996,-77.5172704,63.516003,0.0,0.0,0.0,0.0,1,1,0,0
67065402,38.7256638,-77.517265,63.505005,0.0,0.0,0.0,0.0,1,1,0,0
67186071,38.725656799999996,-77.5172596,63.497,0.0,0.0,0.0,0.0,1,1,0,0
67318539,38.7256498,-77.5172542,63.494003,0.0,0.0,0.0,0.0,1,1,0,0
67436071,38.7256427,-77.5172489,63.481003,0.0,0.0,0.0,0.0,1,1,0,0
67557070,38.7256357,-77.5172436,63.488003,0.0,0.0,0.0,0.0,1,1,0,0
67689069,38.7256286,-77.5172383,63.488003,0.0,0.0,0.0,0.0,1,1,0,0
67810069,38.725621499999995,-77.5172331,63.485004,0.0,0.0,0.0,0.0,1,1,0,0
67928099,38.7256144,-77.5172279,63.481003,0.0,0.0,0.0,0.0,1,1,0,0
68060068,38.7256072,-77.5172226,63.481003,0.0,0.0,0.0,0.0,1,1,0,0
68181094,38.7256001,-77.51721739999999,63.479004,0.0,0.0,0.0,0.0,1,1,0,0
68324221,38.725592899999995,-77.5172121,63.478004,0.0,0.0,0.0,0.0,1,1,0,0
68431069,38.7255858,-77.5172068,63.476,0.0,0.0,0.0,0.0,1,1,0,0
68442164,38.7255858,-77.5172068,63.476,0.0,0.0,0.0,-0.012525082,1,1,0,0
68563068,38.7255786,-77.51720159999999,63.478004,0.0,0.0,0.0,0.0,1,1,0,0
68684193,38.7255714,-77.5171962,63.473003,0.0,0.0,0.0,0.0,1,1,0,0
68805069,38.7255642,-77.5171909,63.473003,0.0,0.0,0.0,0.0,1,1,0,0
68934069,38.725556999999995,-77.5171855,63.462,0.0,0.0,0.0,0.0,1,1,0,0
69055069,38.7255499,-77.51718009999999,63.456,0.0,0.0,0.0,0.0,1,1,0,0
69176069,38.7255428,-77.5171745,63.449,0.0,0.0,0.0,0.0,1,1,0,0
69187039,38.7255428,-77.5171745,63.449,0.0,0.0,0.0,-0.21003437,1,1,0,0
69319330,38.7255357,-77.517169,63.448,0.0,0.0,0.0,0.0,1,1,0,0
69426139,38.725528499999996,-77.5171635,63.438004,0.0,0.0,0.0,0.0,1,1,0,0
69558069,38.7255214,-77.51715779999999,63.431004,0.0,0.0,0.0,0.0,1,1,0,0
69679071,38.7255143,-77.5171522,63.427002,0.0,0.0,0.0,0.0,1,1,0,0
69811070,38.725507199999996,-77.51714659999999,63.425003,0.0,0.0,0.0,0.0,1,1,0,0
69928069,38.7255,-77.5171411,63.416004,0.0,0.0,0.0,0.0,1,1,0,0
70060068,38.7254927,-77.5171356,63.402004,0.0,0.0,0.0,0.0,1,1,0,0
70181123,38.7254855,-77.5171301,63.4,0.0,0.0,0.0,0.0,1,1,0,0
70313070,38.7254782,-77.51712479999999,63.390003,0.0,0.0,0.0,0.0,1,1,0,0
70324113,38.7254782,-77.51712479999999,63.390003,0.0,0.0,0.0,0.22319269,1,1,0,0
70432434,38.7254709,-77.5171194,63.379,0.0,0.0,0.0,0.0,1,1,0,0
70553069,38.7254635,-77.5171142,63.374004,0.0,0.0,0.0,0.0,1,1,0,0
70674102,38.725456099999995,-77.5171089,63.369003,0.0,0.0,0.0,0.0,1,1,0,0
70817294,38.7254487,-77.5171038,63.366,0.0,0.0,0.0,0.0,1,1,0,0
70936088,38.7254413,-77.51709869999999,63.362003,0.0,0.0,0.0,0.0,1,1,0,0
71057089,38.7254338,-77.5170936,63.364002,0.0,0.0,0.0,0.0,1,1,0,0
71178093,38.725426299999995,-77.5170886,63.362003,0.0,0.0,0.0,0.0,1,1,0,0
71310385,38.7254188,-77.5170835,63.361004,0.0,0.0,0.0,0.0,1,1,0,0
71439071,38.7254113,-77.5170785,63.360004,0.0,0.0,0.0,0.0,1,1,0,0
71560166,38.725403799999995,-77.5170735,63.365,0.0,0.0,0.0,0.0,1,1,0,0
71681367,38.7253963,-77.5170685,63.367004,0.0,0.0,0.0,0.0,1,1,0,0
71802101,38.7253888,-77.5170634,63.372,0.0,0.0,0.0,0.0,1,1,0,0
71931478,38.725381299999995,-77.5170584,63.372,0.0,0.0,0.0,0.0,1,1,0,0
72063069,38.7253738,-77.5170533,63.376003,0.0,0.0,0.0,0.0,1,1,0,0
72184069,38.7253663,-77.5170483,63.377003,0.0,0.0,0.0,0.0,1,1,0,0
72316070,38.725358799999995,-77.5170433,63.376003,0.0,0.0,0.0,0.0,1,1,0,0
72434070,38.7253513,-77.5170383,63.381004,0.0,0.0,0.0,0.0,1,1,0,0
72555733,38.7253438,-77.5170332,63.385002,0.0,0.0,0.0,0.0,1,1,0,0
72687069,38.725336399999996,-77.51702809999999,63.384003,0.0,0.0,0.0,0.0,1,1,0,0
72808074,38.7253289,-77.5170231,63.389004,0.0,0.0,0.0,0.0,1,1,0,0
72926100,38.7253215,-77.517018,63.388004,0.0,0.0,0.0,0.0,1,1,0,0
73058072,38.7253141,-77.5170129,63.384003,0.0,0.0,0.0,0.0,1,1,0,0
73179300,38.7253068,-77.5170078,63.378002,0.0,0.0,0.0,0.0,1,1,0,0
73322071,38.7252994,-77.51700269999999,63.374004,0.0,0.0,0.0,0.0,1,1,0,0
73429094,38.7252921,-77.51699769999999,63.368004,0.0,0.0,0.0,0.0,1,1,0,0
73561398,38.7252848,-77.5169926,63.371002,0.0,0.0,0.0,0.0,1,1,0,0
73682071,38.7252775,-77.5169875,63.366,0.0,0.0,0.0,0.0,1,1,0,0
73803127,38.7252702,-77.5169825,63.358,0.0,0.0,0.0,0.0,1,1,0,0
73933088,38.7252629,-77.5169775,63.358,0.0,0.0,0.0,0.0,1,1,0,0
74054230,38.7252556,-77.5169725,63.347004,0.0,0.0,0.0,0.0,1,1,0,0
74186104,38.7252483,-77.51696749999999,63.344,0.0,0.0,0.0,0.0,1,1,0,0
74318388,38.725241,-77.51696249999999,63.342003,0.0,0.0,0.0,0.0,1,1,0,0
74436085,38.7252337,-77.51695749999999,63.339005,0.0,0.0,0.0,0.0,1,1,0,0
74557069,38.7252264,-77.5169526,63.344,0.0,0.0,0.0,0.0,1,1,0,0
74678089,38.7252191,-77.5169476,63.347004,0.0,0.0,0.0,0.0,1,1,0,0
74810070,38.7252118,-77.5169425,63.351,0.0,0.0,0.0,0.0,1,1,0,0
74939534,38.7252045,-77.5169374,63.352,0.0,0.0,0.0,0.0,1,1,0,0
75060867,38.7251973,-77.5169322,63.356003,0.0,0.0,0.0,0.0,1,1,0,0
75181100,38.7251901,-77.516927,63.352,0.0,0.0,0.0,0.0,1,1,0,0
75313769,38.7251829,-77.5169219,63.356003,0.0,0.0,0.0,0.0,1,1,0,0
75442072,38.7251757,-77.5169167,63.361004,0.0,0.0,0.0,0.0,1,1,0,0
75552068,38.725168499999995,-77.5169116,63.362003,0.0,0.0,0.0,0.0,1,1,0,0
75684069,38.725161299999996,-77.51690649999999,63.362003,0.0,0.0,0.0,0.0,1,1,0,0
75806102,38.7251541,-77.5169014,63.361004,0.0,0.0,0.0,0.0,1,1,0,0
75927657,38.7251469,-77.5168964,63.361004,0.0,0.0,0.0,0.0,1,1,0,0
76056069,38.7251397,-77.51689139999999,63.358,0.0,0.0,0.0,0.0,1,1,0,0
76177591,38.7251325,-77.5168865,63.367004,0.0,0.0,0.0,0.0,1,1,0,0
76309124,38.725125299999995,-77.51688159999999,63.364002,0.0,0.0,0.0,0.0,1,1,0,0
76449070,38.725117999999995,-77.51687679999999,63.364002,0.0,0.0,0.0,0.0,1,1,0,0
76559267,38.725110799999996,-77.51687199999999,63.358,0.0,0.0,0.0,0.0,1,1,0,0
76680069,38.7251036,-77.5168673,63.356003,0.0,0.0,0.0,0.0,1,1,0,0
76812069,38.7250964,-77.5168626,63.350002,0.0,0.0,0.0,0.0,1,1,0,0
76933070,38.7250891,-77.51685789999999,63.342003,0.0,0.0,0.0,0.0,1,1,0,0
77062068,38.7250819,-77.5168532,63.334003,0.0,0.0,0.0,0.0,1,1,0,0
77183069,38.7250746,-77.5168485,63.332005,0.0,0.0,0.0,0.0,1,1,0,0
77315070,38.7250674,-77.5168439,63.327003,0.0,0.0,0.0,0.0,1,1,0,0
77436593,38.7250601,-77.51683919999999,63.312004,0.0,0.0,0.0,0.0,1,1,0,0
77554070,38.7250529,-77.5168346,63.306004,0.0,0.0,0.0,0.0,1,1,0,0
77686414,38.7250456,-77.51683,63.289,0.0,0.0,0.0,0.0,1,1,0,0
77807069,38.725038399999995,-77.5168253,63.280003,0.0,0.0,0.0,0.0,1,1,0,0
77928069,38.7250312,-77.5168207,63.272003,0.0,0.0,0.0,0.0,1,1,0,0
78057083,38.7250239,-77.5168161,63.261,0.0,0.0,0.0,0.0,1,1,0,0
78189070,38.7250167,-77.5168115,63.253002,0.0,0.0,0.0,0.0,1,1,0,0
78321069,38.7250094,-77.5168068,63.242004,0.0,0.0,0.0,0.0,1,1,0,0
78431242,38.7250022,-77.5168022,63.230003,0.0,0.0,0.0,0.0,1,1,0,0
78551102,38.724995,-77.5167975,63.212,0.0,0.0,0.0,0.0,1,1,0,0
78683070,38.7249878,-77.51679279999999,63.191,0.0,0.0,0.0,0.0,1,1,0,0
78804068,38.7249805,-77.5167882,63.167004,0.0,0.0,0.0,0.0,1,1,0,0
78936070,38.724973299999995,-77.5167835,63.143,0.0,0.0,0.0,0.0,1,1,0,0
79054069,38.724965999999995,-77.5167788,63.115,0.0,0.0,0.0,0.0,1,1,0,0
79186069,38.724958799999996,-77.51677409999999,63.094,0.0,0.0,0.0,0.0,1,1,0,0
79318070,38.724951499999996,-77.51676929999999,63.078003,0.0,0.0,0.0,0.0,1,1,0,0
79439069,38.724944199999996,-77.5167645,63.059002,0.0,0.0,0.0,0.0,1,1,0,0
79557293,38.724936899999996,-77.5167598,63.046,0.0,0.0,0.0,0.0,1,1,0,0
79678114,38.724929599999996,-77.516755,63.037003,0.0,0.0,0.0,0.0,1,1,0,0
79810279,38.724922299999996,-77.5167503,63.026005,0.0,0.0,0.0,0.0,1,1,0,0
79931068,38.7249149,-77.5167455,63.021004,0.0,0.0,0.0,0.0,1,1,0,0
80060069,38.7249076,-77.5167408,63.011,0.0,0.0,0.0,0.0,1,1,0,0
80192071,38.7249002,-77.5167361,63.002003,0.0,0.0,0.0,0.0,1,1,0,0
80313093,38.7248928,-77.5167314,63.009003,0.0,0.0,0.0,0.0,1,1,0,0
80434137,38.7248854,-77.51672669999999,63.002003,0.0,0.0,0.0,0.0,1,1,0,0
80563089,38.724877899999996,-77.516722,63.003002,0.0,0.0,0.0,0.0,1,1,0,0
80684089,38.7248705,-77.51671739999999,62.996002,0.0,0.0,0.0,0.0,1,1,0,0
80816090,38.724863,-77.51671259999999,63.005005,0.0,0.0,0.0,0.0,1,1,0,0
80926365,38.7248555,-77.5167079,63.003002,0.0,0.0,0.0,0.0,1,1,0,0
81055069,38.724848,-77.5167031,63.005005,0.0,0.0,0.0,0.0,1,1,0,0
81187069,38.7248406,-77.5166983,63.011,0.0,0.0,0.0,0.0,1,1,0,0
81319069,38.7248331,-77.5166934,63.008003,0.0,0.0,0.0,0.0,1,1,0,0
81429101,38.7248257,-77.51668839999999,63.010002,0.0,0.0,0.0,0.0,1,1,0,0
81558091,38.724818299999995,-77.5166833,63.006004,0.0,0.0,0.0,0.0,1,1,0,0
81680069,38.7248109,-77.5166782,62.999004,0.0,0.0,0.0,0.0,1,1,0,0
81812800,38.7248035,-77.516673,63.001003,0.0,0.0,0.0,0.0,1,1,0,0
81933132,38.7247961,-77.5166678,63.001003,0.0,0.0,0.0,0.0,1,1,0,0
82063045,38.7247887,-77.5166625,63.002003,0.0,0.0,0.0,0.0,1,1,0,0
82184070,38.724781199999995,-77.5166572,63.016003,0.0,0.0,0.0,0.0,1,1,0,0
82316068,38.7247738,-77.51665179999999,63.026005,0.0,0.0,0.0,0.0,1,1,0,0
82426509,38.7247664,-77.5166464,63.039,0.0,0.0,0.0,0.0,1,1,0,0
82555191,38.724759,-77.51664099999999,63.06,0.0,0.0,0.0,0.0,1,1,0,0
82687072,38.7247516,-77.5166356,63.065002,0.0,0.0,0.0,0.0,1,1,0,0
82808070,38.724744199999996,-77.5166303,63.074,0.0,0.0,0.0,0.0,1,1,0,0
82929071,38.7247367,-77.5166249,63.086002,0.0,0.0,0.0,0.0,1,1,0,0
83057069,38.7247293,-77.5166196,63.102,0.0,0.0,0.0,0.0,1,1,0,0
83178086,38.7247218,-77.5166143,63.124004,0.0,0.0,0.0,0.0,1,1,0,0
83321162,38.724714399999996,-77.516609,63.144005,0.0,0.0,0.0,0.0,1,1,0,0
83431078,38.7247069,-77.51660369999999,63.169003,0.0,0.0,0.0,0.0,1,1,0,0
83560072,38.7246993,-77.5165985,63.189003,0.0,0.0,0.0,0.0,1,1,0,0
83681116,38.724691799999995,-77.5165932,63.211002,0.0,0.0,0.0,0.0,1,1,0,0
83802149,38.7246844,-77.51658789999999,63.229004,0.0,0.0,0.0,0.0,1,1,0,0
83824039,38.7246844,-77.51658789999999,63.229004,0.0,0.0,0.0,-0.23300886,1,1,0,0
83934357,38.7246769,-77.51658259999999,63.256004,0.0,0.0,0.0,0.0,1,1,0,0
84052101,38.724669399999996,-77.5165773,63.271004,0.0,0.0,0.0,0.0,1,1,0,0
84184771,38.7246619,-77.5165719,63.294003,0.0,0.0,0.0,0.0,1,1,0,0
84316069,38.7246545,-77.51656659999999,63.311005,0.0,0.0,0.0,0.0,1,1,0,0
84426070,38.7246471,-77.5165612,63.342003,0.0,0.0,0.0,0.0,1,1,0,0
84566502,38.7246398,-77.51655579999999,63.359,0.0,0.0,0.0,0.0,1,1,0,0
84687069,38.7246325,-77.51655029999999,63.376003,0.0,0.0,0.0,0.0,1,1,0,0
84808229,38.7246252,-77.51654479999999,63.385002,0.0,0.0,0.0,0.0,1,1,0,0
84929136,38.7246179,-77.51653929999999,63.396004,0.0,0.0,0.0,0.0,1,1,0,0
85058389,38.7246107,-77.51653379999999,63.405003,0.0,0.0,0.0,0.0,1,1,0,0
85190070,38.7246035,-77.51652829999999,63.408005,0.0,0.0,0.0,0.0,1,1,0,0
85311200,38.7245963,-77.5165227,63.411003,0.0,0.0,0.0,0.0,1,1,0,0
85432150,38.7245892,-77.5165172,63.405003,0.0,0.0,0.0,0.0,1,1,0,0
85561073,38.724582,-77.5165116,63.408005,0.0,0.0,0.0,0.0,1,1,0,0
85682284,38.724575,-77.51650599999999,63.402004,0.0,0.0,0.0,0.0,1,1,0,0
85814069,38.7245679,-77.51650049999999,63.393,0.0,0.0,0.0,0.0,1,1,0,0
85935070,38.7245608,-77.5164949,63.386,0.0,0.0,0.0,0.0,1,1,0,0
86053102,38.724553799999995,-77.5164893,63.387005,0.0,0.0,0.0,0.0,1,1,0,0
86185603,38.7245468,-77.5164837,63.388004,0.0,0.0,0.0,0.0,1,1,0,0
86317105,38.724539799999995,-77.5164781,63.383003,0.0,0.0,0.0,0.0,1,1,0,0
86438606,38.7245328,-77.51647249999999,63.387005,0.0,0.0,0.0,0.0,1,1,0,0
86556271,38.724525799999995,-77.5164669,63.375004,0.0,0.0,0.0,0.0,1,1,0,0
86677077,38.7245189,-77.5164613,63.376003,0.0,0.0,0.0,0.0,1,1,0,0
86809069,38.724511899999996,-77.5164557,63.370003,0.0,0.0,0.0,0.0,1,1,0,0
86930071,38.724505,-77.5164501,63.363003,0.0,0.0,0.0,0.0,1,1,0,0
87059078,38.724498,-77.51644449999999,63.362003,0.0,0.0,0.0,0.0,1,1,0,0
87180320,38.7244911,-77.5164389,63.364002,0.0,0.0,0.0,0.0,1,1,0,0
87312071,38.7244841,-77.5164333,63.366,0.0,0.0,0.0,0.0,1,1,0,0
87433070,38.724477199999995,-77.5164276,63.365,0.0,0.0,0.0,0.0,1,1,0,0
87561069,38.7244703,-77.51642199999999,63.364002,0.0,0.0,0.0,0.0,1,1,0,0
87682069,38.7244635,-77.5164164,63.356003,0.0,0.0,0.0,0.0,1,1,0,0
87803069,38.724456599999996,-77.5164107,63.355003,0.0,0.0,0.0,0.0,1,1,0,0
87935071,38.724449799999995,-77.5164051,63.344,0.0,0.0,0.0,0.0,1,1,0,0
88053068,38.724443,-77.5163994,63.340004,0.0,0.0,0.0,0.0,1,1,0,0
88185082,38.7244362,-77.5163939,63.327003,0.0,0.0,0.0,0.0,1,1,0,0
88317678,38.7244294,-77.5163883,63.31,0.0,0.0,0.0,0.0,1,1,0,0
88438566,38.7244226,-77.5163827,63.307003,0.0,0.0,0.0,0.0,1,1,0,0
88556070,38.724415799999996,-77.5163772,63.294003,0.0,0.0,0.0,0.0,1,1,0,0
88688467,38.724409,-77.5163716,63.276005,0.0,0.0,0.0,0.0,1,1,0,0
88809068,38.7244021,-77.5163662,63.257004,0.0,0.0,0.0,0.0,1,1,0,0
88941069,38.7243952,-77.51636069999999,63.245003,0.0,0.0,0.0,0.0,1,1,0,0
89059076,38.724388399999995,-77.5163553,63.227,0.0,0.0,0.0,0.0,1,1,0,0
89180068,38.7243815,-77.5163499,63.215004,0.0,0.0,0.0,0.0,1,1,0,0
89312270,38.7243746,-77.5163445,63.198,0.0,0.0,0.0,0.0,1,1,0,0
89433467,38.7243676,-77.516339,63.179005,0.0,0.0,0.0,0.0,1,1,0,0
89562175,38.7243607,-77.5163336,63.162003,0.0,0.0,0.0,0.0,1,1,0,0
89683069,38.7243537,-77.51632819999999,63.147003,0.0,0.0,0.0,0.0,1,1,0,0
89804068,38.7243467,-77.5163228,63.127003,0.0,0.0,0.0,0.0,1,1,0,0
89936177,38.7243397,-77.5163175,63.110004,0.0,0.0,0.0,0.0,1,1,0,0
90054069,38.7243327,-77.5163121,63.102,0.0,0.0,0.0,0.0,1,1,0,0
90186483,38.7243256,-77.5163068,63.087,0.0,0.0,0.0,0.0,1,1,0,0
90318069,38.724318499999995,-77.51630159999999,63.08,0.0,0.0,0.0,0.0,1,1,0,0
90439069,38.7243113,-77.5162964,63.066,0.0,0.0,0.0,0.0,1,1,0,0
90558069,38.7243042,-77.51629109999999,63.06,0.0,0.0,0.0,0.0,1,1,0,0
90679094,38.724297,-77.5162859,63.042004,0.0,0.0,0.0,0.0,1,1,0,0
90811068,38.724289899999995,-77.5162807,63.036003,0.0,0.0,0.0,0.0,1,1,0,0
90932157,38.724282699999996,-77.51627549999999,63.026005,0.0,0.0,0.0,0.0,1,1,0,0
91061088,38.7242755,-77.5162703,63.018,0.0,0.0,0.0,0.0,1,1,0,0
91182093,38.7242684,-77.51626499999999,63.004,0.0,0.0,0.0,0.0,1,1,0,0
91314616,38.7242612,-77.5162598,62.997,0.0,0.0,0.0,0.0,1,1,0,0
91435072,38.724254099999996,-77.5162545,62.982002,0.0,0.0,0.0,0.0,1,1,0,0
91564070,38.7242469,-77.5162493,62.972004,0.0,0.0,0.0,0.0,1,1,0,0
91696069,38.7242398,-77.516244,62.961002,0.0,0.0,0.0,0.0,1,1,0,0
91806070,38.7242327,-77.5162387,62.952003,0.0,0.0,0.0,0.0,1,1,0,0
91927102,38.7242256,-77.51623339999999,62.944004,0.0,0.0,0.0,0.0,1,1,0,0
92056111,38.7242185,-77.51622809999999,62.940002,0.0,0.0,0.0,0.0,1,1,0,0
92177069,38.7242114,-77.5162229,62.936005,0.0,0.0,0.0,0.0,1,1,0,0
92309100,38.7242043,-77.51621759999999,62.927002,0.0,0.0,0.0,0.0,1,1,0,0
92430071,38.7241972,-77.5162124,62.918003,0.0,0.0,0.0,0.0,1,1,0,0
92559070,38.7241901,-77.5162072,62.908005,0.0,0.0,0.0,0.0,1,1,0,0
92680161,38.724183,-77.5162021,62.891003,0.0,0.0,0.0,0.0,1,1,0,0
92812069,38.7241759,-77.5161969,62.878002,0.0,0.0,0.0,0.0,1,1,0,0
92933069,38.724168899999995,-77.5161918,62.859,0.0,0.0,0.0,0.0,1,1,0,0
93062089,38.7241619,-77.5161866,62.839005,0.0,0.0,0.0,0.0,1,1,0,0
93183089,38.7241548,-77.5161816,62.820004,0.0,0.0,0.0,0.0,1,1,0,0
93315071,38.7241478,-77.5161765,62.803,0.0,0.0,0.0,0.0,1,1,0,0
93436069,38.7241407,-77.5161715,62.782,0.0,0.0,0.0,0.0,1,1,0,0
93555090,38.724133599999995,-77.5161665,62.761,0.0,0.0,0.0,0.0,1,1,0,0
93676068,38.7241266,-77.5161615,62.734,0.0,0.0,0.0,0.0,1,1,0,0
93808277,38.7241195,-77.5161564,62.711002,0.0,0.0,0.0,0.0,1,1,0,0
93940284,38.724112399999996,-77.5161514,62.695004,0.0,0.0,0.0,0.0,1,1,0,0
94058072,38.7241053,-77.51614649999999,62.673004,0.0,0.0,0.0,0.0,1,1,0,0
94179070,38.7240982,-77.5161416,62.656002,0.0,0.0,0.0,0.0,1,1,0,0
94311071,38.724091099999995,-77.51613669999999,62.645004,0.0,0.0,0.0,0.0,1,1,0,0
94432202,38.7240839,-77.51613189999999,62.625004,0.0,0.0,0.0,0.0,1,1,0,0
94560071,38.7240768,-77.51612709999999,62.613003,0.0,0.0,0.0,0.0,1,1,0,0
94681533,38.7240696,-77.5161224,62.594,0.0,0.0,0.0,0.0,1,1,0,0
94802100,38.7240624,-77.5161177,62.581,0.0,0.0,0.0,0.0,1,1,0,0
94934138,38.724055199999995,-77.51611319999999,62.552002,0.0,0.0,0.0,0.0,1,1,0,0
95063070,38.724047999999996,-77.51610869999999,62.538002,0.0,0.0,0.0,0.0,1,1,0,0
95184069,38.724040699999996,-77.5161042,62.512005,0.0,0.0,0.0,0.0,1,1,0,0
95316289,38.7240335,-77.51609979999999,62.492004,0.0,0.0,0.0,0.0,1,1,0,0
95426101,38.7240262,-77.5160954,62.467003,0.0,0.0,0.0,0.0,1,1,0,0
95566073,38.7240189,-77.516091,62.441,0.0,0.0,0.0,0.0,1,1,0,0
95676083,38.7240117,-77.5160867,62.416004,0.0,0.0,0.0,0.0,1,1,0,0
95808093,38.7240044,-77.5160823,62.394005,0.0,0.0,0.0,0.0,1,1,0,0
95929070,38.7239971,-77.516078,62.370003,0.0,0.0,0.0,0.0,1,1,0,0
96068068,38.7239899,-77.51607349999999,62.342003,0.0,0.0,0.0,0.0,1,1,0,0
96178115,38.7239826,-77.516069,62.326004,0.0,0.0,0.0,0.0,1,1,0,0
96321069,38.7239754,-77.5160645,62.305004,0.0,0.0,0.0,0.0,1,1,0,0
96431070,38.7239681,-77.5160599,62.280003,0.0,0.0,0.0,0.0,1,1,0,0
96571072,38.7239609,-77.51605529999999,62.251003,0.0,0.0,0.0,0.0,1,1,0,0
96681070,38.723953699999996,-77.5160506,62.227,0.0,0.0,0.0,0.0,1,1,0,0
96813072,38.7239465,-77.5160459,62.187004,0.0,0.0,0.0,0.0,1,1,0,0
96934070,38.7239393,-77.5160411,62.172005,0.0,0.0,0.0,0.0,1,1,0,0
97074069,38.7239322,-77.5160362,62.15,0.0,0.0,0.0,0.0,1,1,0,0
97184069,38.723925,-77.5160313,62.121002,0.0,0.0,0.0,0.0,1,1,0,0
97316069,38.7239179,-77.5160263,62.103004,0.0,0.0,0.0,0.0,1,1,0,0
97437076,38.7239107,-77.5160214,62.08,0.0,0.0,0.0,0.0,1,1,0,0
97558068,38.7239035,-77.51601629999999,62.064003,0.0,0.0,0.0,0.0,1,1,0,0
97687069,38.7238963,-77.5160113,62.041004,0.0,0.0,0.0,0.0,1,1,0,0
97808070,38.7238891,-77.5160063,62.022003,0.0,0.0,0.0,0.0,1,1,0,0
97929101,38.723881999999996,-77.5160013,61.999004,0.0,0.0,0.0,0.0,1,1,0,0
98061070,38.7238748,-77.5159963,61.983,0.0,0.0,0.0,0.0,1,1,0,0
98179103,38.7238676,-77.5159913,61.969,0.0,0.0,0.0,0.0,1,1,0,0
98190038,38.7238676,-77.5159913,61.969,0.0,0.0,0.0,-0.27102923,1,1,0,0
98322071,38.7238604,-77.5159864,61.953003,0.0,0.0,0.0,0.0,1,1,0,0
98333038,38.7238604,-77.5159864,61.953003,0.0,0.0,0.0,-0.027062893,1,1,0,0
98432070,38.723853299999995,-77.5159815,61.925003,0.0,0.0,0.0,0.0,1,1,0,0
98553102,38.723846,-77.5159767,61.919003,0.0,0.0,0.0,0.0,1,1,0,0
98683070,38.723838799999996,-77.51597199999999,61.894005,0.0,0.0,0.0,0.0,1,1,0,0
98815211,38.7238316,-77.5159673,61.870003,0.0,0.0,0.0,0.0,1,1,0,0
98936260,38.7238244,-77.5159626,61.856003,0.0,0.0,0.0,0.0,1,1,0,0
99058351,38.7238172,-77.51595789999999,61.841003,0.0,0.0,0.0,0.0,1,1,0,0
99187606,38.72381,-77.51595309999999,61.815002,0.0,0.0,0.0,0.0,1,1,0,0
99319075,38.7238028,-77.5159484,61.791004,0.0,0.0,0.0,0.0,1,1,0,0
99429070,38.723795599999995,-77.5159436,61.779003,0.0,0.0,0.0,0.0,1,1,0,0
99440038,38.723795599999995,-77.5159436,61.779003,0.0,0.0,0.0,0.29380298,1,1,0,0
99561069,38.7237885,-77.5159389,61.757004,0.0,0.0,0.0,0.0,1,1,0,0
99678069,38.7237813,-77.515934,61.734,0.0,0.0,0.0,0.0,1,1,0,0
99810068,38.723774299999995,-77.515929,61.714005,0.0,0.0,0.0,0.0,1,1,0,0
99932069,38.7237672,-77.515924,61.689003,0.0,0.0,0.0,0.0,1,1,0,0
100053089,38.7237602,-77.5159189,61.669003,0.0,0.0,0.0,0.0,1,1,0,0
100182089,38.7237532,-77.51591379999999,61.636,0.0,0.0,0.0,0.0,1,1,0,0
100314089,38.723746299999995,-77.5159087,61.612003,0.0,0.0,0.0,0.0,1,1,0,0
100435069,38.7237393,-77.5159036,61.587,0.0,0.0,0.0,0.0,1,1,0,0
100556421,38.723732399999996,-77.51589849999999,61.569004,0.0,0.0,0.0,0.0,1,1,0,0
100685069,38.7237255,-77.5158934,61.544003,0.0,0.0,0.0,0.0,1,1,0,0
100807088,38.7237185,-77.5158883,61.518,0.0,0.0,0.0,0.0,1,1,0,0
100929069,38.7237115,-77.51588319999999,61.491,0.0,0.0,0.0,0.0,1,1,0,0
101050790,38.7237045,-77.5158781,61.472004,0.0,0.0,0.0,0.0,1,1,0,0
101179293,38.7236975,-77.515873,61.443005,0.0,0.0,0.0,0.0,1,1,0,0
101311337,38.7236905,-77.515868,61.412003,0.0,0.0,0.0,0.0,1,1,0,0
101432069,38.7236835,-77.5158629,61.379,0.0,0.0,0.0,0.0,1,1,0,0
101553127,38.7236766,-77.5158579,61.345,0.0,0.0,0.0,0.0,1,1,0,0
101681088,38.7236695,-77.5158529,61.321003,0.0,0.0,0.0,0.0,1,1,0,0
101813089,38.723662499999996,-77.5158479,61.286003,0.0,0.0,0.0,0.0,1,1,0,0
101934215,38.7236555,-77.5158429,61.255,0.0,0.0,0.0,0.0,1,1,0,0
102055435,38.723648499999996,-77.5158378,61.223003,0.0,0.0,0.0,0.0,1,1,0,0
102184075,38.7236414,-77.5158328,61.199,0.0,0.0,0.0,0.0,1,1,0,0
102317089,38.7236343,-77.5158278,61.179005,0.0,0.0,0.0,0.0,1,1,0,0
102428068,38.7236273,-77.5158228,61.157,0.0,0.0,0.0,0.0,1,1,0,0
102550069,38.7236203,-77.5158177,61.133003,0.0,0.0,0.0,0.0,1,1,0,0
102680113,38.723613199999996,-77.51581259999999,61.101,0.0,0.0,0.0,0.0,1,1,0,0
102802069,38.7236063,-77.5158075,61.073,0.0,0.0,0.0,0.0,1,1,0,0
102934748,38.723599199999995,-77.5158024,61.034004,0.0,0.0,0.0,0.0,1,1,0,0
103055071,38.7235923,-77.5157973,61.001003,0.0,0.0,0.0,0.0,1,1,0,0
103184588,38.723585299999996,-77.51579219999999,60.973003,0.0,0.0,0.0,0.0,1,1,0,0
103316069,38.7235783,-77.515787,60.941,0.0,0.0,0.0,0.0,1,1,0,0
103426101,38.7235714,-77.51578169999999,60.913002,0.0,0.0,0.0,0.0,1,1,0,0
103559071,38.7235644,-77.5157766,60.885002,0.0,0.0,0.0,0.0,1,1,0,0
103678504,38.7235574,-77.5157713,60.853004,0.0,0.0,0.0,0.0,1,1,0,0
103811071,38.7235504,-77.5157661,60.815002,0.0,0.0,0.0,0.0,1,1,0,0
103943836,38.7235435,-77.5157608,60.778004,0.0,0.0,0.0,0.0,1,1,0,0
104054246,38.7235365,-77.5157554,60.749004,0.0,0.0,0.0,0.0,1,1,0,0
104183792,38.7235295,-77.51575,60.718002,0.0,0.0,0.0,0.0,1,1,0,0
104315072,38.723522599999995,-77.51574459999999,60.690002,0.0,0.0,0.0,0.0,1,1,0,0
104426134,38.7235156,-77.51573909999999,60.659004,0.0,0.0,0.0,0.0,1,1,0,0
104558097,38.723508599999995,-77.5157337,60.624004,0.0,0.0,0.0,0.0,1,1,0,0
104686071,38.7235016,-77.51572829999999,60.599003,0.0,0.0,0.0,0.0,1,1,0,0
104807471,38.723494599999995,-77.5157229,60.565002,0.0,0.0,0.0,0.0,1,1,0,0
104928129,38.7234877,-77.51571729999999,60.524002,0.0,0.0,0.0,0.0,1,1,0,0
105061071,38.723480699999996,-77.51571179999999,60.483,0.0,0.0,0.0,0.0,1,1,0,0
105180392,38.7234737,-77.51570629999999,60.445004,0.0,0.0,0.0,0.0,1,1,0,0
105313021,38.723466699999996,-77.51570079999999,60.419003,0.0,0.0,0.0,0.0,1,1,0,0
105434092,38.7234597,-77.5156954,60.389004,0.0,0.0,0.0,0.0,1,1,0,0
105555069,38.7234526,-77.5156899,60.365,0.0,0.0,0.0,0.0,1,1,0,0
105684069,38.7234455,-77.5156844,60.338,0.0,0.0,0.0,0.0,1,1,0,0
105816069,38.7234385,-77.51567899999999,60.319004,0.0,0.0,0.0,0.0,1,1,0,0
105927069,38.723431399999996,-77.5156736,60.303,0.0,0.0,0.0,0.0,1,1,0,0
106060070,38.7234243,-77.5156682,60.280003,0.0,0.0,0.0,0.0,1,1,0,0
106178069,38.7234172,-77.5156628,60.259003,0.0,0.0,0.0,0.0,1,1,0,0
106312630,38.7234102,-77.5156575,60.232002,0.0,0.0,0.0,0.0,1,1,0,0
106433595,38.7234031,-77.51565219999999,60.213,0.0,0.0,0.0,0.0,1,1,0,0
106554069,38.723396,-77.5156469,60.185,0.0,0.0,0.0,0.0,1,1,0,0
106682069,38.723389,-77.5156416,60.152004,0.0,0.0,0.0,0.0,1,1,0,0
106814068,38.7233819,-77.51563639999999,60.135002,0.0,0.0,0.0,0.0,1,1,0,0
106924071,38.723374799999995,-77.5156312,60.111004,0.0,0.0,0.0,0.0,1,1,0,0
107056102,38.7233677,-77.5156259,60.090004,0.0,0.0,0.0,0.0,1,1,0,0
107176100,38.7233607,-77.5156207,60.075005,0.0,0.0,0.0,0.0,1,1,0,0
107309102,38.723353599999996,-77.5156155,60.06,0.0,0.0,0.0,0.0,1,1,0,0
107431180,38.7233465,-77.5156102,60.043003,0.0,0.0,0.0,0.0,1,1,0,0
107552070,38.7233394,-77.515605,60.028004,0.0,0.0,0.0,0.0,1,1,0,0
107681295,38.723332299999996,-77.5155997,60.002003,0.0,0.0,0.0,0.0,1,1,0,0
107802151,38.7233253,-77.5155944,59.973003,0.0,0.0,0.0,0.0,1,1,0,0
107934068,38.723318299999995,-77.5155892,59.944004,0.0,0.0,0.0,0.0,1,1,0,0
108055069,38.7233113,-77.5155839,59.911003,0.0,0.0,0.0,0.0,1,1,0,0
108184442,38.7233042,-77.5155786,59.872,0.0,0.0,0.0,0.0,1,1,0,0
108316069,38.7232972,-77.5155733,59.822002,0.0,0.0,0.0,0.0,1,1,0,0
108426068,38.7232902,-77.515568,59.787003,0.0,0.0,0.0,0.0,1,1,0,0
108558069,38.7232832,-77.51556269999999,59.763004,0.0,0.0,0.0,0.0,1,1,0,0
108687069,38.7232761,-77.5155573,59.727,0.0,0.0,0.0,0.0,1,1,0,0
108808085,38.723268999999995,-77.515552,59.683002,0.0,0.0,0.0,0.0,1,1,0,0
108930299,38.7232619,-77.5155468,59.652004,0.0,0.0,0.0,0.0,1,1,0,0
109062069,38.7232547,-77.51554159999999,59.621002,0.0,0.0,0.0,0.0,1,1,0,0
109179070,38.7232476,-77.5155365,59.579002,0.0,0.0,0.0,0.0,1,1,0,0
109311068,38.723240499999996,-77.51553129999999,59.532,0.0,0.0,0.0,0.0,1,1,0,0
109432070,38.723233199999996,-77.5155262,59.500004,0.0,0.0,0.0,0.0,1,1,0,0
109564069,38.723225899999996,-77.5155212,59.477,0.0,0.0,0.0,0.0,1,1,0,0
109682068,38.723218599999996,-77.5155163,59.445004,0.0,0.0,0.0,0.0,1,1,0,0
109803069,38.723211299999996,-77.5155114,59.408,0.0,0.0,0.0,0.0,1,1,0,0
109935087,38.723203999999996,-77.5155065,59.381004,0.0,0.0,0.0,0.0,1,1,0,0
110056069,38.7231966,-77.5155017,59.351,0.0,0.0,0.0,0.0,1,1,0,0
110185071,38.7231893,-77.5154968,59.324,0.0,0.0,0.0,0.0,1,1,0,0
110317089,38.7231819,-77.5154919,59.307003,0.0,0.0,0.0,0.0,1,1,0,0
110427909,38.7231745,-77.5154871,59.278004,0.0,0.0,0.0,0.0,1,1,0,0
110559070,38.7231672,-77.5154822,59.255,0.0,0.0,0.0,0.0,1,1,0,0
110687792,38.7231599,-77.51547719999999,59.228004,0.0,0.0,0.0,0.0,1,1,0,0
110808833,38.7231526,-77.5154723,59.207005,0.0,0.0,0.0,0.0,1,1,0,0
110929070,38.7231453,-77.5154673,59.189003,0.0,0.0,0.0,0.0,1,1,0,0
111061296,38.723138,-77.5154623,59.174004,0.0,0.0,0.0,0.0,1,1,0,0
111179071,38.7231307,-77.5154573,59.154003,0.0,0.0,0.0,0.0,1,1,0,0
111311069,38.7231236,-77.5154522,59.135002,0.0,0.0,0.0,0.0,1,1,0,0
111432069,38.723116399999995,-77.5154471,59.116,0.0,0.0,0.0,0.0,1,1,0,0
111553087,38.723109199999996,-77.515442,59.101,0.0,0.0,0.0,0.0,1,1,0,0
111684069,38.7231021,-77.5154368,59.083004,0.0,0.0,0.0,0.0,1,1,0,0
111805092,38.7230949,-77.5154318,59.054005,0.0,0.0,0.0,0.0,1,1,0,0
111937069,38.7230877,-77.51542669999999,59.035004,0.0,0.0,0.0,0.0,1,1,0,0
112058084,38.723080599999996,-77.5154216,59.014004,0.0,0.0,0.0,0.0,1,1,0,0
112186380,38.7230734,-77.5154165,58.988003,0.0,0.0,0.0,0.0,1,1,0,0
112307069,38.7230662,-77.5154113,58.969,0.0,0.0,0.0,0.0,1,1,0,0
112428102,38.723059,-77.51540609999999,58.949,0.0,0.0,0.0,0.0,1,1,0,0
112560069,38.7230519,-77.515401,58.929005,0.0,0.0,0.0,0.0,1,1,0,0
112689069,38.723044699999996,-77.5153958,58.913002,0.0,0.0,0.0,0.0,1,1,0,0
112700038,38.723044699999996,-77.5153958,58.913002,0.0,0.0,0.0,-0.3066101,1,1,0,0
112810129,38.7230376,-77.5153906,58.891003,0.0,0.0,0.0,0.0,1,1,0,0
112821038,38.7230376,-77.5153906,58.891003,0.0,0.0,0.0,0.010940552,1,1,0,0
112931070,38.7230304,-77.5153855,58.868004,0.0,0.0,0.0,0.0,1,1,0,0
113052100,38.7230233,-77.5153804,58.834003,0.0,0.0,0.0,0.0,1,1,0,0
113192069,38.723016099999995,-77.5153752,58.813004,0.0,0.0,0.0,0.0,1,1,0,0
113313070,38.723009,-77.5153701,58.791004,0.0,0.0,0.0,0.0,1,1,0,0
113434070,38.7230018,-77.5153651,58.759003,0.0,0.0,0.0,0.0,1,1,0,0
113555069,38.7229946,-77.51536,58.747,0.0,0.0,0.0,0.0,1,1,0,0
113676069,38.7229874,-77.5153548,58.72,0.0,0.0,0.0,0.0,1,1,0,0
113805071,38.7229801,-77.5153497,58.698,0.0,0.0,0.0,0.0,1,1,0,0
113926086,38.7229801,-77.5153497,58.698,0.0,0.0,0.0,0.30600262,1,1,0,0
113937069,38.722972899999995,-77.5153447,58.680004,0.0,0.0,0.0,0.0,1,1,0,0
114058070,38.722965599999995,-77.51533959999999,58.653004,0.0,0.0,0.0,0.0,1,1,0,0
114179068,38.722958399999996,-77.5153345,58.634003,0.0,0.0,0.0,0.0,1,1,0,0
114199038,38.722958399999996,-77.5153345,58.634003,0.0,0.0,0.0,-0.006831169,1,1,0,0
114309134,38.722951099999996,-77.5153294,58.609,0.0,0.0,0.0,0.0,1,1,0,0
114430070,38.7229439,-77.5153243,58.589005,0.0,0.0,0.0,0.0,1,1,0,0
114562068,38.7229367,-77.5153191,58.566,0.0,0.0,0.0,0.0,1,1,0,0
114683088,38.7229295,-77.51531399999999,58.550003,0.0,0.0,0.0,0.0,1,1,0,0
114801071,38.7229223,-77.5153088,58.532,0.0,0.0,0.0,0.0,1,1,0,0
114933070,38.722915,-77.5153035,58.503002,0.0,0.0,0.0,0.0,1,1,0,0
115054181,38.7229078,-77.5152983,58.483,0.0,0.0,0.0,0.0,1,1,0,0
115186098,38.7229005,-77.515293,58.459003,0.0,0.0,0.0,0.0,1,1,0,0
115314083,38.722893299999996,-77.5152878,58.436005,0.0,0.0,0.0,0.0,1,1,0,0
115435068,38.7228861,-77.51528259999999,58.410004,0.0,0.0,0.0,0.0,1,1,0,0
115556072,38.7228789,-77.5152774,58.389004,0.0,0.0,0.0,0.0,1,1,0,0
115677069,38.7228716,-77.5152722,58.367004,0.0,0.0,0.0,0.0,1,1,0,0
115806070,38.7228644,-77.515267,58.341003,0.0,0.0,0.0,0.0,1,1,0,0
115927101,38.7228571,-77.5152619,58.319004,0.0,0.0,0.0,0.0,1,1,0,0
116059069,38.7228498,-77.5152568,58.301003,0.0,0.0,0.0,0.0,1,1,0,0
116180069,38.7228424,-77.5152518,58.279003,0.0,0.0,0.0,0.0,1,1,0,0
116309070,38.7228351,-77.5152469,58.263004,0.0,0.0,0.0,0.0,1,1,0,0
116430102,38.722827699999996,-77.515242,58.241,0.0,0.0,0.0,0.0,1,1,0,0
116562733,38.722820399999996,-77.5152371,58.223003,0.0,0.0,0.0,0.0,1,1,0,0
116683071,38.722812999999995,-77.5152323,58.200005,0.0,0.0,0.0,0.0,1,1,0,0
116812473,38.722805699999995,-77.5152276,58.180004,0.0,0.0,0.0,0.0,1,1,0,0
116933069,38.7227983,-77.51522279999999,58.162003,0.0,0.0,0.0,0.0,1,1,0,0
117065069,38.7227909,-77.5152181,58.148003,0.0,0.0,0.0,0.0,1,1,0,0
117175101,38.7227836,-77.5152133,58.132004,0.0,0.0,0.0,0.0,1,1,0,0
117315278,38.7227762,-77.5152085,58.123,0.0,0.0,0.0,0.0,1,1,0,0
117436762,38.7227688,-77.5152037,58.110004,0.0,0.0,0.0,0.0,1,1,0,0
117557070,38.722761399999996,-77.5151988,58.095,0.0,0.0,0.0,0.0,1,1,0,0
117678138,38.722754099999996,-77.5151939,58.081,0.0,0.0,0.0,0.0,1,1,0,0
117807069,38.722746799999996,-77.5151889,58.056004,0.0,0.0,0.0,0.0,1,1,0,0
117928147,38.7227396,-77.5151839,58.042004,0.0,0.0,0.0,0.0,1,1,0,0
118060069,38.7227324,-77.5151789,58.020004,0.0,0.0,0.0,0.0,1,1,0,0
118181328,38.7227252,-77.5151739,57.989002,0.0,0.0,0.0,0.0,1,1,0,0
118321193,38.722718,-77.51516889999999,57.967003,0.0,0.0,0.0,0.0,1,1,0,0
118431074,38.7227108,-77.51516389999999,57.936005,0.0,0.0,0.0,0.0,1,1,0,0
118552069,38.722703599999996,-77.5151589,57.918003,0.0,0.0,0.0,0.0,1,1,0,0
118684070,38.7226964,-77.5151538,57.903004,0.0,0.0,0.0,0.0,1,1,0,0
118813305,38.7226893,-77.5151487,57.878002,0.0,0.0,0.0,0.0,1,1,0,0
118935138,38.7226821,-77.5151436,57.853004,0.0,0.0,0.0,0.0,1,1,0,0
119056068,38.7226749,-77.5151384,57.831,0.0,0.0,0.0,0.0,1,1,0,0
119177069,38.722667799999996,-77.5151334,57.806004,0.0,0.0,0.0,0.0,1,1,0,0
119317086,38.7226606,-77.5151284,57.785004,0.0,0.0,0.0,0.0,1,1,0,0
119427093,38.7226534,-77.5151233,57.770004,0.0,0.0,0.0,0.0,1,1,0,0
119559070,38.7226463,-77.5151182,57.753002,0.0,0.0,0.0,0.0,1,1,0,0
119681070,38.722639199999996,-77.5151132,57.731003,0.0,0.0,0.0,0.0,1,1,0,0
119811094,38.7226321,-77.5151082,57.712,0.0,0.0,0.0,0.0,1,1,0,0
119932488,38.722625,-77.5151032,57.698,0.0,0.0,0.0,0.0,1,1,0,0
120053393,38.722617899999996,-77.5150982,57.685,0.0,0.0,0.0,0.0,1,1,0,0
120185070,38.7226108,-77.51509329999999,57.671,0.0,0.0,0.0,0.0,1,1,0,0
120314089,38.7226037,-77.5150884,57.670002,0.0,0.0,0.0,0.0,1,1,0,0
120435069,38.722596599999996,-77.5150835,57.661003,0.0,0.0,0.0,0.0,1,1,0,0
120556070,38.7225895,-77.5150788,57.649002,0.0,0.0,0.0,0.0,1,1,0,0
120677069,38.7225824,-77.515074,57.634003,0.0,0.0,0.0,0.0,1,1,0,0
120817086,38.722575299999995,-77.5150694,57.620003,0.0,0.0,0.0,0.0,1,1,0,0
120927095,38.7225683,-77.51506479999999,57.609,0.0,0.0,0.0,0.0,1,1,0,0
121059070,38.7225612,-77.5150602,57.598003,0.0,0.0,0.0,0.0,1,1,0,0
121180067,38.722554099999996,-77.51505569999999,57.577003,0.0,0.0,0.0,0.0,1,1,0,0
121320069,38.722547,-77.5150512,57.561005,0.0,0.0,0.0,0.0,1,1,0,0
121441701,38.722539999999995,-77.5150467,57.552002,0.0,0.0,0.0,0.0,1,1,0,0
121562092,38.7225329,-77.5150422,57.537003,0.0,0.0,0.0,0.0,1,1,0,0
121683088,38.7225258,-77.5150377,57.528004,0.0,0.0,0.0,0.0,1,1,0,0
121812078,38.722518799999996,-77.51503319999999,57.511,0.0,0.0,0.0,0.0,1,1,0,0
121933069,38.7225117,-77.5150287,57.500004,0.0,0.0,0.0,0.0,1,1,0,0
122065069,38.7225047,-77.51502409999999,57.481003,0.0,0.0,0.0,0.0,1,1,0,0
122186070,38.7224977,-77.5150195,57.480003,0.0,0.0,0.0,0.0,1,1,0,0
122315070,38.722490799999996,-77.5150149,57.47,0.0,0.0,0.0,0.0,1,1,0,0
122436098,38.7224839,-77.51501019999999,57.458004,0.0,0.0,0.0,0.0,1,1,0,0
122557290,38.7224771,-77.5150055,57.459003,0.0,0.0,0.0,0.0,1,1,0,0
122689070,38.7224703,-77.5150007,57.456,0.0,0.0,0.0,0.0,1,1,0,0
122807195,38.7224636,-77.5149959,57.446003,0.0,0.0,0.0,0.0,1,1,0,0
122928069,38.7224569,-77.5149911,57.444004,0.0,0.0,0.0,0.0,1,1,0,0
123060459,38.7224502,-77.5149864,57.438004,0.0,0.0,0.0,0.0,1,1,0,0
123181309,38.7224435,-77.5149816,57.426003,0.0,0.0,0.0,0.0,1,1,0,0
123322069,38.7224368,-77.5149768,57.424004,0.0,0.0,0.0,0.0,1,1,0,0
123432070,38.7224301,-77.514972,57.410004,0.0,0.0,0.0,0.0,1,1,0,0
123553089,38.7224235,-77.5149673,57.4,0.0,0.0,0.0,0.0,1,1,0,0
123685090,38.7224169,-77.51496259999999,57.38,0.0,0.0,0.0,0.0,1,1,0,0
123803068,38.7224103,-77.5149579,57.372,0.0,0.0,0.0,0.0,1,1,0,0
123935068,38.7224037,-77.5149531,57.357002,0.0,0.0,0.0,0.0,1,1,0,0
124056069,38.722397099999995,-77.5149484,57.338,0.0,0.0,0.0,0.0,1,1,0,0
124177101,38.7223906,-77.5149438,57.331,0.0,0.0,0.0,0.0,1,1,0,0
124317356,38.722384,-77.51493909999999,57.320004,0.0,0.0,0.0,0.0,1,1,0,0
124427124,38.7223775,-77.5149345,57.311,0.0,0.0,0.0,0.0,1,1,0,0
124560182,38.722370999999995,-77.5149299,57.293003,0.0,0.0,0.0,0.0,1,1,0,0
124681277,38.7223646,-77.5149253,57.275,0.0,0.0,0.0,0.0,1,1,0,0
124810072,38.7223581,-77.51492069999999,57.257004,0.0,0.0,0.0,0.0,1,1,0,0
124931068,38.7223517,-77.5149162,57.268,0.0,0.0,0.0,0.0,1,1,0,0
125052069,38.7223452,-77.5149118,57.280003,0.0,0.0,0.0,0.0,1,1,0,0
125184069,38.7223389,-77.5149074,57.277004,0.0,0.0,0.0,0.0,1,1,0,0
125313112,38.7223325,-77.51490299999999,57.276,0.0,0.0,0.0,0.0,1,1,0,0
125434941,38.7223262,-77.5148987,57.266003,0.0,0.0,0.0,0.0,1,1,0,0
125555070,38.722319999999996,-77.5148944,57.271004,0.0,0.0,0.0,0.0,1,1,0,0
125676102,38.7223137,-77.5148901,57.276,0.0,0.0,0.0,0.0,1,1,0,0
125816069,38.7223075,-77.5148858,57.272003,0.0,0.0,0.0,0.0,1,1,0,0
125926172,38.7223013,-77.5148815,57.267002,0.0,0.0,0.0,0.0,1,1,0,0
126058350,38.7222952,-77.5148772,57.270004,0.0,0.0,0.0,0.0,1,1,0,0
126179069,38.7222891,-77.5148729,57.276,0.0,0.0,0.0,0.0,1,1,0,0
126319089,38.722283,-77.5148686,57.269,0.0,0.0,0.0,0.0,1,1,0,0
126440090,38.722277,-77.5148643,57.259003,0.0,0.0,0.0,0.0,1,1,0,0
126561070,38.722271,-77.51486,57.256004,0.0,0.0,0.0,0.0,1,1,0,0
126682069,38.7222651,-77.5148557,57.255,0.0,0.0,0.0,0.0,1,1,0,0
126810070,38.722259199999996,-77.5148514,57.252003,0.0,0.0,0.0,0.0,1,1,0,0
126932070,38.7222533,-77.5148471,57.250004,0.0,0.0,0.0,0.0,1,1,0,0
127053384,38.7222474,-77.51484289999999,57.252003,0.0,0.0,0.0,0.0,1,1,0,0
127185160,38.7222416,-77.51483859999999,57.242004,0.0,0.0,0.0,0.0,1,1,0,0
127314090,38.7222358,-77.5148344,57.24,0.0,0.0,0.0,0.0,1,1,0,0
127435089,38.722229999999996,-77.51483019999999,57.241,0.0,0.0,0.0,0.0,1,1,0,0
127556089,38.7222241,-77.514826,57.244003,0.0,0.0,0.0,0.0,1,1,0,0
127688114,38.7222183,-77.5148219,57.229004,0.0,0.0,0.0,0.0,1,1,0,0
127806069,38.7222125,-77.5148178,57.230003,0.0,0.0,0.0,0.0,1,1,0,0
127938072,38.7222067,-77.51481369999999,57.232002,0.0,0.0,0.0,0.0,1,1,0,0
128059116,38.722201,-77.5148097,57.233,0.0,0.0,0.0,0.0,1,1,0,0
128180071,38.722195299999996,-77.5148057,57.229004,0.0,0.0,0.0,0.0,1,1,0,0
128319071,38.7221895,-77.5148018,57.238003,0.0,0.0,0.0,0.0,1,1,0,0
128429133,38.722183799999996,-77.51479789999999,57.229004,0.0,0.0,0.0,0.0,1,1,0,0
128562432,38.722178199999995,-77.514794,57.230003,0.0,0.0,0.0,0.0,1,1,0,0
128683070,38.7221725,-77.5147901,57.223003,0.0,0.0,0.0,0.0,1,1,0,0
128812119,38.7221669,-77.5147862,57.223003,0.0,0.0,0.0,0.0,1,1,0,0
128944088,38.722161199999995,-77.5147825,57.230003,0.0,0.0,0.0,0.0,1,1,0,0
129054089,38.7221556,-77.5147787,57.229004,0.0,0.0,0.0,0.0,1,1,0,0
129187745,38.72215,-77.514775,57.236004,0.0,0.0,0.0,0.0,1,1,0,0
129317060,38.7221445,-77.51477129999999,57.230003,0.0,0.0,0.0,0.0,1,1,0,0
129427069,38.722139,-77.5147677,57.233,0.0,0.0,0.0,0.0,1,1,0,0
129559069,38.7221335,-77.514764,57.233,0.0,0.0,0.0,0.0,1,1,0,0
129680068,38.722128,-77.5147604,57.231003,0.0,0.0,0.0,0.0,1,1,0,0
129809071,38.7221225,-77.5147568,57.229004,0.0,0.0,0.0,0.0,1,1,0,0
129930069,38.7221171,-77.5147532,57.227,0.0,0.0,0.0,0.0,1,1,0,0
130062069,38.7221117,-77.5147496,57.221004,0.0,0.0,0.0,0.0,1,1,0,0
130183069,38.7221063,-77.514746,57.22,0.0,0.0,0.0,0.0,1,1,0,0
130312094,38.722100999999995,-77.5147424,57.216003,0.0,0.0,0.0,0.0,1,1,0,0
130433069,38.7220958,-77.5147388,57.212,0.0,0.0,0.0,0.0,1,1,0,0
130554069,38.7220905,-77.51473519999999,57.217003,0.0,0.0,0.0,0.0,1,1,0,0
130686069,38.722085299999996,-77.5147315,57.211002,0.0,0.0,0.0,0.0,1,1,0,0
130815719,38.7220801,-77.51472799999999,57.206,0.0,0.0,0.0,0.0,1,1,0,0
130926611,38.722074899999996,-77.51472439999999,57.206,0.0,0.0,0.0,0.0,1,1,0,0
131058090,38.7220697,-77.5147209,57.206,0.0,0.0,0.0,0.0,1,1,0,0
131320500,38.7220595,-77.51471389999999,57.206,0.0,0.0,0.0,0.0,1,1,0,0
131342063,38.72205332265774,-77.51470994259398,60.752716,-591.8589,332.31287,0.7392095,2.3604255,1,1,1,0
131416065,38.72205010437127,-77.51470773643425,60.712677,-592.21674,332.50427,0.7792481,2.3604424,1,1,1,0
131504063,38.72204691023658,-77.51470553414293,60.675247,-592.5719,332.69534,0.81667656,2.3595912,1,1,1,0
131581065,38.72204372927592,-77.51470334416322,60.637394,-592.9256,332.88535,0.8545297,2.35856,1,1,1,0
131658098,38.72204055654885,-77.51470115734925,60.600307,-593.2784,333.07507,0.891615,2.3581676,1,1,1,0
131735063,38.72203739205537,-77.514698973701,60.563183,-593.63025,333.26453,0.92874163,2.3584034,1,1,1,0
131823063,38.72203422811086,-77.51469679286713,60.525475,-593.98206,333.45374,0.96644926,2.3587747,1,1,1,0
131899445,38.72203108008494,-77.51469462680711,60.489536,-594.3321,333.64166,1.002387,2.35852,1,1,1,0
131976063,38.72202793699956,-77.51469247411448,60.452213,-594.6816,333.82843,1.0397115,2.3572397,1,1,1,0
132064912,38.7220244102228,-77.51469005937048,60.40727,-595.0737,334.03793,1.084655,2.3561902,1,1,1,0
132152063,38.722021299523185,-77.51468792567233,60.370827,-595.4196,334.22305,1.1210965,2.355991,1,1,1,0
132229312,38.72201821462239,-77.51468580534043,60.333893,-595.76263,334.407,1.1580303,2.356382,1,1,1,0
132306063,38.722015131917345,-77.51468369063697,60.296394,-596.1054,334.59048,1.1955308,2.356363,1,1,1,0
132390305,38.72201207720651,-77.5146815826159,60.261593,-596.44507,334.77338,1.2303312,2.3557582,1,1,1,0
132467063,38.722009025789234,-77.51467948057503,60.22624,-596.78436,334.95575,1.2656856,2.3548338,1,1,1,0
132544273,38.722005972725114,-77.51467737536844,60.18976,-597.12384,335.1384,1.3021656,2.354074,1,1,1,0
132632065,38.722002938323634,-77.51467526980925,60.154064,-597.46124,335.32108,1.3378612,2.353733,1,1,1,0
132709064,38.7219999094113,-77.51467316952655,60.118336,-597.79803,335.5033,1.3735888,2.3537965,1,1,1,0
132786064,38.72199688983059,-77.51467107874143,60.083565,-598.1338,335.6847,1.4083585,2.35372,1,1,1,0
132871063,38.72199388946177,-77.5146689985087,60.05022,-598.4674,335.86517,1.4417048,2.3533788,1,1,1,0
132948220,38.72199089567994,-77.51466692390417,60.015095,-598.8003,336.04517,1.476831,2.3527575,1,1,1,0
133036067,38.72198754455432,-77.51466459780038,59.977894,-599.1729,336.24698,1.514031,2.3519876,1,1,1,0
133124065,38.721984206053996,-77.51466228928483,59.943027,-599.5441,336.44727,1.5488983,2.3514414,1,1,1,0
133212064,38.72198123697352,-77.51466024106263,59.91103,-599.87427,336.62497,1.5808934,2.3508124,1,1,1,0
133300099,38.721977906707096,-77.51465794626624,59.87527,-600.24457,336.82407,1.6166538,2.3500948,1,1,1,0
133386063,38.72197460663092,-77.51465567151959,59.8435,-600.6115,337.02142,1.6484272,2.3495054,1,1,1,0
133474065,38.72197133125597,-77.51465341647118,59.811123,-600.9757,337.21707,1.6808009,2.3491156,1,1,1,0
133562431,38.7219684384745,-77.51465142065996,59.782246,-601.29736,337.39023,1.7096771,2.348968,1,1,1,0
133650064,38.7219651998761,-77.51464917123832,59.75068,-601.6575,337.5854,1.741245,2.348472,1,1,1,0
133739078,38.721961975000305,-77.51464692463034,59.71882,-602.01605,337.7803,1.773105,2.3479867,1,1,1,0
133827463,38.72195875396677,-77.5146446773188,59.685425,-602.3742,337.97528,1.8064982,2.347417,1,1,1,0
133923317,38.72195517613844,-77.51464218202592,59.64739,-602.77203,338.19177,1.8445343,2.346839,1,1,1,0
134022065,38.721951983099316,-77.51463994948782,59.6176,-603.1271,338.38547,1.8743262,2.3466537,1,1,1,0
134110078,38.72194879939143,-77.51463771483874,59.588387,-603.4811,338.57935,1.9035361,2.3468764,1,1,1,0
134198064,38.72194562995538,-77.51463549250118,59.55791,-603.8335,338.77216,1.9340131,2.3468828,1,1,1,0
134286062,38.72194247753568,-77.51463328317855,59.52877,-604.184,338.96384,1.9631552,2.346569,1,1,1,0
134381065,38.721939336094444,-77.5146310879265,59.500633,-604.5333,339.1543,1.9912921,2.346364,1,1,1,0
134469064,38.72193620672929,-77.51462890041302,59.473343,-604.8813,339.3441,2.01858,2.3465073,1,1,1,0
134557071,38.721933090538116,-77.51462672345221,59.443233,-605.2278,339.53296,2.0486917,2.3469074,1,1,1,0
134645064,38.721930002890595,-77.51462457005893,59.41559,-605.5711,339.7198,2.076336,2.3472886,1,1,1,0
134733064,38.72192692402571,-77.51462242370083,59.38502,-605.91345,339.906,2.1069014,2.347673,1,1,1,0
134832760,38.721923506480444,-77.5146200501153,59.352406,-606.29346,340.11194,2.1395185,2.3479648,1,1,1,0
134928155,38.72192044243662,-77.51461792697388,59.3233,-606.63416,340.29614,2.1686232,2.348421,1,1,1,0
135016283,38.72191738827326,-77.51461581192291,59.296078,-606.97375,340.47964,2.195846,2.3489091,1,1,1,0
135104083,38.721914335207586,-77.51461369440963,59.26989,-607.31323,340.66336,2.2220347,2.3495007,1,1,1,0
135192448,38.721911283788785,-77.51461158287663,59.242825,-607.6525,340.84656,2.249099,2.3502874,1,1,1,0
135291094,38.72190824938635,-77.5146094843585,59.21627,-607.9899,341.02863,2.2756546,2.3510778,1,1,1,0
135387063,38.721904910885335,-77.51460718710486,59.189888,-608.36115,341.22794,2.3020349,2.3518364,1,1,1,0
135475064,38.72190192149448,-77.51460513853655,59.167686,-608.69354,341.40567,2.3242373,2.3527179,1,1,1,0
135564064,38.721898948571344,-77.51460311001865,59.146015,-609.0241,341.58167,2.3459084,2.353762,1,1,1,0
135663088,38.721895656729245,-77.5146008827661,59.120472,-609.39014,341.7749,2.3714519,2.3550305,1,1,1,0
135762093,38.7218923599473,-77.51459866536369,59.093964,-609.7567,341.9673,2.3979597,2.356552,1,1,1,0
135861064,38.72188940129681,-77.51459667518891,59.071873,-610.0857,342.13995,2.420053,2.3578105,1,1,1,0
135945064,38.721886453624656,-77.51459469486338,59.049797,-610.41345,342.31177,2.4421277,2.3587608,1,1,1,0
136044064,38.72188318648447,-77.514592511582,59.02494,-610.77673,342.5012,2.4669821,2.3599467,1,1,1,0
136143062,38.721879929225544,-77.51459035960816,58.99952,-611.1389,342.6879,2.4924035,2.361145,1,1,1,0
136242318,38.72187668514065,-77.51458821959412,58.972626,-611.49963,342.87357,2.5192993,2.3627858,1,1,1,0
136341748,38.72187346026806,-77.51458610244451,58.94756,-611.8582,343.05725,2.544366,2.3643084,1,1,1,0
136448087,38.72187024417888,-77.5145840151954,58.924644,-612.2158,343.23834,2.567278,2.3650675,1,1,1,0
136547063,38.7218670335791,-77.51458194061006,58.904015,-612.5728,343.41833,2.587909,2.3661528,1,1,1,0
136646275,38.72186383176221,-77.51457988009534,58.885098,-612.92883,343.5971,2.606825,2.3676393,1,1,1,0
136745200,38.721860628847644,-77.51457782450574,58.86571,-613.285,343.77545,2.6262138,2.3691883,1,1,1,0
136844063,38.72185745063401,-77.5145757801717,58.84796,-613.63837,343.95282,2.6439624,2.3710423,1,1,1,0
136951437,38.72185399741468,-77.51457357016757,58.82967,-614.02234,344.14456,2.6622555,2.3727689,1,1,1,0
137061871,38.7218505793267,-77.51457140870652,58.81176,-614.4024,344.3321,2.680166,2.3737564,1,1,1,0
137171325,38.721847190330976,-77.51456926096324,58.79577,-614.77924,344.51843,2.6961558,2.375849,1,1,1,0
137282064,38.72184380078663,-77.51456712306985,58.780823,-615.1561,344.70392,2.7111006,2.3779569,1,1,1,0
137381101,38.72184070106935,-77.5145651814504,58.764355,-615.5008,344.87238,2.7275689,2.3797255,1,1,1,0
137488064,38.7218376002539,-77.51456323068503,58.748306,-615.8456,345.04163,2.7436173,2.3818774,1,1,1,0
137587064,38.721834513162186,-77.51456131509644,58.732685,-616.18884,345.20782,2.7592409,2.38294,1,1,1,0
137686063,38.72183145351689,-77.51455943925696,58.719013,-616.52905,345.37057,2.7729108,2.3844054,1,1,1,0
137796076,38.72182811996378,-77.5145574005616,58.703823,-616.8997,345.54745,2.7881007,2.3873363,1,1,1,0
137903108,38.72182482428703,-77.51455542483185,58.69088,-617.2662,345.71887,2.8010461,2.3899033,1,1,1,0
138013082,38.721821532453426,-77.51455347442977,58.682907,-617.6322,345.8881,2.8090155,2.3918989,1,1,1,0
138123083,38.721818254342494,-77.51455152824839,58.67228,-617.9967,346.05695,2.8196464,2.3938427,1,1,1,0
138233084,38.72181496470427,-77.5145495732735,58.6577,-618.3625,346.22656,2.8342237,2.396262,1,1,1,0
138333399,38.72181196873516,-77.51454780577777,58.645798,-618.6956,346.3799,2.8461277,2.3988318,1,1,1,0
138440315,38.72180868403917,-77.51454591447398,58.631794,-619.06085,346.544,2.8601315,2.4006848,1,1,1,0
138550338,38.72180540483388,-77.5145440734737,58.619305,-619.4255,346.70374,2.8726199,2.4008946,1,1,1,0
138660215,38.721802135511744,-77.51454231865759,58.602936,-619.789,346.856,2.888988,2.4006622,1,1,1,0
138770203,38.7217988908914,-77.5145405993694,58.58971,-620.1498,347.00516,2.902214,2.4014926,1,1,1,0
138880117,38.72179567536292,-77.51453888219038,58.57635,-620.5073,347.15414,2.915573,2.4038432,1,1,1,0
138998364,38.72179247575271,-77.51453716852836,58.562126,-620.8631,347.30283,2.9297976,2.4045007,1,1,1,0
139108064,38.72178928712069,-77.5145354597907,58.548428,-621.21765,347.45108,2.9434962,2.4025452,1,1,1,0
139218064,38.72178611330929,-77.51453375949494,58.533215,-621.57056,347.5986,2.9587092,2.4004145,1,1,1,0
139328063,38.72178296804095,-77.51453206377077,58.518116,-621.9203,347.74573,2.973808,2.4002607,1,1,1,0
139435066,38.72177985241367,-77.51453037859832,58.5051,-622.2667,347.89194,2.9868233,2.4009917,1,1,1,0
139556188,38.721776481543095,-77.51452858579762,58.493896,-622.64154,348.0475,2.9980278,2.399222,1,1,1,0
139677064,38.72177313756983,-77.51452682571052,58.483086,-623.01337,348.2002,3.0088396,2.3955047,1,1,1,0
139798065,38.721769827079726,-77.51452507019475,58.471916,-623.3815,348.3525,3.020008,2.3931952,1,1,1,0
139916109,38.72176654952384,-77.5145233171397,58.464752,-623.7459,348.5046,3.027174,2.392496,1,1,1,0
140037062,38.721763284593436,-77.51452158624586,58.45705,-624.10895,348.6548,3.034873,2.3903713,1,1,1,0
140159094,38.72175978637498,-77.51451972345023,58.447006,-624.4979,348.8164,3.044917,2.3870602,1,1,1,0
140280066,38.721756602682454,-77.51451800380889,58.43773,-624.8519,348.9656,3.0541945,2.3836944,1,1,1,0
140401064,38.721753458512296,-77.51451632567472,58.427917,-625.20154,349.1112,3.0640056,2.3796728,1,1,1,0
140519152,38.72175032367461,-77.51451468166222,58.416763,-625.5501,349.25385,3.0751598,2.37467,1,1,1,0
140651364,38.72174696488117,-77.51451293318577,58.40449,-625.9236,349.40555,3.087433,2.3705778,1,1,1,0
140783397,38.72174366097761,-77.51451117485674,58.394814,-626.29095,349.5581,3.0971096,2.368412,1,1,1,0
140923299,38.721740136959355,-77.51450927653448,58.38616,-626.6828,349.7228,3.1057618,2.3636432,1,1,1,0
141055064,38.72173690825613,-77.5145075410668,58.379498,-627.0418,349.87338,3.1124268,2.3574548,1,1,1,0
141187064,38.72173371413265,-77.51450577358597,58.36914,-627.397,350.02673,3.122783,2.3523564,1,1,1,0
141308335,38.72173056941024,-77.51450400364007,58.361675,-627.74664,350.1803,3.1302507,2.3485084,1,1,1,0
141438785,38.721727449388126,-77.5145022248986,58.354183,-628.09357,350.33463,3.137741,2.3445365,1,1,1,0
141570063,38.72172437382685,-77.51450043982285,58.34869,-628.43555,350.4895,3.1432352,2.3399687,1,1,1,0
141702075,38.72172132131783,-77.51449860760836,58.342422,-628.77496,350.64847,3.1495001,2.3349113,1,1,1,0
141834065,38.721718273199286,-77.5144967549909,58.333637,-629.1139,350.8092,3.1582882,2.3299556,1,1,1,0
141963065,38.721715236058905,-77.51449490659427,58.325275,-629.4516,350.96957,3.1666498,2.326109,1,1,1,0
142095063,38.721712225814706,-77.51449305784449,58.3159,-629.7863,351.12997,3.176025,2.3242352,1,1,1,0
142228063,38.72170902125479,-77.51449108563347,58.306973,-630.14264,351.3011,3.184951,2.3226113,1,1,1,0
142371068,38.72170585237346,-77.51448911271706,58.297222,-630.495,351.47226,3.1947021,2.3204064,1,1,1,0
142511063,38.721702693921294,-77.51448714120733,58.29196,-630.8462,351.6433,3.199961,2.3183615,1,1,1,0
142654064,38.721699554131064,-77.51448514894209,58.287136,-631.1953,351.81616,3.204787,2.3178847,1,1,1,0
142797731,38.721696203557585,-77.51448302055277,58.276363,-631.5679,352.00082,3.2155595,2.3169546,1,1,1,0
142947316,38.721692867805984,-77.51448093718979,58.26518,-631.9388,352.18158,3.2267454,2.3141923,1,1,1,0
143090346,38.721689775223936,-77.51447902266428,58.25506,-632.28265,352.3477,3.2368674,2.312923,1,1,1,0
143233063,38.72168670185391,-77.514477121857,58.2483,-632.6244,352.5126,3.2436256,2.3129487,1,1,1,0
143376062,38.72168365867364,-77.51447522562121,58.24156,-632.96277,352.67712,3.2503622,2.3125987,1,1,1,0
143517108,38.72168042062797,-77.51447318376262,58.237152,-633.3228,352.85428,3.2547727,2.3105297,1,1,1,0
143671466,38.72167720453754,-77.51447111868593,58.231663,-633.6804,353.03345,3.26026,2.3084857,1,1,1,0
143815063,38.721674205817,-77.51446918586373,58.22468,-634.01385,353.20114,3.2672436,2.3076885,1,1,1,0
143955064,38.72167123234685,-77.51446727942322,58.22145,-634.3445,353.36655,3.2704728,2.3071387,1,1,1,0
144098063,38.72166808651862,-77.51446529489908,58.217827,-634.6943,353.53873,3.274098,2.30636,1,1,1,0
144252256,38.72166497801616,-77.51446332338858,58.21477,-635.0399,353.70978,3.2771533,2.3067727,1,1,1,0
144406642,38.721661719659096,-77.51446122982159,58.21457,-635.4022,353.89142,3.2773569,2.3078384,1,1,1,0
144558620,38.7216586627533,-77.51445925549433,58.214085,-635.7421,354.0627,3.2778409,2.3084764,1,1,1,0
144712064,38.72165560584868,-77.51445731599276,58.21025,-636.08203,354.231,3.2816734,2.3089097,1,1,1,0
144866064,38.721652361215185,-77.51445525443687,58.20647,-636.4428,354.40985,3.2854548,2.3104162,1,1,1,0
145028064,38.72164916982736,-77.51445325584547,58.20334,-636.79767,354.58325,3.288586,2.3115363,1,1,1,0
145193064,38.72164603552711,-77.5144513079063,58.20066,-637.1462,354.75226,3.2912626,2.3133235,1,1,1,0
145347465,38.72164293965085,-77.51444938423741,58.198025,-637.4904,354.91916,3.293899,2.3151298,1,1,1,0
145509065,38.72163985146018,-77.51444748906188,58.19452,-637.8338,355.0836,3.297405,2.3156211,1,1,1,0
145674156,38.72163675778007,-77.51444558298184,58.189243,-638.1778,355.24896,3.3026803,2.3161619,1,1,1,0
145828062,38.72163368770515,-77.51444374619989,58.186657,-638.51917,355.40833,3.3052669,2.316441,1,1,1,0
146001064,38.72163047601141,-77.51444185243899,58.18441,-638.8763,355.57263,3.3075147,2.3169334,1,1,1,0
146177299,38.72162716935527,-77.51443989395753,58.18451,-639.24396,355.74255,3.3074148,2.3182278,1,1,1,0
146364084,38.72162390606381,-77.5144379762794,58.19197,-639.6068,355.90894,3.2999551,2.317617,1,1,1,0
146537063,38.721620669120256,-77.51443607618859,58.195965,-639.96674,356.0738,3.2959592,2.31777,1,1,1,0
146724661,38.72161724719433,-77.51443411208591,58.19741,-640.3472,356.2442,3.2945137,2.3168948,1,1,1,0
146911063,38.72161400202032,-77.51443230204974,58.197018,-640.70807,356.40125,3.2949064,2.3147311,1,1,1,0
147084653,38.721610884741104,-77.51443050853969,58.196438,-641.0547,356.55685,3.2954853,2.3161798,1,1,1,0
147282084,38.72160768073393,-77.51442867598801,58.20082,-641.41095,356.71585,3.291105,2.3153477,1,1,1,0
147466063,38.72160449923148,-77.51442683675154,58.20327,-641.7647,356.87543,3.288656,2.3131971,1,1,1,0
147664063,38.72160115085896,-77.5144248909377,58.198044,-642.137,357.04425,3.2938805,2.3105366,1,1,1,0
147862064,38.721598028089204,-77.51442305732652,58.196426,-642.48425,357.20334,3.2954993,2.309792,1,1,1,0
148057073,38.72159483066701,-77.51442117552696,58.194633,-642.8398,357.3666,3.2972925,2.3094254,1,1,1,0
148255066,38.72159168209822,-77.51441932573607,58.19377,-643.1899,357.5271,3.2981534,2.3078613,1,1,1,0
148453525,38.72158853297963,-77.51441745132128,58.184643,-643.54004,357.68973,3.3072803,2.3063166,1,1,1,0
148659064,38.72158543545902,-77.51441561067385,58.176712,-643.88446,357.84943,3.315213,2.3046985,1,1,1,0
148868066,38.72158229677012,-77.51441375349565,58.17235,-644.23346,358.01056,3.3195736,2.3031244,1,1,1,0
149074504,38.72157918003778,-77.51441191003546,58.167717,-644.58,358.1705,3.3242054,2.2997768,1,1,1,0
149283063,38.7215760649515,-77.51441004933851,58.16584,-644.9264,358.33194,3.3260834,2.2963738,1,1,1,0
149500063,38.7215730311027,-77.51440818758168,58.165806,-645.26373,358.49347,3.3261175,2.2939947,1,1,1,0
149720064,38.721569935775875,-77.51440629944562,58.16314,-645.6079,358.6573,3.3287857,2.2905922,1,1,1,0
149940063,38.72156689973113,-77.51440442959849,58.16035,-645.9455,358.81952,3.3315737,2.2874274,1,1,1,0
150168159,38.72156372426196,-77.51440246935404,58.159786,-646.2986,358.9896,3.3321366,2.2836268,1,1,1,0
150399111,38.72156060917337,-77.51440054744945,58.153225,-646.64496,359.15634,3.3387008,2.280695,1,1,1,0
150627066,38.721557589045105,-77.51439863222323,58.148945,-646.9808,359.3225,3.3429801,2.2793922,1,1,1,0
150858064,38.721554597460624,-77.51439674267489,58.145905,-647.3134,359.48645,3.34602,2.276221,1,1,1,0
151097065,38.7215515487885,-77.51439480317835,58.142113,-647.6524,359.65472,3.3498106,2.2734246,1,1,1,0
151339064,38.72154858739241,-77.5143928802102,58.136898,-647.9817,359.82156,3.3550265,2.2717748,1,1,1,0
151589064,38.72154555628296,-77.51439087985632,58.130367,-648.3187,359.99512,3.3615582,2.2703428,1,1,1,0
151831351,38.721542564695056,-77.51438889708895,58.126328,-648.65137,360.16714,3.365597,2.26952,1,1,1,0
152081176,38.7215396170213,-77.51438697060276,58.119244,-648.9791,360.3343,3.3726802,2.268015,1,1,1,0
152345069,38.72153666495269,-77.514384942103,58.11607,-649.3074,360.51028,3.3758528,2.268789,1,1,1,0
152606063,38.72153373868355,-77.51438294455787,58.107956,-649.63275,360.6836,3.3839698,2.2680693,1,1,1,0
152883079,38.72153070482561,-77.5143808372662,58.108448,-649.9701,360.86642,3.3834763,2.2695055,1,1,1,0
153168067,38.72152768963344,-77.51437881791671,58.10588,-650.30536,361.04163,3.3860447,2.270174,1,1,1,0
153454063,38.721524755127874,-77.51437674192734,58.10877,-650.63165,361.22174,3.3831553,2.2767818,1,1,1,0
153771064,38.72152171797815,-77.51437468318095,58.110653,-650.96936,361.40036,3.3812697,2.2829657,1,1,1,0
154119956,38.72151861496115,-77.51437265398746,58.107475,-651.3144,361.57642,3.3844488,2.2893736,1,1,1,0
154494534,38.721515603616446,-77.51437078343811,58.105064,-651.64923,361.7387,3.3868601,2.2952213,1,1,1,0
154909399,38.72151245614533,-77.51436895229534,58.11032,-651.9992,361.89758,3.3816023,2.3003337,1,1,1,0
155379201,38.72150940527805,-77.51436703848063,58.11431,-652.33844,362.06363,3.3776116,2.308444,1,1,1,0
155606106,38.72151178756091,-77.51436835115558,58.083702,-652.07355,361.94974,3.4082236,2.3136868,1,1,1,0
155771064,38.72151403646172,-77.51436969901563,58.058968,-651.8235,361.8328,3.4329574,2.315668,1,1,1,0
156132064,38.72151613330852,-77.51437082034329,58.031376,-651.59033,361.7355,3.460548,2.3183124,1,1,1,0
157382236,38.72151428457274,-77.51436990056666,58.037376,-651.7959,361.8153,3.4545484,2.323892,1,1,1,0
157996100,38.72151257415927,-77.5143689505296,58.04758,-651.9861,361.89774,3.4443421,2.3246353,1,1,1,0
158606623,38.72151090162347,-77.5143680965242,58.049446,-652.17206,361.97183,3.4424794,2.32371,1,1,1,0
159396071,38.72150931801506,-77.51436738955444,58.057407,-652.34814,362.03317,3.434518,2.3217292,1,1,1,0
160183119,38.72150783704931,-77.51436662418452,58.057655,-652.5128,362.09958,3.4342678,2.3210347,1,1,1,0
161367066,38.72150640714009,-77.51436610083096,58.061558,-652.6718,362.145,3.4303658,2.3212688,1,1,1,0
162844086,38.72150506615564,-77.51436565064083,58.060028,-652.8209,362.18405,3.4318953,2.3198366,1,1,1,0
164692865,38.72150381409735,-77.5143653123091,58.063324,-652.96014,362.2134,3.4285989,2.3156865,1,1,1,0
166936066,38.72150265645429,-77.51436508689073,58.065125,-653.08887,362.23297,3.4267995,2.3108788,1,1,1,0
169725063,38.72150158060213,-77.51436498669852,58.06748,-653.2085,362.24167,3.4244475,2.3053398,1,1,1,0
173322068,38.721500599160386,-77.51436486469092,58.068974,-653.3176,362.25226,3.4229507,2.3012307,1,1,1,0
178342083,38.72149971158084,-77.51436473951188,58.073807,-653.4163,362.26312,3.4181173,2.294021,1,1,1,0
184874064,38.72149890633976,-77.5143647019193,58.07595,-653.50586,362.2664,3.4159746,2.2892885,1,1,1,0
