timestamp,calibration_enabled,system_sensors_initialized,system_hotplug_timeout,auto_mission_available,angular_velocity_valid,attitude_valid,local_altitude_valid,local_position_valid,local_velocity_valid,global_position_valid,gps_position_valid,home_position_valid,power_input_valid,battery_healthy,escs_error,escs_failure,position_reliant_on_gps,position_reliant_on_optical_flow,position_reliant_on_vision_position,dead_reckoning,flight_terminated,circuit_breaker_engaged_power_check,circuit_breaker_engaged_airspd_check,circuit_breaker_engaged_enginefailure_check,circuit_breaker_flight_termination_disabled,circuit_breaker_engaged_usb_check,circuit_breaker_engaged_posfailure_check,circuit_breaker_vtol_fw_arming_check,offboard_control_signal_lost,rc_signal_found_once,rc_calibration_in_progress,rc_calibration_valid,vtol_transition_failure,usb_connected,sd_card_detected_once,avoidance_system_required,avoidance_system_valid,parachute_system_present,parachute_system_healthy
16785230,0,1,1,0,1,1,1,1,1,1,1,1,1,1,0,0,1,0,0,0,0,0,0,1,1,1,0,0,1,1,0,1,0,0,1,0,0,0,0
17290317,0,1,1,0,1,1,1,1,1,1,1,1,1,1,0,0,1,0,0,0,0,0,0,1,1,1,0,0,1,1,0,1,0,0,1,0,0,0,0
17793740,0,1,1,0,1,1,1,1,1,1,1,1,1,1,0,0,1,0,0,0,0,0,0,1,1,1,0,0,1,1,0,1,0,0,1,0,0,0,0
18297809,0,1,1,0,1,1,1,1,1,1,1,1,1,1,0,0,1,0,0,0,0,0,0,1,1,1,0,0,1,1,0,1,0,0,1,0,0,0,0
18800366,0,1,1,0,1,1,1,1,1,1,1,1,1,1,0,0,1,0,0,0,0,0,0,1,1,1,0,0,1,1,0,1,0,0,1,0,0,0,0
19303971,0,1,1,0,1,1,1,1,1,1,1,1,1,1,0,0,1,0,0,0,0,0,0,1,1,1,0,0,1,1,0,1,0,0,1,0,0,0,0
19808558,0,1,1,0,1,1,1,1,1,1,1,1,1,1,0,0,1,0,0,0,0,0,0,1,1,1,0,0,1,1,0,1,0,0,1,0,0,0,0
20313447,0,1,1,0,1,1,1,1,1,1,1,1,1,1,0,0,1,0,0,0,0,0,0,1,1,1,0,0,1,1,0,1,0,0,1,0,0,0,0
20817417,0,1,1,0,1,1,1,1,1,1,1,1,1,1,0,0,1,0,0,0,0,0,0,1,1,1,0,0,1,1,0,1,0,0,1,0,0,0,0
21320869,0,1,1,0,1,1,1,1,1,1,1,1,1,1,0,0,1,0,0,0,0,0,0,1,1,1,0,0,1,1,0,1,0,0,1,0,0,0,0
21823877,0,1,1,0,1,1,1,1,1,1,1,1,1,1,0,0,1,0,0,0,0,0,0,1,1,1,0,0,1,1,0,1,0,0,1,0,0,0,0
22327817,0,1,1,0,1,1,1,1,1,1,1,1,1,1,0,0,1,0,0,0,0,0,0,1,1,1,0,0,1,1,0,1,0,0,1,0,0,0,0
22831297,0,1,1,0,1,1,1,1,1,1,1,1,1,1,0,0,1,0,0,0,0,0,0,1,1,1,0,0,1,1,0,1,0,0,1,0,0,0,0
23334508,0,1,1,0,1,1,1,1,1,1,1,1,1,1,0,0,1,0,0,0,0,0,0,1,1,1,0,0,1,1,0,1,0,0,1,0,0,0,0
23838313,0,1,1,0,1,1,1,1,1,1,1,1,1,1,0,0,1,0,0,0,0,0,0,1,1,1,0,0,1,1,0,1,0,0,1,0,0,0,0
24341721,0,1,1,0,1,1,1,1,1,1,1,1,1,1,0,0,1,0,0,0,0,0,0,1,1,1,0,0,1,1,0,1,0,0,1,0,0,0,0
24845468,0,1,1,0,1,1,1,1,1,1,1,1,1,1,0,0,1,0,0,0,0,0,0,1,1,1,0,0,1,1,0,1,0,0,1,0,0,0,0
25348145,0,1,1,0,1,1,1,1,1,1,1,1,1,1,0,0,1,0,0,0,0,0,0,1,1,1,0,0,1,1,0,1,0,0,1,0,0,0,0
25852111,0,1,1,0,1,1,1,1,1,1,1,1,1,1,0,0,1,0,0,0,0,0,0,1,1,1,0,0,1,1,0,1,0,0,1,0,0,0,0
26356955,0,1,1,0,1,1,1,1,1,1,1,1,1,1,0,0,1,0,0,0,0,0,0,1,1,1,0,0,1,1,0,1,0,0,1,0,0,0,0
26858689,0,1,1,0,1,1,1,1,1,1,1,1,1,1,0,0,1,0,0,0,0,0,0,1,1,1,0,0,1,1,0,1,0,0,1,0,0,0,0
27361926,0,1,1,0,1,1,1,1,1,1,1,1,1,1,0,0,1,0,0,0,0,0,0,1,1,1,0,0,1,1,0,1,0,0,1,0,0,0,0
27863855,0,1,1,0,1,1,1,1,1,1,1,1,1,1,0,0,1,0,0,0,0,0,0,1,1,1,0,0,1,1,0,1,0,0,1,0,0,0,0
28366866,0,1,1,0,1,1,1,1,1,1,1,1,1,1,0,0,1,0,0,0,0,0,0,1,1,1,0,0,1,1,0,1,0,0,1,0,0,0,0
28869627,0,1,1,0,1,1,1,1,1,1,1,1,1,1,0,0,1,0,0,0,0,0,0,1,1,1,0,0,1,1,0,1,0,0,1,0,0,0,0
29372391,0,1,1,0,1,1,1,1,1,1,1,1,1,1,0,0,1,0,0,0,0,0,0,1,1,1,0,0,1,1,0,1,0,0,1,0,0,0,0
29876554,0,1,1,0,1,1,1,1,1,1,1,1,1,1,0,0,1,0,0,0,0,0,0,1,1,1,0,0,1,1,0,1,0,0,1,0,0,0,0
30379449,0,1,1,0,1,1,1,1,1,1,1,1,1,1,0,0,1,0,0,0,0,0,0,1,1,1,0,0,1,1,0,1,0,0,1,0,0,0,0
30882161,0,1,1,0,1,1,1,1,1,1,1,1,1,1,0,0,1,0,0,0,0,0,0,1,1,1,0,0,1,1,0,1,0,0,1,0,0,0,0
31386779,0,1,1,0,1,1,1,1,1,1,1,1,1,1,0,0,1,0,0,0,0,0,0,1,1,1,0,0,1,1,0,1,0,0,1,0,0,0,0
31889987,0,1,1,0,1,1,1,1,1,1,1,1,1,1,0,0,1,0,0,0,0,0,0,1,1,1,0,0,1,1,0,1,0,0,1,0,0,0,0
32392390,0,1,1,0,1,1,1,1,1,1,1,1,1,1,0,0,1,0,0,0,0,0,0,1,1,1,0,0,1,1,0,1,0,0,1,0,0,0,0
32895523,0,1,1,0,1,1,1,1,1,1,1,1,1,1,0,0,1,0,0,0,0,0,0,1,1,1,0,0,1,1,0,1,0,0,1,0,0,0,0
33398304,0,1,1,0,1,1,1,1,1,1,1,1,1,1,0,0,1,0,0,0,0,0,0,1,1,1,0,0,1,1,0,1,0,0,1,0,0,0,0
33901409,0,1,1,0,1,1,1,1,1,1,1,1,1,1,0,0,1,0,0,0,0,0,0,1,1,1,0,0,1,1,0,1,0,0,1,0,0,0,0
34404514,0,1,1,0,1,1,1,1,1,1,1,1,1,1,0,0,1,0,0,0,0,0,0,1,1,1,0,0,1,1,0,1,0,0,1,0,0,0,0
34908370,0,1,1,0,1,1,1,1,1,1,1,1,1,1,0,0,1,0,0,0,0,0,0,1,1,1,0,0,1,1,0,1,0,0,1,0,0,0,0
35411248,0,1,1,0,1,1,1,1,1,1,1,1,1,1,0,0,1,0,0,0,0,0,0,1,1,1,0,0,1,1,0,1,0,0,1,0,0,0,0
35916351,0,1,1,0,1,1,1,1,1,1,1,1,1,1,0,0,1,0,0,0,0,0,0,1,1,1,0,0,1,1,0,1,0,0,1,0,0,0,0
36421028,0,1,1,0,1,1,1,1,1,1,1,1,1,1,0,0,1,0,0,0,0,0,0,1,1,1,0,0,1,1,0,1,0,0,1,0,0,0,0
36924917,0,1,1,0,1,1,1,1,1,1,1,1,1,1,0,0,1,0,0,0,0,0,0,1,1,1,0,0,1,1,0,1,0,0,1,0,0,0,0
37196849,0,1,1,0,1,1,1,0,0,0,1,1,1,1,0,0,1,0,0,0,0,0,0,1,1,1,0,0,1,1,0,1,0,0,1,0,0,0,0
37699495,0,1,1,0,1,1,1,0,0,0,1,1,1,1,0,0,1,0,0,0,0,0,0,1,1,1,0,0,1,1,0,1,0,0,1,0,0,0,0
38202681,0,1,1,0,1,1,1,0,0,0,1,1,1,1,0,0,1,0,0,0,0,0,0,1,1,1,0,0,1,1,0,1,0,0,1,0,0,0,0
38705335,0,1,1,0,1,1,1,0,0,0,1,1,1,1,0,0,1,0,0,0,0,0,0,1,1,1,0,0,1,1,0,1,0,0,1,0,0,0,0
39207968,0,1,1,0,1,1,1,0,0,0,1,1,1,1,0,0,1,0,0,1,0,0,0,1,1,1,0,0,1,1,0,1,0,0,1,0,0,0,0
39710435,0,1,1,0,1,1,1,0,0,0,1,1,1,1,0,0,1,0,0,1,0,0,0,1,1,1,0,0,1,1,0,1,0,0,1,0,0,0,0
40213866,0,1,1,0,1,1,1,0,0,0,1,1,1,1,0,0,1,0,0,1,0,0,0,1,1,1,0,0,1,1,0,1,0,0,1,0,0,0,0
40715793,0,1,1,0,1,1,1,0,0,0,1,1,1,1,0,0,1,0,0,1,0,0,0,1,1,1,0,0,1,1,0,1,0,0,1,0,0,0,0
41218919,0,1,1,0,1,1,1,0,0,0,1,1,1,1,0,0,1,0,0,1,0,0,0,1,1,1,0,0,1,1,0,1,0,0,1,0,0,0,0
41721834,0,1,1,0,1,1,1,0,0,0,1,1,1,1,0,0,1,0,0,1,0,0,0,1,1,1,0,0,1,1,0,1,0,0,1,0,0,0,0
42223946,0,1,1,0,1,1,1,0,0,0,1,1,1,1,0,0,1,0,0,1,0,0,0,1,1,1,0,0,1,1,0,1,0,0,1,0,0,0,0
42726061,0,1,1,0,1,1,1,0,0,0,1,1,1,1,0,0,1,0,0,1,0,0,0,1,1,1,0,0,1,1,0,1,0,0,1,0,0,0,0
43229054,0,1,1,0,1,1,1,0,0,0,1,1,1,1,0,0,1,0,0,1,0,0,0,1,1,1,0,0,1,1,0,1,0,0,1,0,0,0,0
43732538,0,1,1,0,1,1,1,0,0,0,1,1,1,1,0,0,1,0,0,0,0,0,0,1,1,1,0,0,1,1,0,1,0,0,1,0,0,0,0
44235648,0,1,1,0,1,1,1,0,0,0,1,1,1,1,0,0,1,0,0,0,0,0,0,1,1,1,0,0,1,1,0,1,0,0,1,0,0,0,0
44740505,0,1,1,0,1,1,1,0,0,0,1,1,1,1,0,0,1,0,0,0,0,0,0,1,1,1,0,0,1,1,0,1,0,0,1,0,0,0,0
45242246,0,1,1,0,1,1,1,0,0,0,1,1,1,1,0,0,1,0,0,0,0,0,0,1,1,1,0,0,1,1,0,1,0,0,1,0,0,0,0
45745579,0,1,1,0,1,1,1,0,0,0,1,1,1,1,0,0,1,0,0,0,0,0,0,1,1,1,0,0,1,1,0,1,0,0,1,0,0,0,0
46248849,0,1,1,0,1,1,1,0,0,0,1,1,1,1,0,0,1,0,0,0,0,0,0,1,1,1,0,0,1,1,0,1,0,0,1,0,0,0,0
46751254,0,1,1,0,1,1,1,0,0,0,1,1,1,1,0,0,1,0,0,0,0,0,0,1,1,1,0,0,1,1,0,1,0,0,1,0,0,0,0
47254990,0,1,1,0,1,1,1,0,0,0,1,1,1,1,0,0,1,0,0,0,0,0,0,1,1,1,0,0,1,1,0,1,0,0,1,0,0,0,0
47757814,0,1,1,0,1,1,1,0,0,0,1,1,1,1,0,0,1,0,0,0,0,0,0,1,1,1,0,0,1,1,0,1,0,0,1,0,0,0,0
48260689,0,1,1,0,1,1,1,0,0,0,1,1,1,1,0,0,1,0,0,0,0,0,0,1,1,1,0,0,1,1,0,1,0,0,1,0,0,0,0
48763595,0,1,1,0,1,1,1,0,0,0,1,1,1,1,0,0,1,0,0,0,0,0,0,1,1,1,0,0,1,1,0,1,0,0,1,0,0,0,0
49266560,0,1,1,0,1,1,1,0,0,0,1,1,1,1,0,0,1,0,0,0,0,0,0,1,1,1,0,0,1,1,0,1,0,0,1,0,0,0,0
49771506,0,1,1,0,1,1,1,0,0,0,1,1,1,1,0,0,1,0,0,0,0,0,0,1,1,1,0,0,1,1,0,1,0,0,1,0,0,0,0
50274062,0,1,1,0,1,1,1,0,0,0,1,1,1,1,0,0,1,0,0,0,0,0,0,1,1,1,0,0,1,1,0,1,0,0,1,0,0,0,0
50777430,0,1,1,0,1,1,1,0,0,0,1,1,1,1,0,0,1,0,0,0,0,0,0,1,1,1,0,0,1,1,0,1,0,0,1,0,0,0,0
51282065,0,1,1,0,1,1,1,0,0,0,1,1,1,1,0,0,1,0,0,0,0,0,0,1,1,1,0,0,1,1,0,1,0,0,1,0,0,0,0
51786830,0,1,1,0,1,1,1,0,0,0,1,1,1,1,0,0,1,0,0,0,0,0,0,1,1,1,0,0,1,1,0,1,0,0,1,0,0,0,0
52290380,0,1,1,0,1,1,1,0,0,0,1,1,1,1,0,0,1,0,0,0,0,0,0,1,1,1,0,0,1,1,0,1,0,0,1,0,0,0,0
52796192,0,1,1,0,1,1,1,0,0,0,1,1,1,1,0,0,1,0,0,0,0,0,0,1,1,1,0,0,1,1,0,1,0,0,1,0,0,0,0
53299371,0,1,1,0,1,1,1,0,0,0,1,1,1,1,0,0,1,0,0,0,0,0,0,1,1,1,0,0,1,1,0,1,0,0,1,0,0,0,0
53803868,0,1,1,0,1,1,1,0,0,0,1,1,1,1,0,0,1,0,0,0,0,0,0,1,1,1,0,0,1,1,0,1,0,0,1,0,0,0,0
54305725,0,1,1,0,1,1,1,0,0,0,1,1,1,1,0,0,1,0,0,0,0,0,0,1,1,1,0,0,1,1,0,1,0,0,1,0,0,0,0
54809671,0,1,1,0,1,1,1,0,0,0,1,1,1,1,0,0,1,0,0,0,0,0,0,1,1,1,0,0,1,1,0,1,0,0,1,0,0,0,0
55312578,0,1,1,0,1,1,1,0,0,0,1,1,1,1,0,0,1,0,0,0,0,0,0,1,1,1,0,0,1,1,0,1,0,0,1,0,0,0,0
55816440,0,1,1,0,1,1,1,0,0,0,1,1,1,1,0,0,1,0,0,0,0,0,0,1,1,1,0,0,1,1,0,1,0,0,1,0,0,0,0
56319634,0,1,1,0,1,1,1,0,0,0,1,1,1,1,0,0,1,0,0,0,0,0,0,1,1,1,0,0,1,1,0,1,0,0,1,0,0,0,0
56821956,0,1,1,0,1,1,1,0,0,0,1,1,1,1,0,0,1,0,0,0,0,0,0,1,1,1,0,0,1,1,0,1,0,0,1,0,0,0,0
57324276,0,1,1,0,1,1,1,0,0,0,1,1,1,1,0,0,1,0,0,0,0,0,0,1,1,1,0,0,1,1,0,1,0,0,1,0,0,0,0
57827488,0,1,1,0,1,1,1,0,0,0,1,1,1,1,0,0,1,0,0,0,0,0,0,1,1,1,0,0,1,1,0,1,0,0,1,0,0,0,0
58330449,0,1,1,0,1,1,1,0,0,0,1,1,1,1,0,0,1,0,0,0,0,0,0,1,1,1,0,0,1,1,0,1,0,0,1,0,0,0,0
58832806,0,1,1,0,1,1,1,0,0,0,1,1,1,1,0,0,1,0,0,0,0,0,0,1,1,1,0,0,1,1,0,1,0,0,1,0,0,0,0
59335529,0,1,1,0,1,1,1,0,0,0,1,1,1,1,0,0,1,0,0,0,0,0,0,1,1,1,0,0,1,1,0,1,0,0,1,0,0,0,0
59838528,0,1,1,0,1,1,1,0,0,0,1,1,1,1,0,0,1,0,0,0,0,0,0,1,1,1,0,0,1,1,0,1,0,0,1,0,0,0,0
60340672,0,1,1,0,1,1,1,0,0,0,1,1,1,1,0,0,1,0,0,0,0,0,0,1,1,1,0,0,1,1,0,1,0,0,1,0,0,0,0
60843972,0,1,1,0,1,1,1,0,0,0,1,1,1,1,0,0,1,0,0,0,0,0,0,1,1,1,0,0,1,1,0,1,0,0,1,0,0,0,0
61346322,0,1,1,0,1,1,1,0,0,0,1,1,1,1,0,0,1,0,0,0,0,0,0,1,1,1,0,0,1,1,0,1,0,0,1,0,0,0,0
61849991,0,1,1,0,1,1,1,0,0,0,1,1,1,1,0,0,1,0,0,0,0,0,0,1,1,1,0,0,1,1,0,1,0,0,1,0,0,0,0
62352888,0,1,1,0,1,1,1,0,0,0,1,1,1,1,0,0,1,0,0,0,0,0,0,1,1,1,0,0,1,1,0,1,0,0,1,0,0,0,0
62855504,0,1,1,0,1,1,1,0,0,0,1,1,1,1,0,0,1,0,0,1,0,0,0,1,1,1,0,0,1,1,0,1,0,0,1,0,0,0,0
63358576,0,1,1,0,1,1,1,0,0,0,1,1,1,1,0,0,1,0,0,0,0,0,0,1,1,1,0,0,1,1,0,1,0,0,1,0,0,0,0
63861432,0,1,1,0,1,1,1,0,0,0,1,1,1,1,0,0,1,0,0,0,0,0,0,1,1,1,0,0,1,1,0,1,0,0,1,0,0,0,0
64364278,0,1,1,0,1,1,1,0,0,0,1,1,1,1,0,0,1,0,0,0,0,0,0,1,1,1,0,0,1,1,0,1,0,0,1,0,0,0,0
64867626,0,1,1,0,1,1,1,0,0,0,1,1,1,1,0,0,1,0,0,0,0,0,0,1,1,1,0,0,1,1,0,1,0,0,1,0,0,0,0
65370023,0,1,1,0,1,1,1,0,0,0,1,1,1,1,0,0,1,0,0,0,0,0,0,1,1,1,0,0,1,1,0,1,0,0,1,0,0,0,0
65872549,0,1,1,0,1,1,1,0,0,0,1,1,1,1,0,0,1,0,0,0,0,0,0,1,1,1,0,0,1,1,0,1,0,0,1,0,0,0,0
66375124,0,1,1,0,1,1,1,0,0,0,1,1,1,1,0,0,1,0,0,0,0,0,0,1,1,1,0,0,1,1,0,1,0,0,1,0,0,0,0
66878950,0,1,1,0,1,1,1,0,0,0,1,1,1,1,0,0,1,0,0,0,0,0,0,1,1,1,0,0,1,1,0,1,0,0,1,0,0,0,0
67381986,0,1,1,0,1,1,1,0,0,0,1,1,1,1,0,0,1,0,0,0,0,0,0,1,1,1,0,0,1,1,0,1,0,0,1,0,0,0,0
67884612,0,1,1,0,1,1,1,0,0,0,1,1,1,1,0,0,1,0,0,0,0,0,0,1,1,1,0,0,1,1,0,1,0,0,1,0,0,0,0
68387650,0,1,1,0,1,1,1,0,0,0,1,1,1,1,0,0,1,0,0,0,0,0,0,1,1,1,0,0,1,1,0,1,0,0,1,0,0,0,0
68890280,0,1,1,0,1,1,1,0,0,0,1,1,1,1,0,0,1,0,0,0,0,0,0,1,1,1,0,0,1,1,0,1,0,0,1,0,0,0,0
69393294,0,1,1,0,1,1,1,0,0,0,1,1,1,1,0,0,1,0,0,0,0,0,0,1,1,1,0,0,1,1,0,1,0,0,1,0,0,0,0
69895783,0,1,1,0,1,1,1,0,0,0,1,1,1,1,0,0,1,0,0,0,0,0,0,1,1,1,0,0,1,1,0,1,0,0,1,0,0,0,0
70399174,0,1,1,0,1,1,1,0,0,0,1,1,1,1,0,0,1,0,0,0,0,0,0,1,1,1,0,0,1,1,0,1,0,0,1,0,0,0,0
70903287,0,1,1,0,1,1,1,0,0,0,1,1,1,1,0,0,1,0,0,0,0,0,0,1,1,1,0,0,1,1,0,1,0,0,1,0,0,0,0
71406352,0,1,1,0,1,1,1,0,0,0,1,1,1,1,0,0,1,0,0,0,0,0,0,1,1,1,0,0,1,1,0,1,0,0,1,0,0,0,0
71909379,0,1,1,0,1,1,1,0,0,0,1,1,1,1,0,0,1,0,0,0,0,0,0,1,1,1,0,0,1,1,0,1,0,0,1,0,0,0,0
72412850,0,1,1,0,1,1,1,0,0,0,1,1,1,1,0,0,1,0,0,0,0,0,0,1,1,1,0,0,1,1,0,1,0,0,1,0,0,0,0
72915659,0,1,1,0,1,1,1,0,0,0,1,1,1,1,0,0,1,0,0,0,0,0,0,1,1,1,0,0,1,1,0,1,0,0,1,0,0,0,0
73418250,0,1,1,0,1,1,1,0,0,0,1,1,1,1,0,0,1,0,0,0,0,0,0,1,1,1,0,0,1,1,0,1,0,0,1,0,0,0,0
73922078,0,1,1,0,1,1,1,0,0,0,1,1,1,1,0,0,1,0,0,0,0,0,0,1,1,1,0,0,1,1,0,1,0,0,1,0,0,0,0
74425429,0,1,1,0,1,1,1,0,0,0,1,1,1,1,0,0,1,0,0,0,0,0,0,1,1,1,0,0,1,1,0,1,0,0,1,0,0,0,0
74928076,0,1,1,0,1,1,1,0,0,0,1,1,1,1,0,0,1,0,0,0,0,0,0,1,1,1,0,0,1,1,0,1,0,0,1,0,0,0,0
75431248,0,1,1,0,1,1,1,0,0,0,1,1,1,1,0,0,1,0,0,0,0,0,0,1,1,1,0,0,1,1,0,1,0,0,1,0,0,0,0
75935863,0,1,1,0,1,1,1,0,0,0,1,1,1,1,0,0,1,0,0,0,0,0,0,1,1,1,0,0,1,1,0,1,0,0,1,0,0,0,0
76438809,0,1,1,0,1,1,1,0,0,0,1,1,1,1,0,0,1,0,0,0,0,0,0,1,1,1,0,0,1,1,0,1,0,0,1,0,0,0,0
76941135,0,1,1,0,1,1,1,0,0,0,1,1,1,1,0,0,1,0,0,0,0,0,0,1,1,1,0,0,1,1,0,1,0,0,1,0,0,0,0
77444564,0,1,1,0,1,1,1,0,0,0,1,1,1,1,0,0,1,0,0,0,0,0,0,1,1,1,0,0,1,1,0,1,0,0,1,0,0,0,0
77947248,0,1,1,0,1,1,1,0,0,0,1,1,1,1,0,0,1,0,0,0,0,0,0,1,1,1,0,0,1,1,0,1,0,0,1,0,0,0,0
78451249,0,1,1,0,1,1,1,0,0,0,1,1,1,1,0,0,1,0,0,0,0,0,0,1,1,1,0,0,1,1,0,1,0,0,1,0,0,0,0
78956017,0,1,1,0,1,1,1,0,0,0,1,1,1,1,0,0,1,0,0,0,0,0,0,1,1,1,0,0,1,1,0,1,0,0,1,0,0,0,0
79458252,0,1,1,0,1,1,1,0,0,0,1,1,1,1,0,0,1,0,0,0,0,0,0,1,1,1,0,0,1,1,0,1,0,0,1,0,0,0,0
79961344,0,1,1,0,1,1,1,0,0,0,1,1,1,1,0,0,1,0,0,0,0,0,0,1,1,1,0,0,1,1,0,1,0,0,1,0,0,0,0
80464573,0,1,1,0,1,1,1,0,0,0,1,1,1,1,0,0,1,0,0,0,0,0,0,1,1,1,0,0,1,1,0,1,0,0,1,0,0,0,0
80967106,0,1,1,0,1,1,1,0,0,0,1,1,1,1,0,0,1,0,0,0,0,0,0,1,1,1,0,0,1,1,0,1,0,0,1,0,0,0,0
81470025,0,1,1,0,1,1,1,0,0,0,1,1,1,1,0,0,1,0,0,0,0,0,0,1,1,1,0,0,1,1,0,1,0,0,1,0,0,0,0
81974930,0,1,1,0,1,1,1,0,0,0,1,1,1,1,0,0,1,0,0,0,0,0,0,1,1,1,0,0,1,1,0,1,0,0,1,0,0,0,0
82478489,0,1,1,0,1,1,1,0,0,0,1,1,1,1,0,0,1,0,0,0,0,0,0,1,1,1,0,0,1,1,0,1,0,0,1,0,0,0,0
82980452,0,1,1,0,1,1,1,0,0,0,1,1,1,1,0,0,1,0,0,0,0,0,0,1,1,1,0,0,1,1,0,1,0,0,1,0,0,0,0
83483217,0,1,1,0,1,1,1,0,0,0,1,1,1,1,0,0,1,0,0,0,0,0,0,1,1,1,0,0,1,1,0,1,0,0,1,0,0,0,0
83986879,0,1,1,0,1,1,1,0,0,0,1,1,1,1,0,0,1,0,0,0,0,0,0,1,1,1,0,0,1,1,0,1,0,0,1,0,0,0,0
84489085,0,1,1,0,1,1,1,0,0,0,1,1,1,1,0,0,1,0,0,0,0,0,0,1,1,1,0,0,1,1,0,1,0,0,1,0,0,0,0
84992062,0,1,1,0,1,1,1,0,0,0,1,1,1,1,0,0,1,0,0,0,0,0,0,1,1,1,0,0,1,1,0,1,0,0,1,0,0,0,0
85495330,0,1,1,0,1,1,1,0,0,0,1,1,1,1,0,0,1,0,0,0,0,0,0,1,1,1,0,0,1,1,0,1,0,0,1,0,0,0,0
85998972,0,1,1,0,1,1,1,0,0,0,1,1,1,1,0,0,1,0,0,0,0,0,0,1,1,1,0,0,1,1,0,1,0,0,1,0,0,0,0
86501349,0,1,1,0,1,1,1,0,0,0,1,1,1,1,0,0,1,0,0,0,0,0,0,1,1,1,0,0,1,1,0,1,0,0,1,0,0,0,0
87004831,0,1,1,0,1,1,1,0,0,0,1,1,1,1,0,0,1,0,0,0,0,0,0,1,1,1,0,0,1,1,0,1,0,0,1,0,0,0,0
87506872,0,1,1,0,1,1,1,0,0,0,1,1,1,1,0,0,1,0,0,0,0,0,0,1,1,1,0,0,1,1,0,1,0,0,1,0,0,0,0
88009378,0,1,1,0,1,1,1,0,0,0,1,1,1,1,0,0,1,0,0,0,0,0,0,1,1,1,0,0,1,1,0,1,0,0,1,0,0,0,0
88512172,0,1,1,0,1,1,1,0,0,0,1,1,1,1,0,0,1,0,0,0,0,0,0,1,1,1,0,0,1,1,0,1,0,0,1,0,0,0,0
89015076,0,1,1,0,1,1,1,0,0,0,1,1,1,1,0,0,1,0,0,0,0,0,0,1,1,1,0,0,1,1,0,1,0,0,1,0,0,0,0
89518471,0,1,1,0,1,1,1,0,0,0,1,1,1,1,0,0,1,0,0,0,0,0,0,1,1,1,0,0,1,1,0,1,0,0,1,0,0,0,0
90021292,0,1,1,0,1,1,1,0,0,0,1,1,1,1,0,0,1,0,0,0,0,0,0,1,1,1,0,0,1,1,0,1,0,0,1,0,0,0,0
90525194,0,1,1,0,1,1,1,0,0,0,1,1,1,1,0,0,1,0,0,0,0,0,0,1,1,1,0,0,1,1,0,1,0,0,1,0,0,0,0
91028582,0,1,1,0,1,1,1,0,0,0,1,1,1,1,0,0,1,0,0,0,0,0,0,1,1,1,0,0,1,1,0,1,0,0,1,0,0,0,0
91531214,0,1,1,0,1,1,1,0,0,0,1,1,1,1,0,0,1,0,0,0,0,0,0,1,1,1,0,0,1,1,0,1,0,0,1,0,0,0,0
92034246,0,1,1,0,1,1,1,0,0,0,1,1,1,1,0,0,1,0,0,0,0,0,0,1,1,1,0,0,1,1,0,1,0,0,1,0,0,0,0
92537780,0,1,1,0,1,1,1,0,0,0,1,1,1,1,0,0,1,0,0,0,0,0,0,1,1,1,0,0,1,1,0,1,0,0,1,0,0,0,0
93040929,0,1,1,0,1,1,1,0,0,0,1,1,1,1,0,0,1,0,0,0,0,0,0,1,1,1,0,0,1,1,0,1,0,0,1,0,0,0,0
93544225,0,1,1,0,1,1,1,0,0,0,1,1,1,1,0,0,1,0,0,0,0,0,0,1,1,1,0,0,1,1,0,1,0,0,1,0,0,0,0
94047647,0,1,1,0,1,1,1,0,0,0,1,1,1,1,0,0,1,0,0,0,0,0,0,1,1,1,0,0,1,1,0,1,0,0,1,0,0,0,0
94549633,0,1,1,0,1,1,1,0,0,0,1,1,1,1,0,0,1,0,0,0,0,0,0,1,1,1,0,0,1,1,0,1,0,0,1,0,0,0,0
95052536,0,1,1,0,1,1,1,0,0,0,1,1,1,1,0,0,1,0,0,0,0,0,0,1,1,1,0,0,1,1,0,1,0,0,1,0,0,0,0
95555571,0,1,1,0,1,1,1,0,0,0,1,1,1,1,0,0,1,0,0,0,0,0,0,1,1,1,0,0,1,1,0,1,0,0,1,0,0,0,0
96057813,0,1,1,0,1,1,1,0,0,0,1,1,1,1,0,0,1,0,0,0,0,0,0,1,1,1,0,0,1,1,0,1,0,0,1,0,0,0,0
96560220,0,1,1,0,1,1,1,0,0,0,1,1,1,1,0,0,1,0,0,0,0,0,0,1,1,1,0,0,1,1,0,1,0,0,1,0,0,0,0
97063544,0,1,1,0,1,1,1,0,0,0,1,1,1,1,0,0,1,0,0,0,0,0,0,1,1,1,0,0,1,1,0,1,0,0,1,0,0,0,0
97566264,0,1,1,0,1,1,1,0,0,0,1,1,1,1,0,0,1,0,0,0,0,0,0,1,1,1,0,0,1,1,0,1,0,0,1,0,0,0,0
98069263,0,1,1,0,1,1,1,0,0,0,1,1,1,1,0,0,1,0,0,0,0,0,0,1,1,1,0,0,1,1,0,1,0,0,1,0,0,0,0
98573090,0,1,1,0,1,1,1,0,0,0,1,1,1,1,0,0,1,0,0,0,0,0,0,1,1,1,0,0,1,1,0,1,0,0,1,0,0,0,0
99076811,0,1,1,0,1,1,1,0,0,0,1,1,1,1,0,0,1,0,0,0,0,0,0,1,1,1,0,0,1,1,0,1,0,0,1,0,0,0,0
99579859,0,1,1,0,1,1,1,0,0,0,1,1,1,1,0,0,1,0,0,0,0,0,0,1,1,1,0,0,1,1,0,1,0,0,1,0,0,0,0
100083939,0,1,1,0,1,1,1,0,0,0,1,1,1,1,0,0,1,0,0,0,0,0,0,1,1,1,0,0,1,1,0,1,0,0,1,0,0,0,0
100586573,0,1,1,0,1,1,1,0,0,0,1,1,1,1,0,0,1,0,0,0,0,0,0,1,1,1,0,0,1,1,0,1,0,0,1,0,0,0,0
101091520,0,1,1,0,1,1,1,0,0,0,1,1,1,1,0,0,1,0,0,0,0,0,0,1,1,1,0,0,1,1,0,1,0,0,1,0,0,0,0
101593445,0,1,1,0,1,1,1,0,0,0,1,1,1,1,0,0,1,0,0,0,0,0,0,1,1,1,0,0,1,1,0,1,0,0,1,0,0,0,0
102097006,0,1,1,0,1,1,1,0,0,0,1,1,1,1,0,0,1,0,0,0,0,0,0,1,1,1,0,0,1,1,0,1,0,0,1,0,0,0,0
102602490,0,1,1,0,1,1,1,0,0,0,1,1,1,1,0,0,1,0,0,0,0,0,0,1,1,1,0,0,1,1,0,1,0,0,1,0,0,0,0
103107522,0,1,1,0,1,1,1,0,0,0,1,1,1,1,0,0,1,0,0,0,0,0,0,1,1,1,0,0,1,1,0,1,0,0,1,0,0,0,0
103611545,0,1,1,0,1,1,1,0,0,0,1,1,1,1,0,0,1,0,0,0,0,0,0,1,1,1,0,0,1,1,0,1,0,0,1,0,0,0,0
104117230,0,1,1,0,1,1,1,0,0,0,1,1,1,1,0,0,1,0,0,0,0,0,0,1,1,1,0,0,1,1,0,1,0,0,1,0,0,0,0
104620954,0,1,1,0,1,1,1,0,0,0,1,1,1,1,0,0,1,0,0,0,0,0,0,1,1,1,0,0,1,1,0,1,0,0,1,0,0,0,0
105125129,0,1,1,0,1,1,1,0,0,0,1,1,1,1,0,0,1,0,0,0,0,0,0,1,1,1,0,0,1,1,0,1,0,0,1,0,0,0,0
105629840,0,1,1,0,1,1,1,0,0,0,1,1,1,1,0,0,1,0,0,0,0,0,0,1,1,1,0,0,1,1,0,1,0,0,1,0,0,0,0
106134544,0,1,1,0,1,1,1,0,0,0,1,1,1,1,0,0,1,0,0,0,0,0,0,1,1,1,0,0,1,1,0,1,0,0,1,0,0,0,0
106638809,0,1,1,0,1,1,1,0,0,0,1,1,1,1,0,0,1,0,0,0,0,0,0,1,1,1,0,0,1,1,0,1,0,0,1,0,0,0,0
107143164,0,1,1,0,1,1,1,0,0,0,1,1,1,1,0,0,1,0,0,0,0,0,0,1,1,1,0,0,1,1,0,1,0,0,1,0,0,0,0
107648210,0,1,1,0,1,1,1,0,0,0,1,1,1,1,0,0,1,0,0,0,0,0,0,1,1,1,0,0,1,1,0,1,0,0,1,0,0,0,0
108152018,0,1,1,0,1,1,1,0,0,0,1,1,1,1,0,0,1,0,0,0,0,0,0,1,1,1,0,0,1,1,0,1,0,0,1,0,0,0,0
108654323,0,1,1,0,1,1,1,0,0,0,1,1,1,1,0,0,1,0,0,0,0,0,0,1,1,1,0,0,1,1,0,1,0,0,1,0,0,0,0
109157484,0,1,1,0,1,1,1,0,0,0,1,1,1,1,0,0,1,0,0,0,0,0,0,1,1,1,0,0,1,1,0,1,0,0,1,0,0,0,0
109660977,0,1,1,0,1,1,1,0,0,0,1,1,1,1,0,0,1,0,0,0,0,0,0,1,1,1,0,0,1,1,0,1,0,0,1,0,0,0,0
110163645,0,1,1,0,1,1,1,0,0,0,1,1,1,1,0,0,1,0,0,0,0,0,0,1,1,1,0,0,1,1,0,1,0,0,1,0,0,0,0
110665629,0,1,1,0,1,1,1,0,0,0,1,1,1,1,0,0,1,0,0,0,0,0,0,1,1,1,0,0,1,1,0,1,0,0,1,0,0,0,0
111168564,0,1,1,0,1,1,1,0,0,0,1,1,1,1,0,0,1,0,0,0,0,0,0,1,1,1,0,0,1,1,0,1,0,0,1,0,0,0,0
111673088,0,1,1,0,1,1,1,0,0,0,1,1,1,1,0,0,1,0,0,0,0,0,0,1,1,1,0,0,1,1,0,1,0,0,1,0,0,0,0
112175396,0,1,1,0,1,1,1,0,0,0,1,1,1,1,0,0,1,0,0,0,0,0,0,1,1,1,0,0,1,1,0,1,0,0,1,0,0,0,0
112678806,0,1,1,0,1,1,1,0,0,0,1,1,1,1,0,0,1,0,0,0,0,0,0,1,1,1,0,0,1,1,0,1,0,0,1,0,0,0,0
113181137,0,1,1,0,1,1,1,0,0,0,1,1,1,1,0,0,1,0,0,0,0,0,0,1,1,1,0,0,1,1,0,1,0,0,1,0,0,0,0
113684756,0,1,1,0,1,1,1,0,0,0,1,1,1,1,0,0,1,0,0,0,0,0,0,1,1,1,0,0,1,1,0,1,0,0,1,0,0,0,0
114188667,0,1,1,0,1,1,1,0,0,0,1,1,1,1,0,0,1,0,0,0,0,0,0,1,1,1,0,0,1,1,0,1,0,0,1,0,0,0,0
114691876,0,1,1,0,1,1,1,0,0,0,1,1,1,1,0,0,1,0,0,0,0,0,0,1,1,1,0,0,1,1,0,1,0,0,1,0,0,0,0
115194009,0,1,1,0,1,1,1,0,0,0,1,1,1,1,0,0,1,0,0,0,0,0,0,1,1,1,0,0,1,1,0,1,0,0,1,0,0,0,0
115696286,0,1,1,0,1,1,1,0,0,0,1,1,1,1,0,0,1,0,0,0,0,0,0,1,1,1,0,0,1,1,0,1,0,0,1,0,0,0,0
116199788,0,1,1,0,1,1,1,0,0,0,1,1,1,1,0,0,1,0,0,0,0,0,0,1,1,1,0,0,1,1,0,1,0,0,1,0,0,0,0
116702529,0,1,1,0,1,1,1,0,0,0,1,1,1,1,0,0,1,0,0,0,0,0,0,1,1,1,0,0,1,1,0,1,0,0,1,0,0,0,0
117205300,0,1,1,0,1,1,1,0,0,0,1,1,1,1,0,0,1,0,0,0,0,0,0,1,1,1,0,0,1,1,0,1,0,0,1,0,0,0,0
117708547,0,1,1,0,1,1,1,0,0,0,1,1,1,1,0,0,1,0,0,0,0,0,0,1,1,1,0,0,1,1,0,1,0,0,1,0,0,0,0
118211860,0,1,1,0,1,1,1,0,0,0,1,1,1,1,0,0,1,0,0,0,0,0,0,1,1,1,0,0,1,1,0,1,0,0,1,0,0,0,0
118714753,0,1,1,0,1,1,1,0,0,0,1,1,1,1,0,0,1,0,0,0,0,0,0,1,1,1,0,0,1,1,0,1,0,0,1,0,0,0,0
119218179,0,1,1,0,1,1,1,0,0,0,1,1,1,1,0,0,1,0,0,0,0,0,0,1,1,1,0,0,1,1,0,1,0,0,1,0,0,0,0
119723186,0,1,1,0,1,1,1,0,0,0,1,1,1,1,0,0,1,0,0,0,0,0,0,1,1,1,0,0,1,1,0,1,0,0,1,0,0,0,0
120226625,0,1,1,0,1,1,1,0,0,0,1,1,1,1,0,0,1,0,0,0,0,0,0,1,1,1,0,0,1,1,0,1,0,0,1,0,0,0,0
120729266,0,1,1,0,1,1,1,0,0,0,1,1,1,1,0,0,1,0,0,0,0,0,0,1,1,1,0,0,1,1,0,1,0,0,1,0,0,0,0
121232196,0,1,1,0,1,1,1,0,0,0,1,1,1,1,0,0,1,0,0,0,0,0,0,1,1,1,0,0,1,1,0,1,0,0,1,0,0,0,0
121735925,0,1,1,0,1,1,1,0,0,0,1,1,1,1,0,0,1,0,0,0,0,0,0,1,1,1,0,0,1,1,0,1,0,0,1,0,0,0,0
122238735,0,1,1,0,1,1,1,0,0,0,1,1,1,1,0,0,1,0,0,0,0,0,0,1,1,1,0,0,1,1,0,1,0,0,1,0,0,0,0
122741868,0,1,1,0,1,1,1,0,0,0,1,1,1,1,0,0,1,0,0,0,0,0,0,1,1,1,0,0,1,1,0,1,0,0,1,0,0,0,0
123244350,0,1,1,0,1,1,1,0,0,0,1,1,1,1,0,0,1,0,0,0,0,0,0,1,1,1,0,0,1,1,0,1,0,0,1,0,0,0,0
123748195,0,1,1,0,1,1,1,0,0,0,1,1,1,1,0,0,1,0,0,0,0,0,0,1,1,1,0,0,1,1,0,1,0,0,1,0,0,0,0
124251568,0,1,1,0,1,1,1,0,0,0,1,1,1,1,0,0,1,0,0,0,0,0,0,1,1,1,0,0,1,1,0,1,0,0,1,0,0,0,0
124755865,0,1,1,0,1,1,1,0,0,0,1,1,1,1,0,0,1,0,0,0,0,0,0,1,1,1,0,0,1,1,0,1,0,0,1,0,0,0,0
125258029,0,1,1,0,1,1,1,0,0,0,1,1,1,1,0,0,1,0,0,0,0,0,0,1,1,1,0,0,1,1,0,1,0,0,1,0,0,0,0
125761136,0,1,1,0,1,1,1,0,0,0,1,1,1,1,0,0,1,0,0,1,0,0,0,1,1,1,0,0,1,1,0,1,0,0,1,0,0,0,0
126264871,0,1,1,0,1,1,1,0,0,0,1,1,1,1,0,0,1,0,0,1,0,0,0,1,1,1,0,0,1,1,0,1,0,0,1,0,0,0,0
126766929,0,1,1,0,1,1,1,0,0,0,1,1,1,1,0,0,1,0,0,1,0,0,0,1,1,1,0,0,1,1,0,1,0,0,1,0,0,0,0
127270381,0,1,1,0,1,1,1,0,0,0,1,1,1,1,0,0,1,0,0,0,0,0,0,1,1,1,0,0,1,1,0,1,0,0,1,0,0,0,0
127773539,0,1,1,0,1,1,1,0,0,0,1,1,1,1,0,0,1,0,0,0,0,0,0,1,1,1,0,0,1,1,0,1,0,0,1,0,0,0,0
128275727,0,1,1,0,1,1,1,0,0,0,1,1,1,1,0,0,1,0,0,0,0,0,0,1,1,1,0,0,1,1,0,1,0,0,1,0,0,0,0
128779212,0,1,1,0,1,1,1,0,0,0,1,1,1,1,0,0,1,0,0,0,0,0,0,1,1,1,0,0,1,1,0,1,0,0,1,0,0,0,0
129283718,0,1,1,0,1,1,1,0,0,0,1,1,1,1,0,0,1,0,0,0,0,0,0,1,1,1,0,0,1,1,0,1,0,0,1,0,0,0,0
129787634,0,1,1,0,1,1,1,0,0,0,1,1,1,1,0,0,1,0,0,0,0,0,0,1,1,1,0,0,1,1,0,1,0,0,1,0,0,0,0
130290997,0,1,1,0,1,1,1,0,0,0,1,1,1,1,0,0,1,0,0,0,0,0,0,1,1,1,0,0,1,1,0,1,0,0,1,0,0,0,0
130793270,0,1,1,0,1,1,1,0,0,0,1,1,1,1,0,0,1,0,0,0,0,0,0,1,1,1,0,0,1,1,0,1,0,0,1,0,0,0,0
131297672,0,1,1,0,1,1,1,0,0,0,1,1,1,1,0,0,1,0,0,0,0,0,0,1,1,1,0,0,1,1,0,1,0,0,1,0,0,0,0
131350696,0,1,1,0,1,1,1,1,1,1,1,1,1,1,0,0,1,0,0,0,0,0,0,1,1,1,0,0,1,1,0,1,0,0,1,0,0,0,0
131855116,0,1,1,0,1,1,1,1,1,1,1,1,1,1,0,0,1,0,0,0,0,0,0,1,1,1,0,0,1,1,0,1,0,0,1,0,0,0,0
132357888,0,1,1,0,1,1,1,1,1,1,1,1,1,1,0,0,1,0,0,0,0,0,0,1,1,1,0,0,1,1,0,1,0,0,1,0,0,0,0
132860704,0,1,1,0,1,1,1,1,1,1,1,1,1,1,0,0,1,0,0,0,0,0,0,1,1,1,0,0,1,1,0,1,0,0,1,0,0,0,0
133364153,0,1,1,0,1,1,1,1,1,1,1,1,1,1,0,0,1,0,0,0,0,0,0,1,1,1,0,0,1,1,0,1,0,0,1,0,0,0,0
133868970,0,1,1,0,1,1,1,1,1,1,1,1,1,1,0,0,1,0,0,0,0,0,0,1,1,1,0,0,1,1,0,1,0,0,1,0,0,0,0
134371009,0,1,1,0,1,1,1,1,1,1,1,1,1,1,0,0,1,0,0,0,0,0,0,1,1,1,0,0,1,1,0,1,0,0,1,0,0,0,0
134873516,0,1,1,0,1,1,1,1,1,1,1,1,1,1,0,0,1,0,0,0,0,0,0,1,1,1,0,0,1,1,0,1,0,0,1,0,0,0,0
135376222,0,1,1,0,1,1,1,1,1,1,1,1,1,1,0,0,1,0,0,0,0,0,0,1,1,1,0,0,1,1,0,1,0,0,1,0,0,0,0
135880003,0,1,1,0,1,1,1,1,1,1,1,1,1,1,0,0,1,0,0,0,0,0,0,1,1,1,0,0,1,1,0,1,0,0,1,0,0,0,0
136382364,0,1,1,0,1,1,1,1,1,1,1,1,1,1,0,0,1,0,0,0,0,0,0,1,1,1,0,0,1,1,0,1,0,0,1,0,0,0,0
136885047,0,1,1,0,1,1,1,1,1,1,1,1,1,1,0,0,1,0,0,0,0,0,0,1,1,1,0,0,1,1,0,1,0,0,1,0,0,0,0
137389271,0,1,1,0,1,1,1,1,1,1,1,1,1,1,0,0,1,0,0,0,0,0,0,1,1,1,0,0,1,1,0,1,0,0,1,0,0,0,0
137892262,0,1,1,0,1,1,1,1,1,1,1,1,1,1,0,0,1,0,0,0,0,0,0,1,1,1,0,0,1,1,0,1,0,0,1,0,0,0,0
138396380,0,1,1,0,1,1,1,1,1,1,1,1,1,1,0,0,1,0,0,0,0,0,0,1,1,1,0,0,1,1,0,1,0,0,1,0,0,0,0
138899127,0,1,1,0,1,1,1,1,1,1,1,1,1,1,0,0,1,0,0,0,0,0,0,1,1,1,0,0,1,1,0,1,0,0,1,0,0,0,0
139402812,0,1,1,0,1,1,1,1,1,1,1,1,1,1,0,0,1,0,0,0,0,0,0,1,1,1,0,0,1,1,0,1,0,0,1,0,0,0,0
139905433,0,1,1,0,1,1,1,1,1,1,1,1,1,1,0,0,1,0,0,0,0,0,0,1,1,1,0,0,1,1,0,1,0,0,1,0,0,0,0
140409761,0,1,1,0,1,1,1,1,1,1,1,1,1,1,0,0,1,0,0,0,0,0,0,1,1,1,0,0,1,1,0,1,0,0,1,0,0,0,0
140912655,0,1,1,0,1,1,1,1,1,1,1,1,1,1,0,0,1,0,0,0,0,0,0,1,1,1,0,0,1,1,0,1,0,0,1,0,0,0,0
141416036,0,1,1,0,1,1,1,1,1,1,1,1,1,1,0,0,1,0,0,0,0,0,0,1,1,1,0,0,1,1,0,1,0,0,1,0,0,0,0
141919149,0,1,1,0,1,1,1,1,1,1,1,1,1,1,0,0,1,0,0,0,0,0,0,1,1,1,0,0,1,1,0,1,0,0,1,0,0,0,0
142423621,0,1,1,0,1,1,1,1,1,1,1,1,1,1,0,0,1,0,0,0,0,0,0,1,1,1,0,0,1,1,0,1,0,0,1,0,0,0,0
142925945,0,1,1,0,1,1,1,1,1,1,1,1,1,1,0,0,1,0,0,0,0,0,0,1,1,1,0,0,1,1,0,1,0,0,1,0,0,0,0
143428778,0,1,1,0,1,1,1,1,1,1,1,1,1,1,0,0,1,0,0,0,0,0,0,1,1,1,0,0,1,1,0,1,0,0,1,0,0,0,0
143933556,0,1,1,0,1,1,1,1,1,1,1,1,1,1,0,0,1,0,0,0,0,0,0,1,1,1,0,0,1,1,0,1,0,0,1,0,0,0,0
144437605,0,1,1,0,1,1,1,1,1,1,1,1,1,1,0,0,1,0,0,0,0,0,0,1,1,1,0,0,1,1,0,1,0,0,1,0,0,0,0
144940816,0,1,1,0,1,1,1,1,1,1,1,1,1,1,0,0,1,0,0,0,0,0,0,1,1,1,0,0,1,1,0,1,0,0,1,0,0,0,0
145443701,0,1,1,0,1,1,1,1,1,1,1,1,1,1,0,0,1,0,0,0,0,0,0,1,1,1,0,0,1,1,0,1,0,0,1,0,0,0,0
145946596,0,1,1,0,1,1,1,1,1,1,1,1,1,1,0,0,1,0,0,0,0,0,0,1,1,1,0,0,1,1,0,1,0,0,1,0,0,0,0
146449944,0,1,1,0,1,1,1,1,1,1,1,1,1,1,0,0,1,0,0,0,0,0,0,1,1,1,0,0,1,1,0,1,0,0,1,0,0,0,0
146952507,0,1,1,0,1,1,1,1,1,1,1,1,1,1,0,0,1,0,0,0,0,0,0,1,1,1,0,0,1,1,0,1,0,0,1,0,0,0,0
147455295,0,1,1,0,1,1,1,1,1,1,1,1,1,1,0,0,1,0,0,0,0,0,0,1,1,1,0,0,1,1,0,1,0,0,1,0,0,0,0
147958961,0,1,1,0,1,1,1,1,1,1,1,1,1,1,0,0,1,0,0,0,0,0,0,1,1,1,0,0,1,1,0,1,0,0,1,0,0,0,0
148461462,0,1,1,0,1,1,1,1,1,1,1,1,1,1,0,0,1,0,0,0,0,0,0,1,1,1,0,0,1,1,0,1,0,0,1,0,0,0,0
148964553,0,1,1,0,1,1,1,1,1,1,1,1,1,1,0,0,1,0,0,0,0,0,0,1,1,1,0,0,1,1,0,1,0,0,1,0,0,0,0
149467544,0,1,1,0,1,1,1,1,1,1,1,1,1,1,0,0,1,0,0,0,0,0,0,1,1,1,0,0,1,1,0,1,0,0,1,0,0,0,0
149970260,0,1,1,0,1,1,1,1,1,1,1,1,1,1,0,0,1,0,0,0,0,0,0,1,1,1,0,0,1,1,0,1,0,0,1,0,0,0,0
150473374,0,1,1,0,1,1,1,1,1,1,1,1,1,1,0,0,1,0,0,0,0,0,0,1,1,1,0,0,1,1,0,1,0,0,1,0,0,0,0
150975969,0,1,1,0,1,1,1,1,1,1,1,1,1,1,0,0,1,0,0,0,0,0,0,1,1,1,0,0,1,1,0,1,0,0,1,0,0,0,0
151479333,0,1,1,0,1,1,1,1,1,1,1,1,1,1,0,0,1,0,0,0,0,0,0,1,1,1,0,0,1,1,0,1,0,0,1,0,0,0,0
151982457,0,1,1,0,1,1,1,1,1,1,1,1,1,1,0,0,1,0,0,0,0,0,0,1,1,1,0,0,1,1,0,1,0,0,1,0,0,0,0
152485013,0,1,1,0,1,1,1,1,1,1,1,1,1,1,0,0,1,0,0,0,0,0,0,1,1,1,0,0,1,1,0,1,0,0,1,0,0,0,0
152991457,0,1,1,0,1,1,1,1,1,1,1,1,1,1,0,0,1,0,0,0,0,0,0,1,1,1,0,0,1,1,0,1,0,0,1,0,0,0,0
153496071,0,1,1,0,1,1,1,1,1,1,1,1,1,1,0,0,1,0,0,0,0,0,0,1,1,1,0,0,1,1,0,1,0,0,1,0,0,0,0
153998303,0,1,1,0,1,1,1,1,1,1,1,1,1,1,0,0,1,0,0,0,0,0,0,1,1,1,0,0,1,1,0,1,0,0,1,0,0,0,0
154502715,0,1,1,0,1,1,1,1,1,1,1,1,1,1,0,0,1,0,0,0,0,0,0,1,1,1,0,0,1,1,0,1,0,0,1,0,0,0,0
155005652,0,1,1,0,1,1,1,1,1,1,1,1,1,1,0,0,1,0,0,0,0,0,0,1,1,1,0,0,1,1,0,1,0,0,1,0,0,0,0
155507336,0,1,1,0,1,1,1,1,1,1,1,1,1,1,0,0,1,0,0,0,0,0,0,1,1,1,0,0,1,1,0,1,0,0,1,0,0,0,0
156010192,0,1,1,0,1,1,1,1,1,1,1,1,1,1,0,0,1,0,0,0,0,0,0,1,1,1,0,0,1,1,0,1,0,0,1,0,0,0,0
156514592,0,1,1,0,1,1,1,1,1,1,1,1,1,1,0,0,1,0,0,0,0,0,0,1,1,1,0,0,1,1,0,1,0,0,1,0,0,0,0
157019388,0,1,1,0,1,1,1,1,1,1,1,1,1,1,0,0,1,0,0,0,0,0,0,1,1,1,0,0,1,1,0,1,0,0,1,0,0,0,0
157523021,0,1,1,0,1,1,1,1,1,1,1,1,1,1,0,0,1,0,0,0,0,0,0,1,1,1,0,0,1,1,0,1,0,0,1,0,0,0,0
158025834,0,1,1,0,1,1,1,1,1,1,1,1,1,1,0,0,1,0,0,0,0,0,0,1,1,1,0,0,1,1,0,1,0,0,1,0,0,0,0
158529510,0,1,1,0,1,1,1,1,1,1,1,1,1,1,0,0,1,0,0,0,0,0,0,1,1,1,0,0,1,1,0,1,0,0,1,0,0,0,0
159032802,0,1,1,0,1,1,1,1,1,1,1,1,1,1,0,0,1,0,0,0,0,0,0,1,1,1,0,0,1,1,0,1,0,0,1,0,0,0,0
159536725,0,1,1,0,1,1,1,1,1,1,1,1,1,1,0,0,1,0,0,0,0,0,0,1,1,1,0,0,1,1,0,1,0,0,1,0,0,0,0
160039585,0,1,1,0,1,1,1,1,1,1,1,1,1,1,0,0,1,0,0,0,0,0,0,1,1,1,0,0,1,1,0,1,0,0,1,0,0,0,0
160543125,0,1,1,0,1,1,1,1,1,1,1,1,1,1,0,0,1,0,0,0,0,0,0,1,1,1,0,0,1,1,0,1,0,0,1,0,0,0,0
161048029,0,1,1,0,1,1,1,1,1,1,1,1,1,1,0,0,1,0,0,0,0,0,0,1,1,1,0,0,1,1,0,1,0,0,1,0,0,0,0
161551849,0,1,1,0,1,1,1,1,1,1,1,1,1,1,0,0,1,0,0,0,0,0,0,1,1,1,0,0,1,1,0,1,0,0,1,0,0,0,0
162054619,0,1,1,0,1,1,1,1,1,1,1,1,1,1,0,0,1,0,0,0,0,0,0,1,1,1,0,0,1,1,0,1,0,0,1,0,0,0,0
162558636,0,1,1,0,1,1,1,1,1,1,1,1,1,1,0,0,1,0,0,0,0,0,0,1,1,1,0,0,1,1,0,1,0,0,1,0,0,0,0
163062456,0,1,1,0,1,1,1,1,1,1,1,1,1,1,0,0,1,0,0,0,0,0,0,1,1,1,0,0,1,1,0,1,0,0,1,0,0,0,0
163565377,0,1,1,0,1,1,1,1,1,1,1,1,1,1,0,0,1,0,0,0,0,0,0,1,1,1,0,0,1,1,0,1,0,0,1,0,0,0,0
164068971,0,1,1,0,1,1,1,1,1,1,1,1,1,1,0,0,1,0,0,0,0,0,0,1,1,1,0,0,1,1,0,1,0,0,1,0,0,0,0
164571475,0,1,1,0,1,1,1,1,1,1,1,1,1,1,0,0,1,0,0,0,0,0,0,1,1,1,0,0,1,1,0,1,0,0,1,0,0,0,0
165074272,0,1,1,0,1,1,1,1,1,1,1,1,1,1,0,0,1,0,0,0,0,0,0,1,1,1,0,0,1,1,0,1,0,0,1,0,0,0,0
165577559,0,1,1,0,1,1,1,1,1,1,1,1,1,1,0,0,1,0,0,0,0,0,0,1,1,1,0,0,1,1,0,1,0,0,1,0,0,0,0
166080030,0,1,1,0,1,1,1,1,1,1,1,1,1,1,0,0,1,0,0,0,0,0,0,1,1,1,0,0,1,1,0,1,0,0,1,0,0,0,0
166584660,0,1,1,0,1,1,1,1,1,1,1,1,1,1,0,0,1,0,0,0,0,0,0,1,1,1,0,0,1,1,0,1,0,0,1,0,0,0,0
167087387,0,1,1,0,1,1,1,1,1,1,1,1,1,1,0,0,1,0,0,0,0,0,0,1,1,1,0,0,1,1,0,1,0,0,1,0,0,0,0
167591072,0,1,1,0,1,1,1,1,1,1,1,1,1,1,0,0,1,0,0,0,0,0,0,1,1,1,0,0,1,1,0,1,0,0,1,0,0,0,0
168094855,0,1,1,0,1,1,1,1,1,1,1,1,1,1,0,0,1,0,0,0,0,0,0,1,1,1,0,0,1,1,0,1,0,0,1,0,0,0,0
168597925,0,1,1,0,1,1,1,1,1,1,1,1,1,1,0,0,1,0,0,0,0,0,0,1,1,1,0,0,1,1,0,1,0,0,1,0,0,0,0
169100775,0,1,1,0,1,1,1,1,1,1,1,1,1,1,0,0,1,0,0,0,0,0,0,1,1,1,0,0,1,1,0,1,0,0,1,0,0,0,0
169604176,0,1,1,0,1,1,1,1,1,1,1,1,1,1,0,0,1,0,0,0,0,0,0,1,1,1,0,0,1,1,0,1,0,0,1,0,0,0,0
170107014,0,1,1,0,1,1,1,1,1,1,1,1,1,1,0,0,1,0,0,0,0,0,0,1,1,1,0,0,1,1,0,1,0,0,1,0,0,0,0
170609119,0,1,1,0,1,1,1,1,1,1,1,1,1,1,0,0,1,0,0,0,0,0,0,1,1,1,0,0,1,1,0,1,0,0,1,0,0,0,0
171112422,0,1,1,0,1,1,1,1,1,1,1,1,1,1,0,0,1,0,0,0,0,0,0,1,1,1,0,0,1,1,0,1,0,0,1,0,0,0,0
171615881,0,1,1,0,1,1,1,1,1,1,1,1,1,1,0,0,1,0,0,0,0,0,0,1,1,1,0,0,1,1,0,1,0,0,1,0,0,0,0
172118010,0,1,1,0,1,1,1,1,1,1,1,1,1,1,0,0,1,0,0,0,0,0,0,1,1,1,0,0,1,1,0,1,0,0,1,0,0,0,0
172620785,0,1,1,0,1,1,1,1,1,1,1,1,1,1,0,0,1,0,0,0,0,0,0,1,1,1,0,0,1,1,0,1,0,0,1,0,0,0,0
173124144,0,1,1,0,1,1,1,1,1,1,1,1,1,1,0,0,1,0,0,0,0,0,0,1,1,1,0,0,1,1,0,1,0,0,1,0,0,0,0
173628795,0,1,1,0,1,1,1,1,1,1,1,1,1,1,0,0,1,0,0,0,0,0,0,1,1,1,0,0,1,1,0,1,0,0,1,0,0,0,0
174131574,0,1,1,0,1,1,1,1,1,1,1,1,1,1,0,0,1,0,0,0,0,0,0,1,1,1,0,0,1,1,0,1,0,0,1,0,0,0,0
174634056,0,1,1,0,1,1,1,1,1,1,1,1,1,1,0,0,1,0,0,0,0,0,0,1,1,1,0,0,1,1,0,1,0,0,1,0,0,0,0
175137289,0,1,1,0,1,1,1,1,1,1,1,1,1,1,0,0,1,0,0,0,0,0,0,1,1,1,0,0,1,1,0,1,0,0,1,0,0,0,0
175640038,0,1,1,0,1,1,1,1,1,1,1,1,1,1,0,0,1,0,0,0,0,0,0,1,1,1,0,0,1,1,0,1,0,0,1,0,0,0,0
176143513,0,1,1,0,1,1,1,1,1,1,1,1,1,1,0,0,1,0,0,0,0,0,0,1,1,1,0,0,1,1,0,1,0,0,1,0,0,0,0
176647169,0,1,1,0,1,1,1,1,1,1,1,1,1,1,0,0,1,0,0,0,0,0,0,1,1,1,0,0,1,1,0,1,0,0,1,0,0,0,0
177149285,0,1,1,0,1,1,1,1,1,1,1,1,1,1,0,0,1,0,0,0,0,0,0,1,1,1,0,0,1,1,0,1,0,0,1,0,0,0,0
177652678,0,1,1,0,1,1,1,1,1,1,1,1,1,1,0,0,1,0,0,0,0,0,0,1,1,1,0,0,1,1,0,1,0,0,1,0,0,0,0
178155900,0,1,1,0,1,1,1,1,1,1,1,1,1,1,0,0,1,0,0,0,0,0,0,1,1,1,0,0,1,1,0,1,0,0,1,0,0,0,0
178658274,0,1,1,0,1,1,1,1,1,1,1,1,1,1,0,0,1,0,0,0,0,0,0,1,1,1,0,0,1,1,0,1,0,0,1,0,0,0,0
179161864,0,1,1,0,1,1,1,1,1,1,1,1,1,1,0,0,1,0,0,0,0,0,0,1,1,1,0,0,1,1,0,1,0,0,1,0,0,0,0
179665488,0,1,1,0,1,1,1,1,1,1,1,1,1,1,0,0,1,0,0,0,0,0,0,1,1,1,0,0,1,1,0,1,0,0,1,0,0,0,0
180168514,0,1,1,0,1,1,1,1,1,1,1,1,1,1,0,0,1,0,0,0,0,0,0,1,1,1,0,0,1,1,0,1,0,0,1,0,0,0,0
180670743,0,1,1,0,1,1,1,1,1,1,1,1,1,1,0,0,1,0,0,0,0,0,0,1,1,1,0,0,1,1,0,1,0,0,1,0,0,0,0
181174738,0,1,1,0,1,1,1,1,1,1,1,1,1,1,0,0,1,0,0,0,0,0,0,1,1,1,0,0,1,1,0,1,0,0,1,0,0,0,0
181678651,0,1,1,0,1,1,1,1,1,1,1,1,1,1,0,0,1,0,0,0,0,0,0,1,1,1,0,0,1,1,0,1,0,0,1,0,0,0,0
182181803,0,1,1,0,1,1,1,1,1,1,1,1,1,1,0,0,1,0,0,0,0,0,0,1,1,1,0,0,1,1,0,1,0,0,1,0,0,0,0
182684554,0,1,1,0,1,1,1,1,1,1,1,1,1,1,0,0,1,0,0,0,0,0,0,1,1,1,0,0,1,1,0,1,0,0,1,0,0,0,0
183189004,0,1,1,0,1,1,1,1,1,1,1,1,1,1,0,0,1,0,0,0,0,0,0,1,1,1,0,0,1,1,0,1,0,0,1,0,0,0,0
183691364,0,1,1,0,1,1,1,1,1,1,1,1,1,1,0,0,1,0,0,0,0,0,0,1,1,1,0,0,1,1,0,1,0,0,1,0,0,0,0
184195583,0,1,1,0,1,1,1,1,1,1,1,1,1,1,0,0,1,0,0,0,0,0,0,1,1,1,0,0,1,1,0,1,0,0,1,0,0,0,0
184698051,0,1,1,0,1,1,1,1,1,1,1,1,1,1,0,0,1,0,0,0,0,0,0,1,1,1,0,0,1,1,0,1,0,0,1,0,0,0,0
185201858,0,1,1,0,1,1,1,1,1,1,1,1,1,1,0,0,1,0,0,0,0,0,0,1,1,1,0,0,1,1,0,1,0,0,1,0,0,0,0
185704619,0,1,1,0,1,1,1,1,1,1,1,1,1,1,0,0,1,0,0,0,0,0,0,1,1,1,0,0,1,1,0,1,0,0,1,0,0,0,0
186207278,0,1,1,0,1,1,1,1,1,1,1,1,1,1,0,0,1,0,0,0,0,0,0,1,1,1,0,0,1,1,0,1,0,0,1,0,0,0,0
186711003,0,1,1,0,1,1,1,1,1,1,1,1,1,1,0,0,1,0,0,0,0,0,0,1,1,1,0,0,1,1,0,1,0,0,1,0,0,0,0
187212975,0,1,1,0,1,1,1,1,1,1,1,1,1,1,0,0,1,0,0,0,0,0,0,1,1,1,0,0,1,1,0,1,0,0,1,0,0,0,0
187715325,0,1,1,0,1,1,1,1,1,1,1,1,1,1,0,0,1,0,0,0,0,0,0,1,1,1,0,0,1,1,0,1,0,0,1,0,0,0,0
188219189,0,1,1,0,1,1,1,1,1,1,1,1,1,1,0,0,1,0,0,0,0,0,0,1,1,1,0,0,1,1,0,1,0,0,1,0,0,0,0
188723075,0,1,1,0,1,1,1,1,1,1,1,1,1,1,0,0,1,0,0,0,0,0,0,1,1,1,0,0,1,1,0,1,0,0,1,0,0,0,0
189227223,0,1,1,0,1,1,1,1,1,1,1,1,1,1,0,0,1,0,0,0,0,0,0,1,1,1,0,0,1,1,0,1,0,0,1,0,0,0,0
189730996,0,1,1,0,1,1,1,1,1,1,1,1,1,1,0,0,1,0,0,0,0,0,0,1,1,1,0,0,1,1,0,1,0,0,1,0,0,0,0
190233820,0,1,1,0,1,1,1,1,1,1,1,1,1,1,0,0,1,0,0,0,0,0,0,1,1,1,0,0,1,1,0,1,0,0,1,0,0,0,0
