timestamp,timestamp_sample,states[0],states[1],states[2],states[3],states[4],states[5],states[6],states[7],states[8],states[9],states[10],states[11],states[12],states[13],states[14],states[15],states[16],states[17],states[18],states[19],states[20],states[21],states[22],states[23],covariances[0],covariances[1],covariances[2],covariances[3],covariances[4],covariances[5],covariances[6],covariances[7],covariances[8],covariances[9],covariances[10],covariances[11],covariances[12],covariances[13],covariances[14],covariances[15],covariances[16],covariances[17],covariances[18],covariances[19],covariances[20],covariances[21],covariances[22],covariances[23],n_states
17648849,17548199,0.2534144,0.010950181,-0.010347093,0.9672406,4.0859495e-06,-6.9423277e-06,1.9740685e-06,-0.06427972,-0.0061666844,-0.52137333,5.078539e-05,-4.18514e-05,-2.5804932e-06,2.0012334e-05,0.00018307054,0.00012064742,0.2443418,-0.044057187,0.22568111,0.0,0.0,0.0,0.0,0.0,0.0004506123,4.4217028e-05,4.420125e-05,3.0989584e-05,1e-06,1e-06,1e-06,0.008660243,0.008660243,0.04197517,3.26944e-11,3.1216415e-11,2.9944118e-09,1.6173573e-06,1.6178578e-06,5e-08,0.0,0.0,0.0,0.0,0.0,0.0,0.0,0.0,24
18647917,18547293,0.2532053,0.011041311,-0.009901111,0.967299,0.0018622344,-0.00074239203,-0.00035431003,-0.081017606,-0.0069171265,-0.51993793,5.0755705e-05,-4.184985e-05,-3.3614272e-06,2.0132731e-05,0.0001835216,0.00013204478,0.2443418,-0.044057187,0.22568111,0.0,0.0,0.0,0.0,0.0,0.00042381397,4.4309774e-05,4.4298973e-05,2.9191053e-05,0.00021402657,0.00021403303,0.00020913396,0.006785707,0.0067857066,0.0392883,3.0480264e-11,2.9279197e-11,2.4501203e-09,1.6172196e-06,1.6177125e-06,5.0000857e-08,0.0,0.0,0.0,0.0,0.0,0.0,0.0,0.0,24
19647038,19546388,0.25281644,0.011024463,-0.010124245,0.96739846,-8.946081e-05,-0.00037871924,0.00019144802,-0.096082225,-0.007832648,-0.51982224,5.0755792e-05,-4.170815e-05,-3.931151e-06,2.1218137e-05,0.00018373672,0.00014096108,0.2443418,-0.044057187,0.22568111,0.0,0.0,0.0,0.0,0.0,0.0003926346,4.4193668e-05,4.417992e-05,2.7018717e-05,0.00014355636,0.00014355809,0.00014145076,0.005578461,0.0055784606,0.036923673,2.8138379e-11,2.715454e-11,2.0026745e-09,1.6170618e-06,1.6175512e-06,5.0000935e-08,0.0,0.0,0.0,0.0,0.0,0.0,0.0,0.0,24
20646494,20545609,0.25249994,0.011027526,-0.010571344,0.9674763,0.00113464,0.0006854923,0.00020077312,-0.10903392,-0.010279142,-0.5254458,5.077624e-05,-4.1671618e-05,-4.2904976e-06,2.1516043e-05,0.00018349584,0.00014381338,0.2443418,-0.044057187,0.22568111,0.0,0.0,0.0,0.0,0.0,0.00037225854,4.408466e-05,4.406735e-05,2.5585168e-05,7.674877e-05,7.675031e-05,7.61706e-05,0.004737335,0.004737335,0.034927815,2.6285332e-11,2.5463028e-11,1.6804568e-09,1.616898e-06,1.6173874e-06,5.000054e-08,0.0,0.0,0.0,0.0,0.0,0.0,0.0,0.0,24
21645293,21544706,0.2525063,0.01102987,-0.010250252,0.96747816,8.52871e-05,-0.00018955793,8.712197e-05,-0.121118836,-0.014426467,-0.5273145,5.0778403e-05,-4.1768046e-05,-4.3547143e-06,2.0911595e-05,0.00018315195,0.00014806062,0.2443418,-0.044057187,0.22568111,0.0,0.0,0.0,0.0,0.0,0.00035385328,4.3992488e-05,4.3978485e-05,2.4321045e-05,1.3301285e-05,1.3301252e-05,1.3284524e-05,0.004117957,0.0041179573,0.033048052,2.477925e-11,2.4092056e-11,1.4242657e-09,1.616783e-06,1.6172813e-06,5.0000093e-08,0.0,0.0,0.0,0.0,0.0,0.0,0.0,0.0,24
22644374,22543679,0.2522245,0.010990748,-0.010231993,0.96755224,0.002048873,0.00029018187,-1.7271066e-05,-0.13105161,-0.019799044,-0.5295167,5.079933e-05,-4.17999e-05,-4.9087357e-06,2.0823372e-05,0.00018288277,0.00015005576,0.2443418,-0.044057187,0.22568111,0.0,0.0,0.0,0.0,0.0,0.00033190186,4.4101434e-05,4.4086886e-05,2.2812852e-05,0.00022745639,0.00022746263,0.00022295924,0.0036438773,0.0036438776,0.031361822,2.3938067e-11,2.3363015e-11,1.2039814e-09,1.6167115e-06,1.617208e-06,5.0000807e-08,0.0,0.0,0.0,0.0,0.0,0.0,0.0,0.0,24
23653558,23553019,0.2521381,0.0111107305,-0.010047744,0.9675754,0.001555572,-0.00025718194,0.00017564977,-0.13832152,-0.026670385,-0.53134024,5.077048e-05,-4.169832e-05,-5.1806096e-06,2.1351898e-05,0.00018327011,0.0001523704,0.2443418,-0.044057187,0.22568111,0.0,0.0,0.0,0.0,0.0,0.0003177391,4.402592e-05,4.4013912e-05,2.1844893e-05,0.00017078812,0.00017079154,0.00016827515,0.0032669534,0.0032669539,0.029837936,2.2902395e-11,2.2402889e-11,1.0388846e-09,1.616631e-06,1.6171309e-06,5.0001056e-08,0.0,0.0,0.0,0.0,0.0,0.0,0.0,0.0,24
24652769,24552118,0.2519639,0.0114470655,-0.010261533,0.9676146,0.0008205774,0.000518003,-9.547073e-05,-0.14433162,-0.033642914,-0.5312418,5.0827286e-05,-4.1820356e-05,-5.1739844e-06,2.0784646e-05,0.00018276228,0.0001487716,0.2443418,-0.044057187,0.22568111,0.0,0.0,0.0,0.0,0.0,0.00030428864,4.3951713e-05,4.393968e-05,2.0879343e-05,0.00010289188,0.0001028929,0.000101992344,0.002961649,0.002961649,0.028455973,2.2018285e-11,2.1592249e-11,9.029577e-10,1.6165403e-06,1.6170471e-06,5.000072e-08,0.0,0.0,0.0,0.0,0.0,0.0,0.0,0.0,24
25651900,25551219,0.2513207,0.010950871,-0.010523421,0.96778476,0.003358391,-0.0002788949,0.00019111297,-0.15168953,-0.040259734,-0.5307607,5.0768474e-05,-4.2754975e-05,-5.3309477e-06,1.6135595e-05,0.00018066262,0.00014669968,0.2443418,-0.044057187,0.22568111,0.0,0.0,0.0,0.0,0.0,0.00028750807,4.3872893e-05,4.3858257e-05,1.9627825e-05,3.8264778e-05,3.8279944e-05,3.814583e-05,0.0027096104,0.002709613,0.027197164,2.1236955e-11,2.0902337e-11,7.812455e-10,1.616104e-06,1.616897e-06,5.000027e-08,0.0,0.0,0.0,0.0,0.0,0.0,0.0,0.0,24
26650870,26550320,0.25127122,0.012011115,-0.011305964,0.96777624,-0.017996166,0.011098609,-0.0009006909,-0.1579986,-0.044835582,-0.53245,5.0905925e-05,-4.101527e-05,-5.204041e-06,2.7130694e-05,0.00019125815,0.00015332882,0.2443418,-0.044057187,0.22568111,0.0,0.0,0.0,0.0,0.0,0.00027509837,4.3958014e-05,4.3983866e-05,1.8756478e-05,0.0002562439,0.00025648045,0.00025091806,0.0024997373,0.002499742,0.026102863,2.0983743e-11,2.0626873e-11,6.8581757e-10,1.6141767e-06,1.6167472e-06,5.0000896e-08,0.0,0.0,0.0,0.0,0.0,0.0,0.0,0.0,24
27650206,27549425,0.25129077,0.012062772,-0.010798478,0.9677763,-0.0024028788,0.00044050819,0.00016250012,-0.16033405,-0.0512745,-0.5326692,5.1045743e-05,-4.14761e-05,-5.0900776e-06,2.5869818e-05,0.00018938335,0.00015165689,0.2443418,-0.044057187,0.22568111,0.0,0.0,0.0,0.0,0.0,0.00026130583,4.3874075e-05,4.3917746e-05,1.7798719e-05,0.00018446009,0.00018446318,0.00018174708,0.0023177657,0.0023177678,0.025039122,2.0408281e-11,2.0113973e-11,6.016952e-10,1.6133886e-06,1.6166434e-06,5.0001063e-08,0.0,0.0,0.0,0.0,0.0,0.0,0.0,0.0,24
28649145,28548526,0.25143164,0.012216914,-0.010611576,0.96773976,-0.0006539561,0.0005768974,0.00018028403,-0.16196562,-0.058307737,-0.5309767,5.112307e-05,-4.163761e-05,-5.018514e-06,2.5513316e-05,0.00018878882,0.00015340306,0.2443418,-0.044057187,0.22568111,0.0,0.0,0.0,0.0,0.0,0.00025239406,4.3816963e-05,4.386137e-05,1.7199065e-05,0.00011610118,0.00011610021,0.000115029434,0.0021616123,0.0021616137,0.024059711,1.9930212e-11,1.9672777e-11,5.3666666e-10,1.6132535e-06,1.6165899e-06,5.0000807e-08,0.0,0.0,0.0,0.0,0.0,0.0,0.0,0.0,24
29648278,29547629,0.25165817,0.012365163,-0.010042409,0.96768516,-0.0022711044,-0.0012060156,-5.120217e-06,-0.16165793,-0.0649636,-0.53165835,5.1152332e-05,-4.1738294e-05,-4.9481055e-06,2.5093153e-05,0.00018847505,0.00015135221,0.2443418,-0.044057187,0.22568111,0.0,0.0,0.0,0.0,0.0,0.00024411966,4.3756667e-05,4.3803666e-05,1.6654541e-05,5.0919956e-05,5.092351e-05,5.0714803e-05,0.0020261416,0.002026142,0.023154834,1.9519115e-11,1.9288824e-11,4.810362e-10,1.6132004e-06,1.6165152e-06,5.000036e-08,0.0,0.0,0.0,0.0,0.0,0.0,0.0,0.0,24
30647323,30546734,0.25164706,0.012323563,-0.010503577,0.9676837,-0.0001566455,0.0009755227,-0.00026669865,-0.16105305,-0.0711113,-0.5326751,5.1311064e-05,-4.172936e-05,-4.8541297e-06,2.495523e-05,0.00018793333,0.00015120141,0.2443418,-0.044057187,0.22568111,0.0,0.0,0.0,0.0,0.0,0.00023374755,4.3878084e-05,4.3920914e-05,1.5932004e-05,0.00027037747,0.00027038815,0.0002649158,0.0019096315,0.001909632,0.022359109,1.9422122e-11,1.9215726e-11,4.2957857e-10,1.6131289e-06,1.6164827e-06,5.0000807e-08,0.0,0.0,0.0,0.0,0.0,0.0,0.0,0.0,24
31646511,31545839,0.25147182,0.012115337,-0.010722473,0.96772945,-0.0016184098,-0.00086849765,-0.0005391366,-0.16023332,-0.0775284,-0.5330695,5.147615e-05,-4.1851315e-05,-5.038651e-06,2.4729172e-05,0.00018750512,0.00015429796,0.2443418,-0.044057187,0.22568111,0.0,0.0,0.0,0.0,0.0,0.00022663697,4.3832384e-05,4.3869924e-05,1.5442574e-05,0.00019832951,0.0001983399,0.00019536365,0.0018026673,0.0018026684,0.021574672,1.9101262e-11,1.8916353e-11,3.8848172e-10,1.6130994e-06,1.616409e-06,5.000092e-08,0.0,0.0,0.0,0.0,0.0,0.0,0.0,0.0,24
32645616,32544945,0.2514858,0.01176566,-0.012233779,0.9677122,-0.00047293014,-0.0036472762,0.00026081735,-0.15841438,-0.082394876,-0.53355235,5.150947e-05,-4.194516e-05,-5.161113e-06,2.4482208e-05,0.00018718127,0.00015091717,0.2443418,-0.044057187,0.22568111,0.0,0.0,0.0,0.0,0.0,0.00021998146,4.3788106e-05,4.381467e-05,1.5002671e-05,0.00012945983,0.00012945198,0.00012818497,0.0017081517,0.0017081522,0.020844448,1.8819434e-11,1.8650134e-11,3.5277406e-10,1.6130799e-06,1.6163457e-06,5.0000885e-08,0.0,0.0,0.0,0.0,0.0,0.0,0.0,0.0,24
33645053,33544051,0.25205186,0.011610845,-0.012035461,0.9675693,0.0013715951,-0.0005929229,0.0003879019,-0.15659596,-0.08676976,-0.5326231,5.1656858e-05,-4.2047686e-05,-4.9687033e-06,2.4079887e-05,0.00018721832,0.00015265646,0.2443418,-0.044057187,0.22568111,0.0,0.0,0.0,0.0,0.0,0.00021147398,4.3736985e-05,4.3761665e-05,1.4465589e-05,6.36888e-05,6.369121e-05,6.338239e-05,0.0016239757,0.0016239767,0.020162867,1.8567946e-11,1.841586e-11,3.191569e-10,1.6130051e-06,1.6160767e-06,5.000045e-08,0.0,0.0,0.0,0.0,0.0,0.0,0.0,0.0,24
34653700,34553149,0.25214487,0.012243004,-0.009801576,0.96756244,-0.0004146955,0.0002126715,-0.00013845181,-0.15463017,-0.09154616,-0.53416896,5.1748884e-05,-4.1956035e-05,-4.8898864e-06,2.3949191e-05,0.00018660686,0.000154934,0.2443418,-0.044057187,0.22568111,0.0,0.0,0.0,0.0,0.0,0.00020588259,4.3686377e-05,4.3724405e-05,1.4082884e-05,1.3297276e-05,1.3297379e-05,1.3283624e-05,0.0015483915,0.0015483908,0.019525012,1.836069e-11,1.8217601e-11,2.919857e-10,1.6129586e-06,1.6159146e-06,5.000009e-08,0.0,0.0,0.0,0.0,0.0,0.0,0.0,0.0,24
35653068,35552257,0.24963959,0.009343724,-0.009848619,0.9682437,-0.024841413,0.017402759,-0.0045088893,-0.15560855,-0.09400099,-0.53449976,5.183247e-05,-4.4869405e-05,-4.7967415e-06,1.6326867e-05,0.00017793562,0.00016304734,0.2443418,-0.044057187,0.22568111,0.0,0.0,0.0,0.0,0.0,0.00019658088,4.37178e-05,4.3819953e-05,1.3143714e-05,0.0002269365,0.00022711593,0.00022318373,0.0014809625,0.001480969,0.018927598,1.834246e-11,1.8264446e-11,2.6422267e-10,1.6090132e-06,1.6157672e-06,5.000081e-08,0.0,0.0,0.0,0.0,0.0,0.0,0.0,0.0,24
36651899,36551365,0.24224716,0.007910639,-0.014003809,0.97008127,-0.5504846,0.27955726,0.011724578,-0.33978176,-0.0037410497,-0.5296466,5.1893257e-05,-4.7141453e-05,-3.911755e-06,1.3551625e-05,0.00013609025,0.00013584724,0.2443418,-0.044057187,0.22568111,0.0,0.0,0.0,0.0,0.0,0.00019044548,4.4018987e-05,4.4217784e-05,1.18479475e-05,0.0013177766,0.0014688431,0.0012449144,0.0016249107,0.0016406453,0.018595185,1.8808493e-11,1.8767864e-11,2.4183497e-10,1.6035577e-06,1.615342e-06,5.0000672e-08,0.0,0.0,0.0,0.0,0.0,0.0,0.0,0.0,24
37651118,37550474,0.2564054,-0.014864515,-0.018307215,0.9662817,-0.5570386,0.51451325,-0.107568055,-0.28808075,0.17207354,-0.58733785,5.5599703e-05,-7.3091294e-05,1.1082835e-05,0.00023578356,-0.0014058943,0.00010730457,0.2443418,-0.044057187,0.22568111,0.0,0.0,0.0,0.0,0.0,0.000135915,3.944355e-05,4.4157347e-05,8.299695e-06,0.00089779746,0.001066451,0.00089825824,0.0015844009,0.0016457994,0.018097794,1.8676612e-11,1.8482448e-11,1.8311724e-10,1.4413579e-06,1.608974e-06,5.000074e-08,0.0,0.0,0.0,0.0,0.0,0.0,0.0,0.0,24
38650205,38549586,0.2529921,-0.014437178,-0.017201895,0.96720773,-1.7322819,1.1881706,-0.14776193,-1.4945372,1.0646602,-0.6703665,5.5629007e-05,-7.262368e-05,9.873445e-06,0.00034500333,-0.0014031983,8.202303e-05,0.2443418,-0.044057187,0.22568111,0.0,0.0,0.0,0.0,0.0,0.00013629095,3.9822335e-05,4.5016055e-05,8.227941e-06,0.003955453,0.005021858,0.0035257482,0.003964455,0.004691043,0.019798363,1.965729e-11,1.947229e-11,1.7387204e-10,1.4251789e-06,1.608551e-06,5.0000082e-08,0.0,0.0,0.0,0.0,0.0,0.0,0.0,0.0,24
39649331,39548698,0.2517447,-0.015475146,-0.01943868,0.9674747,-2.675174,1.8305856,-0.15094197,-3.7349055,2.5957975,-0.75461745,5.5662425e-05,-7.252104e-05,8.748439e-06,0.00060378475,-0.0013636652,2.117122e-05,0.2443418,-0.044057187,0.22568111,0.0,0.0,0.0,0.0,0.0,0.00013710474,3.9358718e-05,4.59841e-05,8.326114e-06,0.009484548,0.011727456,0.0063829734,0.016831368,0.021055747,0.02779885,2.0642273e-11,2.0460586e-11,1.6573648e-10,1.3767669e-06,1.607421e-06,5e-08,0.0,0.0,0.0,0.0,0.0,0.0,0.0,0.0,24
40648373,40547811,0.25255013,-0.015918493,-0.020869631,0.96722776,-3.354622,2.3973718,-0.11374965,-6.7841687,4.710381,-0.75612557,5.5688957e-05,-7.237323e-05,7.882974e-06,0.000961939,-0.0013098345,-7.261337e-05,0.2443418,-0.044057187,0.22568111,0.0,0.0,0.0,0.0,0.0,0.00013749968,3.8556023e-05,4.704957e-05,8.527609e-06,0.01822421,0.021321515,0.008247359,0.0555522,0.068479456,0.04257869,2.1628609e-11,2.1445208e-11,1.5794523e-10,1.3149962e-06,1.6060436e-06,5.000036e-08,0.0,0.0,0.0,0.0,0.0,0.0,0.0,0.0,24
41647611,41547051,0.2539559,-0.012485832,-0.016756976,0.96699005,-3.7538204,2.9211102,-0.10353281,-10.380623,7.3914933,-0.7062744,5.572714e-05,-7.224153e-05,6.9840803e-06,0.0012425757,-0.0012740227,-0.00015694436,0.2443418,-0.044057187,0.22568111,0.0,0.0,0.0,0.0,0.0,0.00013674918,3.8135768e-05,4.8164842e-05,8.711522e-06,0.03116145,0.034409635,0.0089297015,0.14545749,0.17276534,0.060011048,2.2615522e-11,2.2429007e-11,1.498911e-10,1.2638335e-06,1.6052912e-06,5.0000256e-08,0.0,0.0,0.0,0.0,0.0,0.0,0.0,0.0,24
42646703,42546162,0.25341108,-0.030899862,-0.008530545,0.9668275,-3.3251088,2.883964,-0.6090492,-14.071798,10.350526,-0.8927032,5.5761644e-05,-7.2176095e-05,5.9052168e-06,0.0013639992,-0.0012578467,-0.00018799095,0.2443418,-0.044057187,0.22568111,0.0,0.0,0.0,0.0,0.0,0.0001364974,3.8571416e-05,4.9673734e-05,8.797418e-06,0.049547035,0.051799934,0.008747376,0.32451266,0.3697433,0.07612681,2.3603702e-11,2.3417988e-11,1.4287121e-10,1.23736e-06,1.6050142e-06,5.0000178e-08,0.0,0.0,0.0,0.0,0.0,0.0,0.0,0.0,24
43645966,43545276,0.26533017,-0.046132576,0.013110087,0.96296406,0.036810227,-0.06738938,0.020925159,-8.7802105,5.4014544,-0.26254636,4.5980847e-05,-9.208996e-05,1.5168981e-05,0.001546463,-0.0008022914,-0.00062393816,0.2443418,-0.044057187,0.22568111,0.0,0.0,0.0,0.0,0.0,0.00010376402,3.2798704e-05,4.365006e-05,6.6974994e-06,3.856926e-05,4.4941935e-05,3.8243074e-05,0.0459454,0.06379623,0.037733622,1.8275641e-11,1.821604e-11,1.1673648e-10,1.1864544e-06,1.5921074e-06,5.000009e-08,0.0,0.0,0.0,0.0,0.0,0.0,0.0,0.0,24
44655096,44554381,0.2551174,-0.017627785,0.0033239322,0.9667437,0.13213527,-0.09175314,0.039208286,-7.495593,4.18733,-0.19188088,5.1326504e-05,-5.597372e-05,1.1319259e-05,0.0010305222,-0.0010275618,-0.00012663438,0.2443418,-0.044057187,0.22568111,0.0,0.0,0.0,0.0,0.0,7.873169e-05,3.0784875e-05,4.3534128e-05,5.1063153e-06,0.0002735863,0.00027542215,0.0002671912,0.040681098,0.050022114,0.034971748,1.8189856e-11,1.8018139e-11,9.889076e-11,1.0943222e-06,1.5812819e-06,5.0000093e-08,0.0,0.0,0.0,0.0,0.0,0.0,0.0,0.0,24
45654175,45553496,0.24579845,0.0016782635,0.0031792442,0.96931434,0.03329037,-0.015233743,0.01743553,-6.9391165,3.7842553,-0.18426727,5.2428186e-05,-3.5282144e-05,9.941269e-06,0.0010964224,-0.00062073616,0.00021195374,0.2443418,-0.044057187,0.22568111,0.0,0.0,0.0,0.0,0.0,7.9258316e-05,2.9714474e-05,4.328373e-05,4.8821053e-06,0.00019882737,0.00019880933,0.00019602195,0.038967207,0.046761848,0.032955933,1.8079808e-11,1.7746271e-11,9.610906e-11,1.056796e-06,1.5741308e-06,5.000065e-08,0.0,0.0,0.0,0.0,0.0,0.0,0.0,0.0,24
46653516,46552611,0.2508815,0.0072303354,0.0012768225,0.96799004,0.0050320122,-0.04559982,-0.0011115175,-6.8455186,3.5595276,-0.22194754,6.2462896e-05,-2.6585603e-05,1.6520897e-05,0.001344234,-0.0004609506,0.00019341051,0.2443418,-0.044057187,0.22568111,0.0,0.0,0.0,0.0,0.0,8.009741e-05,2.9197896e-05,4.2595413e-05,4.92126e-06,0.00012974397,0.0001295891,0.00012840045,0.03817491,0.045836255,0.031213488,1.7891941e-11,1.7656477e-11,9.30737e-11,1.0426743e-06,1.5626111e-06,5.0000818e-08,0.0,0.0,0.0,0.0,0.0,0.0,0.0,0.0,24
47652413,47551727,0.2606844,0.0076994607,-0.006350937,0.96537244,-0.0076128235,-0.0053733215,-0.00093043706,-6.822609,3.4492288,-0.28440458,6.789893e-05,-2.171068e-05,1.6849437e-05,0.0012263122,-0.0006378175,0.00012817947,0.2443418,-0.044057187,0.22568111,0.0,0.0,0.0,0.0,0.0,8.193089e-05,2.8835708e-05,4.230157e-05,5.508787e-06,6.371336e-05,6.3769796e-05,6.3407766e-05,0.037896704,0.04535234,0.029680137,1.7718793e-11,1.7559825e-11,9.109829e-11,1.0351547e-06,1.5599261e-06,5.0000445e-08,0.0,0.0,0.0,0.0,0.0,0.0,0.0,0.0,24
48651765,48550843,0.27026597,0.009482847,-0.01310777,0.9626498,-7.969674e-05,0.00024439397,4.1436074e-06,-6.842308,3.4350517,-0.34933078,6.788221e-05,-2.3212891e-05,1.5056933e-05,0.0011355347,-0.0005021872,0.00025790924,0.2443418,-0.044057187,0.22568111,0.0,0.0,0.0,0.0,0.0,8.240115e-05,2.8597282e-05,4.2008713e-05,6.120354e-06,1e-06,1.000386e-06,1e-06,0.037813764,0.044951156,0.028301785,1.7509362e-11,1.7432627e-11,8.845645e-11,1.0263147e-06,1.5477307e-06,5e-08,0.0,0.0,0.0,0.0,0.0,0.0,0.0,0.0,24
49650705,49549959,0.27074215,0.011178326,-0.009163256,0.9625435,0.047574874,0.03871556,-0.0033562055,-6.847226,3.4629786,-0.39368793,6.0727303e-05,-2.7338405e-05,1.2434976e-05,0.0014896746,8.900819e-05,0.00026478388,0.2443418,-0.044057187,0.22568111,0.0,0.0,0.0,0.0,0.0,8.0272235e-05,2.8384133e-05,4.1277468e-05,6.171308e-06,0.0002133109,0.00021328173,0.00020998155,0.037777666,0.044346716,0.027044076,1.7562818e-11,1.7502298e-11,8.428185e-11,1.0163003e-06,1.5203709e-06,5.000052e-08,0.0,0.0,0.0,0.0,0.0,0.0,0.0,0.0,24
50650460,50549076,0.26061767,0.013069391,-0.0045852335,0.96534276,0.017821943,-0.023643648,-0.009328404,-6.8403563,3.4513636,-0.452561,5.578711e-05,-2.5693646e-05,1.0591502e-05,0.0015679348,2.4981202e-06,0.00013501346,0.2443418,-0.044057187,0.22568111,0.0,0.0,0.0,0.0,0.0,8.2026956e-05,2.8087734e-05,4.0782117e-05,5.9518115e-06,0.00014322525,0.00014309774,0.00014172247,0.037737843,0.044009842,0.025951115,1.7495099e-11,1.7421248e-11,8.225287e-11,1.0104435e-06,1.5102584e-06,5.0000875e-08,0.0,0.0,0.0,0.0,0.0,0.0,0.0,0.0,24
51649014,51548193,0.2645363,0.015637645,-0.011101118,0.9641851,-0.008490932,-0.022355683,0.0005297501,-6.8424907,3.4340532,-0.51415133,6.129122e-05,-2.2858078e-05,9.838508e-06,0.0015321466,2.9113313e-05,0.00034744272,0.2443418,-0.044057187,0.22568111,0.0,0.0,0.0,0.0,0.0,8.2857056e-05,2.8048664e-05,4.066714e-05,6.245096e-06,7.6713004e-05,7.660968e-05,7.628653e-05,0.037689544,0.043741778,0.024895404,1.7449446e-11,1.7382472e-11,8.0071026e-11,1.0037502e-06,1.5006752e-06,5.0000477e-08,0.0,0.0,0.0,0.0,0.0,0.0,0.0,0.0,24
52648327,52547310,0.27394226,0.01283344,-0.022892952,0.961388,-6.6685557,3.5319092,-0.09486036,-99.50817,56.63671,-0.6380111,6.121532e-05,-2.283728e-05,8.432921e-06,0.0014312002,5.4703073e-06,0.00035352077,0.2443418,-0.044057187,0.22568111,0.0,0.0,0.0,0.0,0.0,8.410727e-05,2.8784287e-05,4.150492e-05,6.936359e-06,0.022503922,0.022492332,0.038835127,0.03339042,0.033390358,0.03234025,1.8439078e-11,1.8375674e-11,7.844788e-11,1.0015948e-06,1.5004958e-06,5.0000367e-08,0.0,0.0,0.0,0.0,0.0,0.0,0.0,0.0,24
53647055,53546428,0.25637573,0.0148430215,-0.016134087,0.9663286,-6.392223,3.877913,-0.09093993,-105.99758,60.26607,-0.81446314,6.0849266e-05,-2.3007915e-05,7.4836553e-06,0.0013539109,-5.8317596e-06,0.0003527067,0.2443418,-0.044057187,0.22568111,0.0,0.0,0.0,0.0,0.0,8.656473e-05,2.96065e-05,4.2238382e-05,6.269283e-06,0.008035761,0.007995322,0.015951244,0.021589559,0.02158647,0.05349024,1.9350958e-11,1.9288257e-11,7.680983e-11,9.995807e-07,1.4994787e-06,5.0000118e-08,0.0,0.0,0.0,0.0,0.0,0.0,0.0,0.0,24
54646173,54545546,0.24022047,0.018479945,-0.011853132,0.9704701,-6.3969584,3.7515354,-0.028477771,-112.36706,63.922626,-0.93670046,5.9849983e-05,-2.3666178e-05,6.4959268e-06,0.0012823484,-3.6515296e-05,0.00034193794,0.2443418,-0.044057187,0.22568111,0.0,0.0,0.0,0.0,0.0,8.883801e-05,3.0278505e-05,4.2829346e-05,5.686668e-06,0.0062554264,0.0062416443,0.010847455,0.01841323,0.018406393,0.071997255,1.9960512e-11,1.9898059e-11,7.522284e-11,9.978479e-07,1.4988204e-06,5.000036e-08,0.0,0.0,0.0,0.0,0.0,0.0,0.0,0.0,24
55655297,55554656,0.26443884,-0.06129712,-0.016788375,0.96230614,0.14793295,-0.077849284,-0.0005185879,-108.622574,61.813904,-1.0226544,6.2496496e-05,-0.00011102735,1.38995465e-05,0.0029209347,-0.002103068,-0.00018326564,0.2443418,-0.044057187,0.22568111,0.0,0.0,0.0,0.0,0.0,8.397784e-05,2.8108188e-05,4.076175e-05,5.9349245e-06,0.0001610489,0.00016118342,0.00015524885,0.011305184,0.011331765,0.032299466,1.8255635e-11,1.806018e-11,7.07148e-11,9.900026e-07,1.4672327e-06,5.0000352e-08,0.0,0.0,0.0,0.0,0.0,0.0,0.0,0.0,24
56644393,56543783,0.27424577,-0.06815849,-0.025810689,0.9588939,1.7591727,-0.3519739,0.13850343,-107.708664,61.56002,-1.0211247,6.240794e-05,-0.00011099314,1.243265e-05,0.0028565784,-0.0021237943,-0.00020422238,0.2443418,-0.044057187,0.22568111,0.0,0.0,0.0,0.0,0.0,8.50168e-05,2.8908478e-05,4.166081e-05,6.708901e-06,0.0025962836,0.0027825492,0.0019278044,0.0113002015,0.011427601,0.030111905,1.9233646e-11,1.90445e-11,6.956137e-11,9.883423e-07,1.4669197e-06,5.000018e-08,0.0,0.0,0.0,0.0,0.0,0.0,0.0,0.0,24
57653540,57552893,0.23275617,-0.005356784,-0.022541918,0.9722591,0.028261492,-0.001989461,0.0032451176,-107.88977,61.689518,-1.2548004,3.3851302e-05,-5.197602e-05,-8.388883e-06,0.0030854188,-0.0035758833,-0.0005088859,0.2443418,-0.044057187,0.22568111,0.0,0.0,0.0,0.0,0.0,7.951701e-05,2.7179834e-05,4.0400355e-05,5.8706337e-06,7.6725024e-05,7.681628e-05,7.6139084e-05,0.01112789,0.011189366,0.028405488,1.7742644e-11,1.736315e-11,6.506699e-11,9.765536e-07,1.4558105e-06,5.000017e-08,0.0,0.0,0.0,0.0,0.0,0.0,0.0,0.0,24
58652552,58552013,0.231123,0.0043916455,-0.0115209855,0.97284645,0.0023367659,-0.0022487438,-0.0013597361,-107.83541,61.651775,-1.2891117,3.485287e-05,-4.185009e-05,-1.471942e-06,0.0030797727,-0.0024803465,-0.0005727605,0.2443418,-0.044057187,0.22568111,0.0,0.0,0.0,0.0,0.0,7.913566e-05,2.6849822e-05,3.9428753e-05,5.227411e-06,1.3301415e-05,1.33036065e-05,1.3283138e-05,0.011090873,0.0111325225,0.027015919,1.7469111e-11,1.7266948e-11,6.304933e-11,9.671422e-07,1.4371435e-06,5.0000093e-08,0.0,0.0,0.0,0.0,0.0,0.0,0.0,0.0,24
59651782,59551133,0.24608111,0.010778668,-0.0132016875,0.96909946,0.022599082,-0.08366039,0.019534256,-107.820595,61.59422,-1.3089212,4.2565734e-05,-3.4042536e-05,7.593047e-06,0.0032287347,-0.001928271,-0.00047796103,0.2443418,-0.044057187,0.22568111,0.0,0.0,0.0,0.0,0.0,7.828803e-05,2.6985901e-05,3.921387e-05,5.190694e-06,0.0002273636,0.00022679118,0.00022277192,0.011081463,0.01111284,0.025816457,1.758938e-11,1.7477545e-11,6.118144e-11,9.614703e-07,1.4238376e-06,5.000052e-08,0.0,0.0,0.0,0.0,0.0,0.0,0.0,0.0,24
60650852,60550253,0.26895246,0.012812821,-0.02523037,0.96273774,0.009509809,0.018371789,-0.0031818387,-107.816986,61.577827,-1.3302127,4.7607635e-05,-2.9083305e-05,1.0368115e-05,0.003038998,-0.002092915,-0.00020101023,0.2443418,-0.044057187,0.22568111,0.0,0.0,0.0,0.0,0.0,7.725905e-05,2.6998076e-05,3.897191e-05,5.980027e-06,0.00015733164,0.0001569726,0.00015447073,0.011080777,0.011107368,0.024796946,1.747525e-11,1.7454985e-11,5.9777905e-11,9.560672e-07,1.4116315e-06,5.000091e-08,0.0,0.0,0.0,0.0,0.0,0.0,0.0,0.0,24
61649997,61549373,0.26361948,0.019872615,-0.01884983,0.9642378,0.018366413,0.023245856,0.0047350996,-107.80927,61.596375,-1.3305796,3.675889e-05,-2.9477416e-05,5.1211305e-06,0.0038729624,-0.0018350241,-0.00021909508,0.2443418,-0.044057187,0.22568111,0.0,0.0,0.0,0.0,0.0,7.495848e-05,2.6584547e-05,3.780195e-05,5.9924396e-06,8.975935e-05,8.961601e-05,8.908227e-05,0.011082869,0.011107571,0.023819232,1.7359161e-11,1.7329615e-11,5.7783747e-11,9.4687e-07,1.3766066e-06,5.0000615e-08,0.0,0.0,0.0,0.0,0.0,0.0,0.0,0.0,24
62649272,62548493,0.24587281,0.024146551,-0.0069735125,0.96897626,0.0189539,-0.12392918,0.03038277,-107.77144,61.599697,-1.338947,3.4538934e-05,-2.9130484e-05,4.073535e-06,0.0039431327,-0.0018290578,-0.00018038551,0.2443418,-0.044057187,0.22568111,0.0,0.0,0.0,0.0,0.0,7.692047e-05,2.7214503e-05,3.8282433e-05,5.381986e-06,0.001563934,0.0015606383,0.0013843867,0.011400646,0.011422511,0.023144789,1.8145208e-11,1.8115585e-11,5.714541e-11,9.4560306e-07,1.3714151e-06,5.000042e-08,0.0,0.0,0.0,0.0,0.0,0.0,0.0,0.0,24
63648447,63547614,0.24793236,0.026636643,-0.012595332,0.96832925,-0.024965715,-0.04727967,-0.0055607785,-107.74891,61.676666,-1.3627896,4.4279943e-05,-2.7182647e-05,4.2846054e-06,0.0039943927,-0.0018553163,-0.00014219832,0.2443418,-0.044057187,0.22568111,0.0,0.0,0.0,0.0,0.0,7.634603e-05,2.6614121e-05,3.7507034e-05,5.3446493e-06,0.0001848922,0.00018461427,0.00018155402,0.01131327,0.011346933,0.022285119,1.7427755e-11,1.7461796e-11,5.577333e-11,9.4253596e-07,1.3669811e-06,5.0000917e-08,0.0,0.0,0.0,0.0,0.0,0.0,0.0,0.0,24
64647305,64546735,0.2572328,0.024968222,-0.020500962,0.9658093,0.0041232114,0.006552222,0.0040336647,-107.75028,61.67443,-1.3775738,4.8956197e-05,-2.6726777e-05,3.0791061e-06,0.003978085,-0.0018847175,-0.00021338694,0.2443418,-0.044057187,0.22568111,0.0,0.0,0.0,0.0,0.0,7.685772e-05,2.6495421e-05,3.7294183e-05,5.859751e-06,0.0001160287,0.00011599018,0.00011485206,0.011317077,0.011348963,0.02154282,1.736088e-11,1.7418417e-11,5.5105465e-11,9.410382e-07,1.3638132e-06,5.0000754e-08,0.0,0.0,0.0,0.0,0.0,0.0,0.0,0.0,24
65646428,65545856,0.25493667,0.028906163,-0.017150259,0.9663735,0.0010140007,0.00408915,0.0020575025,-107.748924,61.67745,-1.3879035,4.4248492e-05,-2.6569724e-05,2.4009876e-06,0.003995775,-0.0018412278,-2.115503e-06,0.2443418,-0.044057187,0.22568111,0.0,0.0,0.0,0.0,0.0,7.750926e-05,2.6485915e-05,3.7245863e-05,5.8756586e-06,5.090373e-05,5.0898354e-05,5.068397e-05,0.011321668,0.011352128,0.020813439,1.7314908e-11,1.7319693e-11,5.4371608e-11,9.392541e-07,1.3572202e-06,5.000031e-08,0.0,0.0,0.0,0.0,0.0,0.0,0.0,0.0,24
66655718,66554969,0.24330968,0.030069515,-0.012467194,0.9694024,-0.00021495965,-0.0004779428,-0.00034516415,-107.748665,61.67858,-1.3987111,4.692967e-05,-2.865971e-05,1.034053e-06,0.0040669693,-0.0019166648,7.721679e-05,0.2443418,-0.044057187,0.22568111,0.0,0.0,0.0,0.0,0.0,7.81395e-05,2.6413012e-05,3.7034617e-05,5.442184e-06,1e-06,1.0014628e-06,1.0007934e-06,0.011326502,0.011355527,0.020132989,1.7257105e-11,1.7284948e-11,5.3496537e-11,9.3798434e-07,1.3522795e-06,5e-08,0.0,0.0,0.0,0.0,0.0,0.0,0.0,0.0,24
67644728,67544099,0.24591795,0.025762934,-0.021453528,0.9687107,-0.016924925,0.007274205,0.0016454333,-107.7534,61.676968,-1.4064562,5.45787e-05,-3.0961302e-05,-1.1534618e-06,0.0039946847,-0.0020858152,-0.0001707693,0.2443418,-0.044057187,0.22568111,0.0,0.0,0.0,0.0,0.0,7.76286e-05,2.6312498e-05,3.6672496e-05,5.6139893e-06,0.00019820716,0.00019815068,0.00019478975,0.0113317,0.011358669,0.019497175,1.7385822e-11,1.7476525e-11,5.2516394e-11,9.3602927e-07,1.3427108e-06,5.000077e-08,0.0,0.0,0.0,0.0,0.0,0.0,0.0,0.0,24
68653909,68553213,0.25142685,0.025273565,-0.024398563,0.9672386,0.013374051,0.04408708,0.007929759,-107.75274,61.67753,-1.4126949,5.315276e-05,-3.4034216e-05,-1.5101442e-06,0.003996076,-0.0020538825,-3.7378297e-05,0.2443418,-0.044057187,0.22568111,0.0,0.0,0.0,0.0,0.0,7.799472e-05,2.6333608e-05,3.675832e-05,5.914792e-06,0.0001434729,0.00014299568,0.00014138372,0.011335796,0.011361657,0.018899502,1.735065e-11,1.7403638e-11,5.1945972e-11,9.350396e-07,1.3412191e-06,5.000081e-08,0.0,0.0,0.0,0.0,0.0,0.0,0.0,0.0,24
69652940,69552338,0.23961596,0.02855121,-0.017080002,0.97029763,0.015945835,0.13149625,0.0029889424,-204.19762,118.73651,-1.4178461,4.9146525e-05,-3.5473135e-05,-1.1151783e-06,0.0039892937,-0.002001207,3.4717494e-05,0.2443418,-0.044057187,0.22568111,0.0,0.0,0.0,0.0,0.0,7.860702e-05,2.678588e-05,3.7073238e-05,5.3837784e-06,0.0007553838,0.00075164094,0.0006945895,0.035996195,0.03599602,0.018382004,1.7929372e-11,1.794533e-11,5.122269e-11,9.3441895e-07,1.3355706e-06,5.0000555e-08,0.0,0.0,0.0,0.0,0.0,0.0,0.0,0.0,24
70652011,70551462,0.23370996,0.030775214,-0.011847205,0.971747,-0.2721117,-0.20620842,0.0058270087,-204.31926,118.713326,-1.409,4.9127462e-05,-3.543383e-05,-2.1652702e-06,0.003986417,-0.001989143,2.1266647e-05,0.2443418,-0.044057187,0.22568111,0.0,0.0,0.0,0.0,0.0,7.996223e-05,2.7619222e-05,3.7903665e-05,5.269883e-06,0.003649916,0.0036376563,0.0026929271,0.038082004,0.038081728,0.019510472,1.892547e-11,1.8940214e-11,5.0883648e-11,9.339874e-07,1.3353268e-06,5.000036e-08,0.0,0.0,0.0,0.0,0.0,0.0,0.0,0.0,24
71651135,71550589,0.24074587,0.025231667,-0.02425079,0.9699571,0.010070803,0.02480518,0.00163976,-204.13113,118.85894,-1.410629,5.7289722e-05,-3.873136e-05,-5.0094236e-06,0.0039851316,-0.0021839452,-0.00014330687,0.2443418,-0.044057187,0.22568111,0.0,0.0,0.0,0.0,0.0,7.924835e-05,2.6107595e-05,3.627024e-05,5.678813e-06,0.00015690045,0.00015681681,0.00015446151,0.036316566,0.036311496,0.017647251,1.7388873e-11,1.7448086e-11,5.0063127e-11,9.30292e-07,1.3256711e-06,5.0000835e-08,0.0,0.0,0.0,0.0,0.0,0.0,0.0,0.0,24
72650261,72549710,0.24261269,0.025814284,-0.022551328,0.9695175,0.0016830012,0.007675046,-0.0017857637,-204.12962,118.862305,-1.4126264,5.2348838e-05,-3.8998023e-05,-4.762876e-06,0.0039964984,-0.0021871782,-0.00014706548,0.2443418,-0.044057187,0.22568111,0.0,0.0,0.0,0.0,0.0,7.9332734e-05,2.6005033e-05,3.6180198e-05,5.7598486e-06,8.964408e-05,8.964185e-05,8.889593e-05,0.036320288,0.036315408,0.017157285,1.7323505e-11,1.732211e-11,4.9482002e-11,9.294376e-07,1.3230467e-06,5.0000505e-08,0.0,0.0,0.0,0.0,0.0,0.0,0.0,0.0,24
73649587,73548833,0.23888673,0.026096845,-0.02072309,0.97047555,0.0008492141,0.00067010126,-0.0005414101,-204.12903,118.86275,-1.4147606,5.0613406e-05,-3.7619364e-05,-5.117644e-06,0.0039927275,-0.002192224,-0.00016794947,0.2443418,-0.044057187,0.22568111,0.0,0.0,0.0,0.0,0.0,8.018625e-05,2.5940499e-05,3.6134265e-05,5.6620042e-06,2.5714447e-05,2.5715084e-05,2.5653131e-05,0.036324434,0.036319852,0.016694402,1.7280902e-11,1.7253294e-11,4.907899e-11,9.285085e-07,1.32246e-06,5.000012e-08,0.0,0.0,0.0,0.0,0.0,0.0,0.0,0.0,24
74648833,74548084,0.23520912,0.02578451,-0.022348933,0.9713457,0.021249186,0.050320815,-0.00043764414,-204.1276,118.8661,-1.4157134,5.122842e-05,-3.690315e-05,-5.9624667e-06,0.00399415,-0.002170692,-0.00016886576,0.2443418,-0.044057187,0.22568111,0.0,0.0,0.0,0.0,0.0,8.074387e-05,2.6071531e-05,3.6233276e-05,5.569169e-06,0.0002418882,0.00024131886,0.00023622767,0.036330134,0.036325626,0.016279107,1.744652e-11,1.74151e-11,4.8626526e-11,9.279753e-07,1.3213848e-06,5.0000732e-08,0.0,0.0,0.0,0.0,0.0,0.0,0.0,0.0,24
75647802,75547207,0.2227321,0.028217057,-0.012363359,0.9743929,-0.015327494,-0.038306158,0.005622729,-204.12863,118.86358,-1.4188153,4.690764e-05,-3.6969996e-05,-6.0137645e-06,0.003918412,-0.0021198564,-5.499511e-05,0.2443418,-0.044057187,0.22568111,0.0,0.0,0.0,0.0,0.0,8.0932885e-05,2.6021995e-05,3.603088e-05,5.015388e-06,0.00017092681,0.00017043867,0.00016792773,0.036333006,0.036329,0.015860619,1.7408318e-11,1.7356894e-11,4.7995847e-11,9.260751e-07,1.31221e-06,5.000088e-08,0.0,0.0,0.0,0.0,0.0,0.0,0.0,0.0,24
76647258,76546331,0.2209156,0.03021591,-0.018957848,0.9746404,-0.008912077,-0.0100213485,0.0019045942,-204.12984,118.86262,-1.4108808,5.504806e-05,-3.6767728e-05,-7.505762e-06,0.003996502,-0.0020940048,2.7712955e-05,0.2443418,-0.044057187,0.22568111,0.0,0.0,0.0,0.0,0.0,8.0081474e-05,2.597215e-05,3.5803503e-05,4.9239684e-06,0.000102765895,0.00010275255,0.0001017834,0.03633695,0.036333166,0.015463632,1.7374682e-11,1.7373285e-11,4.7211398e-11,9.2234916e-07,1.299757e-06,5.000059e-08,0.0,0.0,0.0,0.0,0.0,0.0,0.0,0.0,24
77646262,77545456,0.22519845,0.030468842,-0.022873234,0.9735678,-0.0012413503,0.005692569,-0.0019555402,-204.13094,118.86217,-1.4104803,5.52198e-05,-3.861445e-05,-8.202311e-06,0.003996519,-0.0021330656,0.00013683905,0.2443418,-0.044057187,0.22568111,0.0,0.0,0.0,0.0,0.0,8.027888e-05,2.5934505e-05,3.580275e-05,5.1490338e-06,3.8271333e-05,3.8258935e-05,3.8114915e-05,0.03634134,0.0363378,0.015087363,1.7324043e-11,1.7321452e-11,4.6902992e-11,9.21492e-07,1.2981551e-06,5.0000203e-08,0.0,0.0,0.0,0.0,0.0,0.0,0.0,0.0,24
78645440,78544580,0.22536282,0.03217761,-0.02301989,0.9734713,-0.0034735345,0.016282454,0.011788386,-204.131,118.864555,-1.4075726,5.2688705e-05,-3.9855848e-05,-8.362501e-06,0.0039964383,-0.0021058538,0.00022595385,0.2443418,-0.044057187,0.22568111,0.0,0.0,0.0,0.0,0.0,8.07412e-05,2.6041476e-05,3.593779e-05,5.186042e-06,0.00025544595,0.00025539217,0.0002496833,0.036347833,0.03634437,0.014730945,1.747989e-11,1.7456644e-11,4.66391e-11,9.2105535e-07,1.2973377e-06,5.0000672e-08,0.0,0.0,0.0,0.0,0.0,0.0,0.0,0.0,24
79654264,79553696,0.2235227,0.025750745,-0.01998506,0.9741535,-0.022986686,-0.012171929,-0.021385534,-204.13309,118.86395,-1.405862,5.1620027e-05,-4.5075612e-05,-8.8458255e-06,0.00392823,-0.002024015,-4.6990597e-05,0.2443418,-0.044057187,0.22568111,0.0,0.0,0.0,0.0,0.0,8.066498e-05,2.5642004e-05,3.5382844e-05,5.094819e-06,0.00019866442,0.00019867234,0.00019486994,0.036351,0.036347777,0.014405156,1.7397809e-11,1.7386911e-11,4.6225884e-11,9.178466e-07,1.2934639e-06,5.0000843e-08,0.0,0.0,0.0,0.0,0.0,0.0,0.0,0.0,24
80653402,80552821,0.22818004,0.021261154,-0.023619935,0.9731002,-0.00016137655,0.00042556785,0.0033092373,-204.13264,118.86421,-1.3984585,5.3828044e-05,-4.6200694e-05,-9.700668e-06,0.0039328756,-0.0019672837,-0.0003102742,0.2443418,-0.044057187,0.22568111,0.0,0.0,0.0,0.0,0.0,8.094395e-05,2.5468378e-05,3.5143883e-05,5.3435388e-06,0.00012932885,0.00012933405,0.00012792306,0.036354803,0.036351733,0.0140776485,1.7349696e-11,1.73428e-11,4.5978155e-11,9.1671956e-07,1.2906743e-06,5.0000807e-08,0.0,0.0,0.0,0.0,0.0,0.0,0.0,0.0,24
81652502,81551946,0.23526537,0.023728093,-0.024563154,0.971331,0.012157019,0.038312953,0.0063141906,-204.13185,118.865295,-1.3910207,4.7979822e-05,-4.784201e-05,-8.836161e-06,0.003996497,-0.0019914343,-0.00011261961,0.2443418,-0.044057187,0.22568111,0.0,0.0,0.0,0.0,0.0,8.017777e-05,2.5534373e-05,3.516276e-05,5.5431533e-06,6.407732e-05,6.372974e-05,6.350721e-05,0.03635914,0.03635626,0.013765209,1.7307066e-11,1.727069e-11,4.5517746e-11,9.133995e-07,1.2821598e-06,5.000042e-08,0.0,0.0,0.0,0.0,0.0,0.0,0.0,0.0,24
82651777,82551071,0.22657129,0.02204372,-0.012887844,0.9736598,7.2629314e-06,-0.00015152198,-0.00020099604,-204.1318,118.86753,-1.3822966,4.4065884e-05,-4.975161e-05,-8.352109e-06,0.0039987885,-0.0018653079,-0.00039239204,0.2443418,-0.044057187,0.22568111,0.0,0.0,0.0,0.0,0.0,7.940908e-05,2.5232399e-05,3.454652e-05,5.0333583e-06,1e-06,1e-06,1e-06,0.03636388,0.03636104,0.01346713,1.723804e-11,1.7195698e-11,4.4877595e-11,9.1052084e-07,1.2722832e-06,5e-08,0.0,0.0,0.0,0.0,0.0,0.0,0.0,0.0,24
83650808,83550197,0.22899646,0.018642627,-0.01847415,0.97307336,0.007959273,-0.017924458,0.008210854,-204.13185,118.86424,-1.3764724,5.0825947e-05,-4.8977872e-05,-9.503978e-06,0.003991818,-0.0017645668,-0.0006084405,0.2443418,-0.044057187,0.22568111,0.0,0.0,0.0,0.0,0.0,7.805196e-05,2.5291052e-05,3.4406145e-05,5.085632e-06,0.00021221688,0.000212189,0.00020861175,0.036369056,0.03636651,0.013182603,1.740499e-11,1.7374687e-11,4.4231323e-11,9.099613e-07,1.2651435e-06,5.0000786e-08,0.0,0.0,0.0,0.0,0.0,0.0,0.0,0.0,24
84649915,84549322,0.2361014,0.020123547,-0.018911824,0.97133595,0.033721253,0.015672037,0.023578534,-299.72137,169.61966,-1.3734808,4.7158817e-05,-4.6973626e-05,-9.264786e-06,0.0039964416,-0.0019009926,-0.00032532934,0.2443418,-0.044057187,0.22568111,0.0,0.0,0.0,0.0,0.0,7.767675e-05,2.5513427e-05,3.467811e-05,5.3486815e-06,0.00014308354,0.00014342825,0.00014134338,0.03748491,0.037484914,0.012923633,1.747918e-11,1.7413142e-11,4.3962854e-11,9.079256e-07,1.2592009e-06,5.000087e-08,0.0,0.0,0.0,0.0,0.0,0.0,0.0,0.0,24
85649007,85548448,0.23095319,0.027544606,-0.016506486,0.9724349,0.002858983,0.0028292204,-0.0018333695,-299.72125,169.62024,-1.3743759,4.4874963e-05,-4.372966e-05,-8.8938195e-06,0.0039963746,-0.0020442822,0.0001908918,0.2443418,-0.044057187,0.22568111,0.0,0.0,0.0,0.0,0.0,7.7562254e-05,2.561959e-05,3.490597e-05,5.072109e-06,7.6657096e-05,7.665917e-05,7.608159e-05,0.03748938,0.037489384,0.012660601,1.7406156e-11,1.7310443e-11,4.3640418e-11,9.0421656e-07,1.2546186e-06,5.00005e-08,0.0,0.0,0.0,0.0,0.0,0.0,0.0,0.0,24
86648114,86547574,0.2276457,0.025856614,-0.016637744,0.9732585,0.00028333825,-0.0009048269,-0.00020783907,-299.7215,169.61996,-1.3749595,4.806265e-05,-4.4277884e-05,-9.1591555e-06,0.003996503,-0.0021104135,-2.222575e-05,0.2443418,-0.044057187,0.22568111,0.0,0.0,0.0,0.0,0.0,7.800554e-05,2.5329398e-05,3.44482e-05,4.932754e-06,1.3297995e-05,1.3297746e-05,1.3281577e-05,0.037494212,0.037494212,0.012408802,1.7302087e-11,1.722875e-11,4.3505893e-11,9.0328666e-07,1.2522006e-06,5.0000093e-08,0.0,0.0,0.0,0.0,0.0,0.0,0.0,0.0,24
87647359,87546700,0.22252752,0.02848203,-0.015121963,0.974393,-3.7355265e-05,0.0034339603,0.012920761,-299.72153,169.6196,-1.3770012,4.8271202e-05,-4.2490476e-05,-9.384888e-06,0.0039949105,-0.0020626348,2.038954e-06,0.2443418,-0.044057187,0.22568111,0.0,0.0,0.0,0.0,0.0,7.846795e-05,2.5417707e-05,3.4557495e-05,4.7410526e-06,0.00022647649,0.00022646974,0.00022220462,0.03750007,0.037500076,0.01216814,1.747299e-11,1.7385636e-11,4.3374054e-11,9.0237234e-07,1.2513837e-06,5.0000732e-08,0.0,0.0,0.0,0.0,0.0,0.0,0.0,0.0,24
88646371,88545826,0.21690607,0.030934049,-0.014828885,0.97558963,-0.028843708,-0.019011369,0.005258391,-299.72256,169.6186,-1.3789213,5.2537987e-05,-4.2844193e-05,-9.843082e-06,0.0039960966,-0.002057129,0.00021352759,0.2443418,-0.044057187,0.22568111,0.0,0.0,0.0,0.0,0.0,7.878397e-05,2.5453724e-05,3.4573033e-05,4.5153324e-06,0.0001566074,0.0001567721,0.0001544358,0.037503663,0.037503682,0.011946208,1.7425061e-11,1.736926e-11,4.3213984e-11,9.0079436e-07,1.2475651e-06,5.0000914e-08,0.0,0.0,0.0,0.0,0.0,0.0,0.0,0.0,24
89645691,89544952,0.21871449,0.030905746,-0.016186533,0.975165,-0.017291954,-0.0027425042,-0.0030096672,-299.72263,169.61845,-1.3806212,5.6116598e-05,-4.669983e-05,-1.0209014e-05,0.00397868,-0.0022231166,0.00022970351,0.2443418,-0.044057187,0.22568111,0.0,0.0,0.0,0.0,0.0,7.8795165e-05,2.531035e-05,3.4394085e-05,4.5700745e-06,8.963196e-05,8.96935e-05,8.889823e-05,0.037508003,0.03750803,0.011721713,1.7344333e-11,1.7335685e-11,4.3092113e-11,8.9956876e-07,1.2447443e-06,5.00006e-08,0.0,0.0,0.0,0.0,0.0,0.0,0.0,0.0,24
90654647,90554070,0.2242112,0.025386326,-0.0212725,0.9739776,7.5487187e-06,0.004016687,0.000690408,-299.72366,169.61777,-1.3805681,6.0928647e-05,-4.9977156e-05,-1.1156928e-05,0.0039645177,-0.002269987,4.600656e-05,0.2443418,-0.044057187,0.22568111,0.0,0.0,0.0,0.0,0.0,7.825449e-05,2.5128349e-05,3.4101522e-05,4.7814924e-06,3.8253536e-05,3.8246195e-05,3.8119688e-05,0.037512776,0.037512798,0.011506212,1.728193e-11,1.7311794e-11,4.2872463e-11,8.987221e-07,1.2417653e-06,5.0000267e-08,0.0,0.0,0.0,0.0,0.0,0.0,0.0,0.0,24
91643790,91543206,0.22641332,0.025496215,-0.020041492,0.9734914,0.019986462,0.020516891,-0.0022891473,-299.72202,169.61986,-1.3776062,5.790725e-05,-5.026157e-05,-1.1157397e-05,0.003996505,-0.0022570565,5.6721456e-05,0.2443418,-0.044057187,0.22568111,0.0,0.0,0.0,0.0,0.0,7.814716e-05,2.5197318e-05,3.4147866e-05,4.861107e-06,0.00024124002,0.00024136581,0.00023611898,0.03751899,0.03751901,0.011299926,1.743565e-11,1.742028e-11,4.2744232e-11,8.979003e-07,1.238669e-06,5.0000658e-08,0.0,0.0,0.0,0.0,0.0,0.0,0.0,0.0,24
92653109,92552324,0.21954072,0.028318852,-0.018307107,0.9750204,0.021194305,-0.0015797983,0.026460683,-299.7219,169.6183,-1.3730439,5.763707e-05,-4.7985664e-05,-1.1544701e-05,0.0039892155,-0.0022528262,3.7801965e-05,0.2443418,-0.044057187,0.22568111,0.0,0.0,0.0,0.0,0.0,7.851674e-05,2.5139632e-05,3.4089146e-05,4.6125674e-06,0.00018380325,0.00018401626,0.00018127989,0.037522614,0.037522633,0.011098719,1.7421056e-11,1.7375145e-11,4.2628415e-11,8.9660193e-07,1.2367706e-06,5.0001002e-08,0.0,0.0,0.0,0.0,0.0,0.0,0.0,0.0,24
93652317,93551450,0.21252514,0.030548284,-0.016741408,0.97653455,-0.0075103,-0.0010961195,-0.008098228,-299.72263,169.61874,-1.3695508,5.747148e-05,-4.8429505e-05,-1.20302075e-05,0.003975016,-0.0022711384,0.00018840059,0.2443418,-0.044057187,0.22568111,0.0,0.0,0.0,0.0,0.0,7.8873425e-05,2.5080908e-05,3.4022753e-05,4.366037e-06,0.000116119176,0.0001161256,0.00011480658,0.037526734,0.03752675,0.010905139,1.737245e-11,1.7327147e-11,4.2547504e-11,8.942046e-07,1.2331604e-06,5.000075e-08,0.0,0.0,0.0,0.0,0.0,0.0,0.0,0.0,24
94651121,94550582,0.21013242,0.02976885,-0.020024834,0.9770144,0.0016480366,-0.006501509,0.0030342252,-299.7236,169.61783,-1.360986,6.254784e-05,-4.7696212e-05,-1.3010324e-05,0.003996515,-0.0022297183,7.9182966e-05,0.2443418,-0.044057187,0.22568111,0.0,0.0,0.0,0.0,0.0,7.886529e-05,2.4982584e-05,3.37842e-05,4.293356e-06,5.08976e-05,5.0892148e-05,5.066489e-05,0.037531376,0.037531402,0.010728327,1.7337763e-11,1.731903e-11,4.2398487e-11,8.9239995e-07,1.227726e-06,5.000036e-08,0.0,0.0,0.0,0.0,0.0,0.0,0.0,0.0,24
95650311,95549705,0.2210758,0.030189473,-0.03024341,0.97432,-0.014578433,-0.006299856,0.013974098,-299.72644,169.61403,-1.3448391,6.561115e-05,-4.686379e-05,-1.3845456e-05,0.00399654,-0.002179899,0.00015402633,0.2443418,-0.044057187,0.22568111,0.0,0.0,0.0,0.0,0.0,7.817825e-05,2.5550664e-05,3.4247034e-05,4.7227427e-06,0.0010125022,0.0010120714,0.00092460803,0.037650198,0.0376502,0.010653631,1.7927123e-11,1.7924797e-11,4.2250037e-11,8.916772e-07,1.2238675e-06,5.000056e-08,0.0,0.0,0.0,0.0,0.0,0.0,0.0,0.0,24
96649604,96548832,0.22789419,0.031754542,-0.027024077,0.97279274,7.142909e-05,0.0004135587,-0.00033435118,-299.7262,169.5363,-1.3279939,5.5930777e-05,-5.0114057e-05,-1.2777344e-05,0.004117213,-0.0019357204,2.394643e-05,0.2443418,-0.044057187,0.22568111,0.0,0.0,0.0,0.0,0.0,7.612699e-05,2.480641e-05,3.336806e-05,4.8193897e-06,1e-06,1e-06,1e-06,0.037718527,0.03771649,0.010534524,1.728019e-11,1.7215668e-11,4.1800466e-11,8.886872e-07,1.2143873e-06,5e-08,0.0,0.0,0.0,0.0,0.0,0.0,0.0,0.0,24
97648562,97547960,0.21725303,0.03230046,-0.016817795,0.97543585,-0.0046390314,-0.0071976585,0.0060610916,-299.72485,169.54588,-1.3108114,5.000885e-05,-5.323958e-05,-1.2040411e-05,0.0039972193,-0.001807537,-6.537239e-05,0.2443418,-0.044057187,0.22568111,0.0,0.0,0.0,0.0,0.0,7.619387e-05,2.483549e-05,3.32345e-05,4.330641e-06,0.0002123932,0.00021227417,0.0002083977,0.037722886,0.03772126,0.0103615085,1.7418813e-11,1.7360054e-11,4.1686477e-11,8.875066e-07,1.2083335e-06,5.000085e-08,0.0,0.0,0.0,0.0,0.0,0.0,0.0,0.0,24
98647988,98547087,0.21329688,0.030988099,-0.017823623,0.9763332,-0.010099274,-0.034074847,-0.013245804,-390.9757,221.59624,-1.2942305,5.5192548e-05,-5.3176977e-05,-1.3234925e-05,0.003996529,-0.0017697002,-0.000119126846,0.2443418,-0.044057187,0.22568111,0.0,0.0,0.0,0.0,0.0,7.533848e-05,2.4925639e-05,3.3178563e-05,4.1613257e-06,0.0001441293,0.00014373491,0.00014114768,0.044364102,0.04436409,0.010201814,1.7550577e-11,1.7490624e-11,4.1358722e-11,8.864607e-07,1.2028779e-06,5.0000892e-08,0.0,0.0,0.0,0.0,0.0,0.0,0.0,0.0,24
99647165,99546215,0.22245702,0.03159789,-0.024496414,0.97412235,0.011717012,0.026719932,1.351023e-05,-391.32993,221.78093,-1.2744437,5.2488125e-05,-5.1349976e-05,-1.2995552e-05,0.003996525,-0.0017892387,-3.7115056e-05,0.2443418,-0.044057187,0.22568111,0.0,0.0,0.0,0.0,0.0,7.3756855e-05,2.4889718e-05,3.3009776e-05,4.4025096e-06,7.683859e-05,7.671028e-05,7.609813e-05,0.0376823,0.037682287,0.010039024,1.7418724e-11,1.7325839e-11,4.101519e-11,8.8527395e-07,1.194239e-06,5.0000512e-08,0.0,0.0,0.0,0.0,0.0,0.0,0.0,0.0,24
100646167,100545344,0.21345492,0.033761498,-0.016772904,0.9762253,-0.00018157628,7.481114e-05,0.00057704234,-391.32944,221.78262,-1.2538923,4.7920028e-05,-5.235454e-05,-1.2453188e-05,0.0039936504,-0.0017734978,-9.181108e-06,0.2443418,-0.044057187,0.22568111,0.0,0.0,0.0,0.0,0.0,7.399466e-05,2.4799927e-05,3.2820084e-05,4.0288555e-06,1.3297593e-05,1.3297542e-05,1.3280513e-05,0.037687104,0.037687093,0.009881843,1.7324265e-11,1.7231001e-11,4.098732e-11,8.849137e-07,1.1892688e-06,5.000009e-08,0.0,0.0,0.0,0.0,0.0,0.0,0.0,0.0,24
101655153,101554464,0.21075657,0.034314018,-0.019084783,0.9767497,-0.031262152,-0.029453507,-0.009992478,-391.33234,221.78027,-1.2309383,5.306085e-05,-5.3040454e-05,-1.3049731e-05,0.0039965278,-0.0017859547,2.3485269e-05,0.2443418,-0.044057187,0.22568111,0.0,0.0,0.0,0.0,0.0,7.372366e-05,2.4940846e-05,3.2870885e-05,3.9019837e-06,0.00024174248,0.00024166895,0.0002357897,0.037693325,0.037693314,0.0097312005,1.7483221e-11,1.7403572e-11,4.0873856e-11,8.841885e-07,1.1850858e-06,5.0000864e-08,0.0,0.0,0.0,0.0,0.0,0.0,0.0,0.0,24
102644985,102543602,0.21779227,0.033148453,-0.023165511,0.97515696,0.0016631167,0.013395176,0.004909767,-391.33044,221.78206,-1.2046025,5.4377488e-05,-5.390939e-05,-1.3177707e-05,0.0039975606,-0.0018114606,-2.522622e-05,0.2443418,-0.044057187,0.22568111,0.0,0.0,0.0,0.0,0.0,7.392781e-05,2.4851124e-05,3.2753578e-05,4.154481e-06,0.00015655665,0.00015650927,0.0001542232,0.037696548,0.03769654,0.0095821,1.7418404e-11,1.7340672e-11,4.0973818e-11,8.837327e-07,1.1834518e-06,5.0000903e-08,0.0,0.0,0.0,0.0,0.0,0.0,0.0,0.0,24
103653832,103552723,0.21821354,0.03446904,-0.018995943,0.97510713,-0.006760656,0.00019968224,0.0013503815,-391.3305,221.7826,-1.1763686,5.1271e-05,-5.4871754e-05,-1.2695424e-05,0.0039927675,-0.0017853796,2.8883244e-06,0.2443418,-0.044057187,0.22568111,0.0,0.0,0.0,0.0,0.0,7.4373755e-05,2.4785248e-05,3.267825e-05,4.156246e-06,0.00010273363,0.00010274037,0.000101735415,0.037700977,0.03770097,0.009438877,1.7374312e-11,1.7286648e-11,4.1078783e-11,8.832676e-07,1.1813208e-06,5.000067e-08,0.0,0.0,0.0,0.0,0.0,0.0,0.0,0.0,24
104652933,104551852,0.21197371,0.03403396,-0.015768558,0.9765553,-0.00027637105,-0.0015767036,0.0022887203,-391.33075,221.78278,-1.1478846,5.0152386e-05,-5.6345954e-05,-1.2525279e-05,0.0039965245,-0.0017753696,-3.595329e-05,0.2443418,-0.044057187,0.22568111,0.0,0.0,0.0,0.0,0.0,7.486266e-05,2.4703288e-05,3.2535947e-05,3.92092e-06,3.8242502e-05,3.8240796e-05,3.810902e-05,0.0377057,0.037705705,0.009307382,1.7318593e-11,1.7234268e-11,4.1132292e-11,8.8306047e-07,1.1796915e-06,5.0000267e-08,0.0,0.0,0.0,0.0,0.0,0.0,0.0,0.0,24
105651674,105550981,0.20639513,0.03170257,-0.013563098,0.977861,-0.007320151,-0.036449865,-0.021815738,-391.33145,221.7799,-1.1166793,5.291591e-05,-5.7191897e-05,-1.2864564e-05,0.003996525,-0.0018207935,-0.00015046443,0.2443418,-0.044057187,0.22568111,0.0,0.0,0.0,0.0,0.0,7.5236945e-05,2.4721765e-05,3.247176e-05,3.7218826e-06,0.0002565543,0.00025609776,0.00024958418,0.03771235,0.037712358,0.009174553,1.747591e-11,1.740316e-11,4.114889e-11,8.820316e-07,1.1767945e-06,5.000076e-08,0.0,0.0,0.0,0.0,0.0,0.0,0.0,0.0,24
106650923,106550111,0.20778851,0.031086463,-0.016685648,0.97753733,0.014725251,-0.026271353,-0.009250475,-391.33,221.78058,-1.081127,5.7361623e-05,-5.4856166e-05,-1.3595213e-05,0.00399654,-0.0017309837,-0.00029635197,0.2443418,-0.044057187,0.22568111,0.0,0.0,0.0,0.0,0.0,7.507011e-05,2.4640867e-05,3.2357e-05,3.7746522e-06,0.00018446337,0.00018441187,0.00018099454,0.03771554,0.03771556,0.009042212,1.7462703e-11,1.737964e-11,4.1078647e-11,8.8089234e-07,1.1744463e-06,5.0000942e-08,0.0,0.0,0.0,0.0,0.0,0.0,0.0,0.0,24
107649979,107549239,0.20961489,0.034519352,-0.01736701,0.9770202,0.004969939,0.002677421,0.0064641763,-391.33054,221.78143,-1.0451335,5.6529207e-05,-5.330314e-05,-1.3781071e-05,0.0039979382,-0.0016942134,-0.00012677793,0.2443418,-0.044057187,0.22568111,0.0,0.0,0.0,0.0,0.0,7.525587e-05,2.473731e-05,3.2492168e-05,3.856581e-06,0.00011595306,0.000115956405,0.000114711016,0.03771966,0.037719686,0.008914796,1.7442171e-11,1.7331369e-11,4.113059e-11,8.800998e-07,1.1719177e-06,5.000076e-08,0.0,0.0,0.0,0.0,0.0,0.0,0.0,0.0,24
108649081,108548369,0.20223597,0.038657214,-0.013522713,0.9784802,-0.004652477,-0.0016076446,-0.0012722026,-391.3305,221.7817,-1.0099729,5.5381177e-05,-5.4356995e-05,-1.3741179e-05,0.003996528,-0.0016647012,0.00015481576,0.2443418,-0.044057187,0.22568111,0.0,0.0,0.0,0.0,0.0,7.603323e-05,2.4814239e-05,3.259884e-05,3.6204747e-06,5.0920135e-05,5.0924195e-05,5.0652015e-05,0.03772433,0.037724357,0.008797791,1.7389186e-11,1.7284313e-11,4.126268e-11,8.795682e-07,1.1699433e-06,5.000036e-08,0.0,0.0,0.0,0.0,0.0,0.0,0.0,0.0,24
109648220,109547498,0.20451547,0.035050526,-0.018089034,0.97806835,-0.035053037,-0.07440943,-0.02463296,-391.33463,221.77399,-0.97322184,6.271119e-05,-5.599586e-05,-1.4595801e-05,0.003996557,-0.0017888781,-3.1272106e-05,0.2443418,-0.044057187,0.22568111,0.0,0.0,0.0,0.0,0.0,7.5047996e-05,2.4786274e-05,3.232648e-05,3.6413762e-06,0.00027220737,0.0002710786,0.00026383513,0.037731446,0.037731476,0.008680293,1.7522301e-11,1.7473792e-11,4.1032164e-11,8.787294e-07,1.1635118e-06,5.0000754e-08,0.0,0.0,0.0,0.0,0.0,0.0,0.0,0.0,24
110647308,110546627,0.217532,0.031776052,-0.026887404,0.97516525,0.022549266,0.042985655,-0.007512634,-391.32974,221.78342,-0.9313687,6.2798965e-05,-5.51255e-05,-1.4858831e-05,0.0039965305,-0.0018183744,-0.0002558507,0.2443418,-0.044057187,0.22568111,0.0,0.0,0.0,0.0,0.0,7.408038e-05,2.4631152e-05,3.1986623e-05,4.0632276e-06,0.00019908536,0.00019865007,0.00019449623,0.037734408,0.03773445,0.008561762,1.7475098e-11,1.7394098e-11,4.0914282e-11,8.7734423e-07,1.1572956e-06,5.00009e-08,0.0,0.0,0.0,0.0,0.0,0.0,0.0,0.0,24
111646440,111545757,0.21543606,0.034389578,-0.020315953,0.97570074,0.0052216356,-0.0026884375,0.0015263879,-391.33124,221.7807,-0.88791007,5.4641525e-05,-5.4245276e-05,-1.3829549e-05,0.0039965305,-0.0019173287,-0.00029271012,0.2443418,-0.044057187,0.22568111,0.0,0.0,0.0,0.0,0.0,7.342135e-05,2.4509685e-05,3.1787044e-05,3.907783e-06,0.00012939771,0.00012938747,0.00012776545,0.037738346,0.037738394,0.008447597,1.7436039e-11,1.7303183e-11,4.0755496e-11,8.7485563e-07,1.1489692e-06,5.0000846e-08,0.0,0.0,0.0,0.0,0.0,0.0,0.0,0.0,24
112645620,112544887,0.20892578,0.035070878,-0.018128993,0.9771343,-0.00017532508,0.0057403366,0.00038147977,-391.33112,221.78148,-0.8460953,5.4686123e-05,-5.4631353e-05,-1.3826193e-05,0.0039982107,-0.0019236667,-0.00014904108,0.2443418,-0.044057187,0.22568111,0.0,0.0,0.0,0.0,0.0,7.407108e-05,2.4572155e-05,3.185604e-05,3.689775e-06,6.3686915e-05,6.368077e-05,6.328446e-05,0.037742924,0.037742972,0.008337158,1.7392534e-11,1.7260365e-11,4.086258e-11,8.743744e-07,1.1477945e-06,5.0000427e-08,0.0,0.0,0.0,0.0,0.0,0.0,0.0,0.0,24
113644853,113544017,0.20608717,0.034618538,-0.019530294,0.97772604,-6.975106e-05,-4.309305e-05,-4.2625117e-05,-483.61475,273.92856,-0.8035382,5.801947e-05,-5.5824843e-05,-1.42419985e-05,0.004001509,-0.0019483229,-0.00013940215,0.2443418,-0.044057187,0.22568111,0.0,0.0,0.0,0.0,0.0,7.4535885e-05,2.4603058e-05,3.183943e-05,3.6027322e-06,1e-06,1e-06,1e-06,0.037679516,0.037679523,0.008238172,1.7420655e-11,1.7311274e-11,4.0954455e-11,8.739625e-07,1.1459051e-06,5e-08,0.0,0.0,0.0,0.0,0.0,0.0,0.0,0.0,24
114653843,114553138,0.20454866,0.033994496,-0.019215416,0.9780773,-0.006337093,0.010363474,0.00771749,-483.61505,273.92978,-0.75810164,5.5989796e-05,-5.657286e-05,-1.4020515e-05,0.0039952737,-0.0019466792,-0.00014774779,0.2443418,-0.044057187,0.22568111,0.0,0.0,0.0,0.0,0.0,7.492445e-05,2.4655868e-05,3.1861247e-05,3.5494297e-06,0.00022691846,0.00022690343,0.00022175937,0.037685387,0.037685398,0.008134851,1.7533884e-11,1.741954e-11,4.1048887e-11,8.737425e-07,1.144672e-06,5.000081e-08,0.0,0.0,0.0,0.0,0.0,0.0,0.0,0.0,24
115653039,115552268,0.1978614,0.034398057,-0.014330573,0.97952145,-0.00713174,-0.033976965,0.0043355813,-483.61508,273.9277,-0.7131183,5.500765e-05,-5.6699755e-05,-1.386365e-05,0.0039965305,-0.0019313232,-0.0001503175,0.2443418,-0.044057187,0.22568111,0.0,0.0,0.0,0.0,0.0,7.570134e-05,2.453383e-05,3.172186e-05,3.3375302e-06,0.00015698202,0.00015659878,0.00015430881,0.037689004,0.037689004,0.0080316225,1.7467128e-11,1.734684e-11,4.1174134e-11,8.7291477e-07,1.1427836e-06,5.0000946e-08,0.0,0.0,0.0,0.0,0.0,0.0,0.0,0.0,24
116652100,116551398,0.20299485,0.033578917,-0.021454874,0.97836876,-0.001256006,-0.0072916094,-0.0034802905,-483.61536,273.92676,-0.66504246,6.3472144e-05,-5.563085e-05,-1.4734502e-05,0.003996534,-0.001857611,-0.00019039235,0.2443418,-0.044057187,0.22568111,0.0,0.0,0.0,0.0,0.0,7.466528e-05,2.4506266e-05,3.1463183e-05,3.4575357e-06,8.9635665e-05,8.96285e-05,8.8792236e-05,0.037693366,0.037693355,0.007931882,1.7428009e-11,1.7339158e-11,4.094036e-11,8.718789e-07,1.1343991e-06,5.0000583e-08,0.0,0.0,0.0,0.0,0.0,0.0,0.0,0.0,24
117651399,117550534,0.21221152,0.034959212,-0.024174387,0.97629905,0.0014173436,0.002153376,0.0012157138,-483.6152,273.92715,-0.6154565,5.7253226e-05,-5.4519664e-05,-1.4350778e-05,0.003998438,-0.001904997,-0.00020217858,0.2443418,-0.044057187,0.22568111,0.0,0.0,0.0,0.0,0.0,7.307096e-05,2.4431087e-05,3.1284657e-05,3.6998788e-06,2.5712232e-05,2.5716789e-05,2.5646546e-05,0.03769813,0.03769813,0.007835164,1.7383896e-11,1.72399e-11,4.0667452e-11,8.706682e-07,1.1275307e-06,5.000016e-08,0.0,0.0,0.0,0.0,0.0,0.0,0.0,0.0,24
118650418,118549658,0.20466259,0.03747999,-0.018976804,0.97793067,-0.0114211505,-0.002318389,0.0050677964,-483.6159,273.92712,-0.56872696,5.3408457e-05,-5.467905e-05,-1.391091e-05,0.003996521,-0.0019185443,-6.368262e-05,0.2443418,-0.044057187,0.22568111,0.0,0.0,0.0,0.0,0.0,7.357826e-05,2.4598172e-05,3.143843e-05,3.4423342e-06,0.00024103,0.00024105274,0.00023540974,0.03770435,0.037704345,0.0077473293,1.7544176e-11,1.7393384e-11,4.075903e-11,8.698939e-07,1.1242106e-06,5.0000786e-08,0.0,0.0,0.0,0.0,0.0,0.0,0.0,0.0,24
119649531,119548789,0.19802417,0.03323022,-0.014421639,0.97952753,0.007231438,-0.022366995,-0.0069608516,-483.6149,273.9263,-0.5192036,5.389285e-05,-5.5015447e-05,-1.3947311e-05,0.0039965343,-0.0019015134,-0.00031660826,0.2443418,-0.044057187,0.22568111,0.0,0.0,0.0,0.0,0.0,7.421052e-05,2.4285013e-05,3.104589e-05,3.230763e-06,0.0001705757,0.00017039907,0.00016750715,0.037707742,0.037707727,0.00765375,1.7481534e-11,1.7331709e-11,4.0856974e-11,8.674568e-07,1.1216746e-06,5.0000978e-08,0.0,0.0,0.0,0.0,0.0,0.0,0.0,0.0,24
120648578,120547919,0.19857998,0.03219119,-0.017019829,0.979408,0.0054143034,-0.005999932,0.0034509697,-483.6154,273.92688,-0.46784627,5.9425412e-05,-5.1931995e-05,-1.4379542e-05,0.0039965315,-0.0017587484,-0.0003562317,0.2443418,-0.044057187,0.22568111,0.0,0.0,0.0,0.0,0.0,7.368206e-05,2.4281439e-05,3.0967716e-05,3.2141995e-06,0.000102694205,0.00010270059,0.00010167474,0.037711963,0.03771197,0.0075635035,1.7481835e-11,1.7315881e-11,4.0703937e-11,8.6616836e-07,1.1179151e-06,5.000068e-08,0.0,0.0,0.0,0.0,0.0,0.0,0.0,0.0,24
121647726,121547050,0.2111436,0.03368303,-0.02556275,0.9765401,-0.004480839,0.010230295,0.0075355493,-483.6144,273.92523,-0.41873884,6.1897e-05,-5.1860097e-05,-1.4522163e-05,0.003996533,-0.001698729,-7.913917e-05,0.2443418,-0.044057187,0.22568111,0.0,0.0,0.0,0.0,0.0,7.360523e-05,2.4441726e-05,3.112323e-05,3.6216736e-06,3.827182e-05,3.8235794e-05,3.8110113e-05,0.037716694,0.03771671,0.0074756737,1.743396e-11,1.7281968e-11,4.081818e-11,8.6469277e-07,1.1141144e-06,5.0000256e-08,0.0,0.0,0.0,0.0,0.0,0.0,0.0,0.0,24
122646901,122546182,0.21276703,0.027488278,-0.0197542,0.9765165,0.055378627,0.040845077,-0.018021168,-483.60977,273.93048,-0.36652368,5.436029e-05,-5.2794694e-05,-1.3743881e-05,0.0039985483,-0.0015250194,-0.0004155075,0.2443418,-0.044057187,0.22568111,0.0,0.0,0.0,0.0,0.0,7.2432944e-05,2.4099543e-05,3.0502977e-05,3.5948867e-06,0.00025631444,0.0002568713,0.00024977743,0.037723325,0.037723355,0.00739175,1.7544103e-11,1.7379185e-11,4.0595104e-11,8.588649e-07,1.1016872e-06,5.0000757e-08,0.0,0.0,0.0,0.0,0.0,0.0,0.0,0.0,24
123645978,123545312,0.20485432,0.03157269,-0.013934719,0.97818387,-0.017290084,-0.0030134628,0.01945681,-483.61526,273.92825,-0.3166979,5.2467756e-05,-5.1760762e-05,-1.3282704e-05,0.003986744,-0.0015875009,-0.0001541097,0.2443418,-0.044057187,0.22568111,0.0,0.0,0.0,0.0,0.0,7.256684e-05,2.422744e-05,3.064229e-05,3.3024426e-06,0.00018394609,0.00018404887,0.0001811124,0.03772653,0.037726562,0.007311491,1.7525913e-11,1.7347781e-11,4.0589188e-11,8.572947e-07,1.0964734e-06,5.000095e-08,0.0,0.0,0.0,0.0,0.0,0.0,0.0,0.0,24
124645119,124544443,0.20270292,0.028229892,-0.015089305,0.97871697,-0.015401326,-0.02094116,0.0064324355,-483.6151,273.92725,-0.26554847,5.502699e-05,-5.1697025e-05,-1.33719e-05,0.003994864,-0.0015718272,-8.63564e-05,0.2443418,-0.044057187,0.22568111,0.0,0.0,0.0,0.0,0.0,7.3078816e-05,2.4144529e-05,3.0541345e-05,3.2368996e-06,0.000116073075,0.00011602339,0.00011484356,0.03773064,0.037730668,0.00722912,1.7471772e-11,1.730077e-11,4.0705644e-11,8.556136e-07,1.0943672e-06,5.000077e-08,0.0,0.0,0.0,0.0,0.0,0.0,0.0,0.0,24
125654278,125553567,0.20904334,0.019810325,-0.016049031,0.977574,0.011210726,-0.17985122,-0.13760544,-483.63675,273.81647,-0.31705278,5.5031847e-05,-5.169626e-05,-1.3267433e-05,0.003996545,-0.001560922,-0.00010582921,0.2443418,-0.044057187,0.22568111,0.0,0.0,0.0,0.0,0.0,7.353702e-05,2.4945657e-05,3.127843e-05,3.4573595e-06,0.0022438026,0.0022352762,0.0018492591,0.03851612,0.03851317,0.007822057,1.8470638e-11,1.830706e-11,4.087465e-11,8.555638e-07,1.0941131e-06,5.0000168e-08,0.0,0.0,0.0,0.0,0.0,0.0,0.0,0.0,24
126643496,126542705,0.20861982,0.024020549,-0.018554116,0.9775258,0.17996995,-0.13147473,-0.09268961,-483.51544,273.64615,-0.33512858,5.5042e-05,-5.1693645e-05,-1.3105097e-05,0.0039986405,-0.0015398439,-0.00018325879,0.2443418,-0.044057187,0.22568111,0.0,0.0,0.0,0.0,0.0,7.4248084e-05,2.58361e-05,3.2187825e-05,3.4595828e-06,0.0062402934,0.0062436718,0.0040460527,0.04498859,0.044971015,0.01210372,1.945019e-11,1.929345e-11,4.106834e-11,8.5550346e-07,1.0938696e-06,5e-08,0.0,0.0,0.0,0.0,0.0,0.0,0.0,0.0,24
127652623,127551827,0.1985362,0.03426486,-0.01823001,0.97932476,-5.168941,2.8933055,0.012534945,-573.3592,322.5238,-0.25035512,5.5055723e-05,-5.1687326e-05,-1.2950781e-05,0.0039987443,-0.0015179138,-0.000292716,0.2443418,-0.044057187,0.22568111,0.0,0.0,0.0,0.0,0.0,7.528982e-05,2.683461e-05,3.3253564e-05,3.1559116e-06,0.04511586,0.04511576,0.062483404,0.07290307,0.07290307,0.022652116,2.0449123e-11,2.0299172e-11,4.12678e-11,8.554157e-07,1.093669e-06,5e-08,0.0,0.0,0.0,0.0,0.0,0.0,0.0,0.0,24
128652027,128551084,0.1942678,0.04050317,-0.016131686,0.9799792,-5.142758,2.7237444,0.123517394,-578.4697,325.2931,-0.01870095,5.5126435e-05,-5.2043797e-05,-1.2864557e-05,0.0039967243,-0.0015068555,-0.00037932905,0.2443418,-0.044057187,0.22568111,0.0,0.0,0.0,0.0,0.0,7.5834025e-05,2.7791199e-05,3.4258057e-05,3.0339909e-06,0.009777837,0.009776808,0.01850818,0.026300201,0.026300242,0.044754166,2.1301315e-11,2.116055e-11,4.1377977e-11,8.553287e-07,1.0934369e-06,5.0000352e-08,0.0,0.0,0.0,0.0,0.0,0.0,0.0,0.0,24
129651191,129550215,0.20094976,0.038599867,-0.014099397,0.9787392,-5.015063,2.5236988,0.19750856,-583.4525,327.87354,0.3269876,5.5393655e-05,-5.305189e-05,-1.2883e-05,0.0039966027,-0.0015117186,-0.0004441488,0.2443418,-0.044057187,0.22568111,0.0,0.0,0.0,0.0,0.0,7.6309116e-05,2.8264594e-05,3.4725155e-05,3.2628036e-06,0.007419258,0.007412574,0.011484053,0.01967635,0.019675644,0.06484958,2.1580949e-11,2.144667e-11,4.1526876e-11,8.550221e-07,1.0930519e-06,5.000027e-08,0.0,0.0,0.0,0.0,0.0,0.0,0.0,0.0,24
130650194,130549347,0.20555177,0.035527296,-0.020737382,0.97778136,-4.760333,2.5299685,0.2624401,-588.2198,330.38046,0.7547989,5.5914697e-05,-5.4731605e-05,-1.28169895e-05,0.0039965585,-0.0015126505,-0.00047104683,0.2443418,-0.044057187,0.22568111,0.0,0.0,0.0,0.0,0.0,7.6797885e-05,2.7999577e-05,3.443217e-05,3.4267462e-06,0.0075313943,0.007532703,0.009040827,0.018015798,0.018014882,0.08109731,2.1125062e-11,2.0986133e-11,4.1661036e-11,8.5456304e-07,1.0927861e-06,5.000018e-08,0.0,0.0,0.0,0.0,0.0,0.0,0.0,0.0,24
131649110,131548478,0.20637703,0.03335119,-0.02120716,0.977674,-4.563248,2.4200356,0.30568656,-592.7758,332.81973,1.2211913,5.618809e-05,-5.63782e-05,-1.2608798e-05,0.003997413,-0.0015033354,-0.00045555405,0.2443418,-0.044057187,0.22568111,0.0,0.0,0.0,0.0,0.0,7.7135526e-05,2.7298222e-05,3.3741715e-05,3.4488467e-06,0.007645974,0.007646797,0.008147048,0.01777935,0.0177789,0.09337446,2.0387768e-11,2.0236148e-11,4.1716852e-11,8.539604e-07,1.0926385e-06,5e-08,0.0,0.0,0.0,0.0,0.0,0.0,0.0,0.0,24
132648317,132547735,0.20763074,0.031113306,-0.021271618,0.977481,-4.3518653,2.3085887,0.3175837,-597.138,335.15515,1.6611251,5.6435532e-05,-5.753493e-05,-1.2394811e-05,0.003996986,-0.0014991635,-0.00040152756,0.2443418,-0.044057187,0.22568111,0.0,0.0,0.0,0.0,0.0,7.771005e-05,2.6637228e-05,3.309359e-05,3.4970644e-06,0.007399047,0.007399398,0.007976827,0.017865526,0.017865421,0.10298873,1.9811305e-11,1.9644746e-11,4.1826237e-11,8.531474e-07,1.0924385e-06,5.000036e-08,0.0,0.0,0.0,0.0,0.0,0.0,0.0,0.0,24
133647403,133546867,0.20867996,0.02927118,-0.02239965,0.97728914,-4.0820136,2.2073,0.29718092,-601.2842,337.38867,2.0553136,5.66209e-05,-5.8223184e-05,-1.2138411e-05,0.0039966954,-0.0015042752,-0.00031479384,0.2443418,-0.044057187,0.22568111,0.0,0.0,0.0,0.0,0.0,7.8253644e-05,2.6182464e-05,3.2646683e-05,3.537401e-06,0.007020421,0.0070231147,0.008073192,0.017916009,0.017916232,0.10902827,1.9497286e-11,1.9314194e-11,4.1924093e-11,8.52178e-07,1.0921349e-06,5.000027e-08,0.0,0.0,0.0,0.0,0.0,0.0,0.0,0.0,24
134646547,134545999,0.20834489,0.027990418,-0.023300262,0.9773772,-3.8670478,2.1074512,0.27174124,-605.22046,339.53186,2.4145403,5.6767778e-05,-5.8553847e-05,-1.1829715e-05,0.003996593,-0.00151602,-0.00023316986,0.2443418,-0.044057187,0.22568111,0.0,0.0,0.0,0.0,0.0,7.853498e-05,2.591621e-05,3.2384043e-05,3.5152316e-06,0.006695253,0.006696784,0.008263827,0.017889682,0.017890176,0.112957716,1.9372434e-11,1.9175326e-11,4.1947067e-11,8.511882e-07,1.0917246e-06,5.000018e-08,0.0,0.0,0.0,0.0,0.0,0.0,0.0,0.0,24
135645667,135545130,0.20367227,0.027197538,-0.023222905,0.97838575,-3.6818464,1.9613904,0.2201093,-608.98016,341.55612,2.719226,5.683684e-05,-5.8595393e-05,-1.1558905e-05,0.003996399,-0.0015377953,-0.00015138378,0.2443418,-0.044057187,0.22568111,0.0,0.0,0.0,0.0,0.0,7.923099e-05,2.577089e-05,3.2229942e-05,3.3621802e-06,0.006481238,0.0064808307,0.00844829,0.017821398,0.017821742,0.11542972,1.9347574e-11,1.9140406e-11,4.2032863e-11,8.503461e-07,1.0912421e-06,5.0000093e-08,0.0,0.0,0.0,0.0,0.0,0.0,0.0,0.0,24
136654848,136554254,0.1957497,0.028229708,-0.021091009,0.9800206,-3.5371673,1.7912971,0.18937582,-612.62866,343.4375,2.978533,5.678842e-05,-5.8368714e-05,-1.1306918e-05,0.003996307,-0.001561715,-8.225237e-05,0.2443418,-0.044057187,0.22568111,0.0,0.0,0.0,0.0,0.0,7.975317e-05,2.5689926e-05,3.214106e-05,3.0966041e-06,0.0063912086,0.0063887015,0.008613632,0.017863154,0.01786306,0.11731695,1.9367109e-11,1.9156498e-11,4.205358e-11,8.497836e-07,1.0907024e-06,5.0000082e-08,0.0,0.0,0.0,0.0,0.0,0.0,0.0,0.0,24
137644247,137543395,0.18603759,0.028655905,-0.019946434,0.98192215,-3.3953786,1.6356409,0.13964848,-616.05994,345.1357,3.1412725,5.6822344e-05,-5.802913e-05,-1.1125188e-05,0.003996488,-0.0015784157,-1.4234167e-05,0.2443418,-0.044057187,0.22568111,0.0,0.0,0.0,0.0,0.0,8.049767e-05,2.5633479e-05,3.2057313e-05,2.7979947e-06,0.0062840497,0.006280254,0.008679826,0.017639386,0.017638866,0.11898228,1.9377052e-11,1.9166694e-11,4.2115936e-11,8.49241e-07,1.0898203e-06,5.0000352e-08,0.0,0.0,0.0,0.0,0.0,0.0,0.0,0.0,24
138653060,138552518,0.17532514,0.02839022,-0.01557097,0.98397803,-3.2575257,1.4069844,0.097987,-619.4287,346.68393,3.2900538,5.6662804e-05,-5.762808e-05,-1.0914e-05,0.003992231,-0.0015749426,3.1637603e-05,0.2443418,-0.044057187,0.22568111,0.0,0.0,0.0,0.0,0.0,8.135026e-05,2.5567237e-05,3.195447e-05,2.485815e-06,0.006338221,0.006327466,0.008750029,0.017742004,0.017740546,0.11988373,1.9401961e-11,1.9197421e-11,4.2194016e-11,8.480423e-07,1.0876508e-06,5.000036e-08,0.0,0.0,0.0,0.0,0.0,0.0,0.0,0.0,24
139652232,139551650,0.17480047,0.028138053,-0.013658327,0.98410696,-3.072615,1.2906332,0.050622486,-622.63916,348.04086,3.4098732,5.676499e-05,-5.704028e-05,-1.0622798e-05,0.0039963196,-0.0015450041,5.7341942e-05,0.2443418,-0.044057187,0.22568111,0.0,0.0,0.0,0.0,0.0,8.151814e-05,2.545012e-05,3.17952e-05,2.4584135e-06,0.006344392,0.0063348864,0.008741912,0.017714722,0.017712072,0.120146595,1.9411217e-11,1.9216127e-11,4.218425e-11,8.455551e-07,1.083403e-06,5.0000267e-08,0.0,0.0,0.0,0.0,0.0,0.0,0.0,0.0,24
140651329,140550782,0.18583672,0.028005822,-0.012570868,0.9821011,-2.8434315,1.181139,0.01811293,-625.64484,349.29816,3.503659,5.6809695e-05,-5.643471e-05,-1.0382691e-05,0.003994708,-0.0015053673,7.385051e-05,0.2443418,-0.044057187,0.22568111,0.0,0.0,0.0,0.0,0.0,8.163157e-05,2.5324494e-05,3.1653875e-05,2.7861686e-06,0.006328906,0.0063258642,0.008725442,0.017705793,0.017703274,0.12023882,1.9427671e-11,1.9234767e-11,4.224616e-11,8.4277906e-07,1.0790114e-06,5.000009e-08,0.0,0.0,0.0,0.0,0.0,0.0,0.0,0.0,24
141650734,141549915,0.2006898,0.028531395,-0.017808273,0.97907734,-2.6095276,1.2024736,0.017369635,-628.39746,350.49747,3.5657973,5.6973095e-05,-5.5929228e-05,-1.015953e-05,0.0039964383,-0.001483587,8.5533466e-05,0.2443418,-0.044057187,0.22568111,0.0,0.0,0.0,0.0,0.0,8.151424e-05,2.5275463e-05,3.1589116e-05,3.2630835e-06,0.0062858555,0.0062839976,0.008704201,0.017678129,0.017677417,0.12021104,1.94367e-11,1.9238578e-11,4.2301964e-11,8.414633e-07,1.0769738e-06,5e-08,0.0,0.0,0.0,0.0,0.0,0.0,0.0,0.0,24
142649635,142549047,0.21079423,0.028603956,-0.01930718,0.9769212,-2.478279,1.21931,0.0058259317,-630.98285,351.7169,3.629977,5.699909e-05,-5.5592063e-05,-9.885132e-06,0.0039932667,-0.0014863756,7.850376e-05,0.2443418,-0.044057187,0.22568111,0.0,0.0,0.0,0.0,0.0,8.119614e-05,2.5242e-05,3.1539847e-05,3.595723e-06,0.0062902095,0.006278519,0.008708758,0.017648218,0.017648073,0.12129544,1.9416522e-11,1.9219478e-11,4.2286577e-11,8.4118443e-07,1.0762625e-06,5.0000352e-08,0.0,0.0,0.0,0.0,0.0,0.0,0.0,0.0,24
143648887,143548304,0.21393707,0.02796309,-0.020835271,0.97622484,-2.3682263,1.1631155,0.0077959546,-633.4357,352.91235,3.6825151,5.7132213e-05,-5.5219072e-05,-9.6349995e-06,0.0039877766,-0.0015085211,6.698612e-05,0.2443418,-0.044057187,0.22568111,0.0,0.0,0.0,0.0,0.0,8.143401e-05,2.518464e-05,3.143141e-05,3.7101324e-06,0.0063083824,0.006296794,0.0086849,0.017637223,0.017635953,0.121139154,1.9377578e-11,1.9185719e-11,4.2347143e-11,8.3981985e-07,1.0737324e-06,5.000027e-08,0.0,0.0,0.0,0.0,0.0,0.0,0.0,0.0,24
144648028,144547439,0.21403123,0.027112331,-0.02271048,0.97618645,-2.241683,1.0948493,-0.019273285,-635.74945,354.0573,3.7035363,5.728546e-05,-5.4912405e-05,-9.380114e-06,0.00398021,-0.0015323372,6.758388e-05,0.2443418,-0.044057187,0.22568111,0.0,0.0,0.0,0.0,0.0,8.178476e-05,2.5092157e-05,3.12551e-05,3.716845e-06,0.0063201385,0.0063107135,0.008664822,0.017631346,0.017628951,0.12094855,1.933438e-11,1.9151113e-11,4.2409094e-11,8.3691754e-07,1.0688634e-06,5.0000178e-08,0.0,0.0,0.0,0.0,0.0,0.0,0.0,0.0,24
145647295,145546694,0.2096226,0.027276993,-0.022952924,0.9771323,-2.1073096,1.0037024,0.00051973993,-637.9341,355.1181,3.7260118,5.7474197e-05,-5.459235e-05,-9.066301e-06,0.003972773,-0.0015579752,5.266658e-05,0.2443418,-0.044057187,0.22568111,0.0,0.0,0.0,0.0,0.0,8.1982806e-05,2.4995517e-05,3.107908e-05,3.545152e-06,0.0062906663,0.0062847924,0.008651526,0.01762772,0.017625052,0.12073407,1.9300178e-11,1.912665e-11,4.239475e-11,8.337038e-07,1.0637215e-06,5.000009e-08,0.0,0.0,0.0,0.0,0.0,0.0,0.0,0.0,24
146646996,146545827,0.2076353,0.027314486,-0.0209155,0.97760123,-1.9442899,0.89889187,-0.040308543,-639.99225,356.06888,3.7214408,5.7580542e-05,-5.4247073e-05,-8.794198e-06,0.003969731,-0.0015775366,5.2625346e-05,0.2443418,-0.044057187,0.22568111,0.0,0.0,0.0,0.0,0.0,8.240137e-05,2.4980443e-05,3.1018702e-05,3.4755587e-06,0.006536623,0.0065332977,0.008894571,0.018755835,0.018753378,0.122103564,1.9322025e-11,1.9155762e-11,4.2445575e-11,8.316961e-07,1.0605871e-06,5e-08,0.0,0.0,0.0,0.0,0.0,0.0,0.0,0.0,24
147645579,147544960,0.2088591,0.028007519,-0.019047653,0.97735906,-1.8179165,0.83090365,-0.027893487,-641.9113,356.93597,3.7219393,5.7763322e-05,-5.3851734e-05,-8.568297e-06,0.0039679934,-0.0015917557,3.988543e-05,0.2443418,-0.044057187,0.22568111,0.0,0.0,0.0,0.0,0.0,8.237036e-05,2.4930445e-05,3.0950814e-05,3.506942e-06,0.006312649,0.0063119484,0.00879768,0.018087907,0.018086473,0.12276367,1.9280445e-11,1.9119754e-11,4.241799e-11,8.306287e-07,1.0589571e-06,5.0000352e-08,0.0,0.0,0.0,0.0,0.0,0.0,0.0,0.0,24
148644678,148544093,0.21097867,0.02631595,-0.01986277,0.97693455,-1.70098,0.79402053,-0.023464302,-643.6878,357.75153,3.7448134,5.797951e-05,-5.355469e-05,-8.355044e-06,0.003968619,-0.0015983768,2.0606923e-05,0.2443418,-0.044057187,0.22568111,0.0,0.0,0.0,0.0,0.0,8.261719e-05,2.4928519e-05,3.0920204e-05,3.5848686e-06,0.0062549883,0.0062558977,0.008720446,0.017756538,0.017755905,0.122213215,1.926795e-11,1.911228e-11,4.2461857e-11,8.3019086e-07,1.0583382e-06,5.0000263e-08,0.0,0.0,0.0,0.0,0.0,0.0,0.0,0.0,24
149653756,149553217,0.21671373,0.025353976,-0.021217274,0.9756752,-1.5696635,0.74047357,-0.034496706,-645.3502,358.53186,3.7586868,5.8233683e-05,-5.3188272e-05,-8.150664e-06,0.003968921,-0.0016035276,6.9730595e-06,0.2443418,-0.044057187,0.22568111,0.0,0.0,0.0,0.0,0.0,8.275873e-05,2.4945368e-05,3.0924686e-05,3.7964348e-06,0.006301576,0.0063026673,0.008713953,0.017762419,0.017762331,0.12208192,1.927107e-11,1.9119775e-11,4.2514953e-11,8.299746e-07,1.0580701e-06,5.000018e-08,0.0,0.0,0.0,0.0,0.0,0.0,0.0,0.0,24
150652989,150552350,0.22366834,0.025965465,-0.021926332,0.97407264,-1.4373585,0.7142817,-0.027711986,-646.8785,359.269,3.7685769,5.840681e-05,-5.2769887e-05,-7.898587e-06,0.003969006,-0.0016107819,-5.2597197e-06,0.2443418,-0.044057187,0.22568111,0.0,0.0,0.0,0.0,0.0,8.2468345e-05,2.4944558e-05,3.09243e-05,4.0394643e-06,0.0063001867,0.0063003656,0.0086934585,0.01771655,0.017716648,0.12160622,1.926288e-11,1.9116856e-11,4.2484648e-11,8.2974185e-07,1.057783e-06,5.000009e-08,0.0,0.0,0.0,0.0,0.0,0.0,0.0,0.0,24
151652116,151551483,0.22887635,0.025798067,-0.0223398,0.9728572,-1.3280251,0.6818135,-0.010961529,-648.2785,359.9725,3.7839882,5.861529e-05,-5.2485593e-05,-7.720313e-06,0.0039667496,-0.001618361,-1.91905e-05,0.2443418,-0.044057187,0.22568111,0.0,0.0,0.0,0.0,0.0,8.2542436e-05,2.4933923e-05,3.090185e-05,4.244542e-06,0.006294383,0.0062933844,0.008684119,0.017696546,0.017696511,0.12117504,1.925578e-11,1.9115574e-11,4.25262e-11,8.2927124e-07,1.0571268e-06,5e-08,0.0,0.0,0.0,0.0,0.0,0.0,0.0,0.0,24
152651175,152550617,0.23018147,0.025979577,-0.022052336,0.97255087,-1.2393626,0.63930905,-0.019940289,-649.5682,360.64926,3.8066018,5.8886424e-05,-5.2242987e-05,-7.573804e-06,0.003961152,-0.0016267921,-3.027734e-05,0.2443418,-0.044057187,0.22568111,0.0,0.0,0.0,0.0,0.0,8.2749815e-05,2.4915737e-05,3.0864376e-05,4.304813e-06,0.006288073,0.0062871287,0.008707286,0.017670909,0.017670633,0.12198744,1.9249298e-11,1.9116994e-11,4.2567328e-11,8.2845776e-07,1.0559502e-06,5.000036e-08,0.0,0.0,0.0,0.0,0.0,0.0,0.0,0.0,24
153650350,153549750,0.22465913,0.024969494,-0.025434341,0.97378534,-1.0542209,0.55248487,-0.027557535,-650.7332,361.27975,3.7953455,5.9063677e-05,-5.202672e-05,-7.462079e-06,0.003957137,-0.0016346767,-3.1710282e-05,0.2443418,-0.044057187,0.22568111,0.0,0.0,0.0,0.0,0.0,8.2874176e-05,2.4920915e-05,3.0815292e-05,4.0913988e-06,0.0062754974,0.0062746317,0.008700032,0.017648883,0.017648438,0.12162275,1.924839e-11,1.9122537e-11,4.2531728e-11,8.2760874e-07,1.0546963e-06,5.0000263e-08,0.0,0.0,0.0,0.0,0.0,0.0,0.0,0.0,24
154649718,154548884,0.21609603,0.025343928,-0.021412289,0.9758082,-0.8382616,0.41052464,-0.01278063,-651.6856,361.77255,3.8041708,5.9015074e-05,-5.183111e-05,-7.3412107e-06,0.003958346,-0.0016376186,-4.3152453e-05,0.2443418,-0.044057187,0.22568111,0.0,0.0,0.0,0.0,0.0,8.3410676e-05,2.4923324e-05,3.080272e-05,3.7868197e-06,0.0062617674,0.0062623834,0.008697185,0.017636798,0.017636651,0.1212837,1.9259842e-11,1.912832e-11,4.2552826e-11,8.2724716e-07,1.054098e-06,5.0000178e-08,0.0,0.0,0.0,0.0,0.0,0.0,0.0,0.0,24
155648875,155548016,0.208322,0.013651104,-0.02170799,0.9777241,0.12673692,-0.065243505,0.0039227265,-651.59204,361.69604,3.8583689,5.847373e-05,-6.3636064e-05,-7.513114e-06,0.0039606728,-0.0018320549,-9.50685e-05,0.2443418,-0.044057187,0.22568111,0.0,0.0,0.0,0.0,0.0,8.3443e-05,2.3696875e-05,2.9568047e-05,3.5030253e-06,0.0002737556,0.00027481173,0.00026450853,0.009097466,0.0090980055,0.07775144,1.7900962e-11,1.7723689e-11,4.2448562e-11,8.2690894e-07,1.0534274e-06,5.0000086e-08,0.0,0.0,0.0,0.0,0.0,0.0,0.0,0.0,24
156648217,156547150,0.20311674,0.022793597,-0.019114349,0.97870255,0.039007362,-0.01025334,0.012350429,-651.752,361.76837,3.8693702,5.8714708e-05,-5.3207015e-05,-7.094417e-06,0.003967516,-0.0010095796,-4.0727566e-05,0.2443418,-0.044057187,0.22568111,0.0,0.0,0.0,0.0,0.0,8.307253e-05,2.3370765e-05,2.9231867e-05,3.3090075e-06,0.00019862289,0.00019859687,0.00019426085,0.0069385734,0.006938912,0.06854691,1.7672764e-11,1.7464636e-11,4.2302557e-11,8.2113297e-07,1.045153e-06,5e-08,0.0,0.0,0.0,0.0,0.0,0.0,0.0,0.0,24
157647335,157546284,0.20199446,0.029955676,-0.0129824765,0.97884244,0.021460243,-0.010163416,0.0014452253,-651.98395,361.86786,3.860558,5.8709e-05,-4.601369e-05,-7.199713e-06,0.0039318716,-0.0004991296,-5.611954e-06,0.2443418,-0.044057187,0.22568111,0.0,0.0,0.0,0.0,0.0,8.319337e-05,2.3186187e-05,2.9018416e-05,3.3112772e-06,0.00012947935,0.00012948157,0.00012769795,0.0056525003,0.005652689,0.06178173,1.7560323e-11,1.7348631e-11,4.2324214e-11,8.1713097e-07,1.0389332e-06,5.000036e-08,0.0,0.0,0.0,0.0,0.0,0.0,0.0,0.0,24
158646542,158545417,0.20216952,0.033880506,-0.012513399,0.97868437,-0.01657907,0.012262178,0.009298438,-652.2187,361.9606,3.8541057,5.864178e-05,-4.316643e-05,-7.1833324e-06,0.0039263708,-0.0004014289,-4.7809477e-05,0.2443418,-0.044057187,0.22568111,0.0,0.0,0.0,0.0,0.0,8.268594e-05,2.3061311e-05,2.8794584e-05,3.3112756e-06,6.372798e-05,6.382645e-05,6.334471e-05,0.004782293,0.0047825216,0.05605231,1.7445797e-11,1.7275356e-11,4.2245412e-11,8.15126e-07,1.0352899e-06,5.0000178e-08,0.0,0.0,0.0,0.0,0.0,0.0,0.0,0.0,24
159646049,159544551,0.20297125,0.034653045,-0.010908848,0.9785105,-9.552101e-05,9.43717e-05,3.1780044e-05,-652.4155,362.0352,3.8483377,5.838348e-05,-4.1779254e-05,-7.1209183e-06,0.0039076754,-0.00037512556,-2.9882098e-05,0.2443418,-0.044057187,0.22568111,0.0,0.0,0.0,0.0,0.0,8.23403e-05,2.2992244e-05,2.8659968e-05,3.3339966e-06,1e-06,1e-06,1e-06,0.004149168,0.004149395,0.051327374,1.7357463e-11,1.721864e-11,4.220275e-11,8.1364664e-07,1.0329705e-06,5e-08,0.0,0.0,0.0,0.0,0.0,0.0,0.0,0.0,24
160654223,160553677,0.20352499,0.031699818,-0.008237193,0.9785218,0.0008816321,-0.0011472697,-0.004200884,-652.57007,362.0899,3.8451045,5.8762907e-05,-4.505493e-05,-6.843409e-06,0.0038969656,-0.00039366612,-1.8155024e-05,0.2443418,-0.044057187,0.22568111,0.0,0.0,0.0,0.0,0.0,8.1820006e-05,2.3038052e-05,2.86947e-05,3.3170409e-06,0.00022666306,0.0002266538,0.00022204696,0.0036667215,0.0036669183,0.047351018,1.7468756e-11,1.7385534e-11,4.2147185e-11,8.1117327e-07,1.0322387e-06,5.000075e-08,0.0,0.0,0.0,0.0,0.0,0.0,0.0,0.0,24
161643429,161542819,0.20330673,0.030999215,-0.0072096945,0.97859776,-0.006743211,0.007733647,0.00048555667,-652.6924,362.12976,3.8458197,5.907901e-05,-4.6348327e-05,-6.7131045e-06,0.0038958758,-0.0004030296,-1.471242e-05,0.2443418,-0.044057187,0.22568111,0.0,0.0,0.0,0.0,0.0,8.168432e-05,2.2963079e-05,2.8583429e-05,3.3023173e-06,0.0001429293,0.00014291314,0.0001411711,0.003284987,0.0032851344,0.044110663,1.7391647e-11,1.7323365e-11,4.2144038e-11,8.104199e-07,1.0312068e-06,5.0000885e-08,0.0,0.0,0.0,0.0,0.0,0.0,0.0,0.0,24
162652485,162551945,0.20296462,0.030424569,-0.0074464283,0.978685,-0.00065117143,0.0035677662,-0.0004551347,-652.7931,362.1595,3.8474402,5.905424e-05,-4.7417423e-05,-6.63946e-06,0.003894248,-0.00040920664,-1.4523443e-05,0.2443418,-0.044057187,0.22568111,0.0,0.0,0.0,0.0,0.0,8.200692e-05,2.2909979e-05,2.850085e-05,3.3068902e-06,8.9607754e-05,8.959949e-05,8.891973e-05,0.0029766127,0.0029767302,0.041149724,1.734394e-11,1.7280729e-11,4.223379e-11,8.099828e-07,1.0303248e-06,5.0000615e-08,0.0,0.0,0.0,0.0,0.0,0.0,0.0,0.0,24
163652060,163551079,0.20309466,0.030234667,-0.0057824324,0.9786751,0.00016516983,0.0027033037,-6.8043824e-05,-652.87775,362.18173,3.8481789,5.8992377e-05,-4.7999445e-05,-6.5859435e-06,0.0038934054,-0.00041196967,-5.021101e-06,0.2443418,-0.044057187,0.22568111,0.0,0.0,0.0,0.0,0.0,8.2298575e-05,2.2860873e-05,2.843424e-05,3.3309486e-06,2.5716026e-05,2.5713229e-05,2.5659197e-05,0.002722116,0.0027222133,0.038562864,1.7292735e-11,1.722887e-11,4.2310228e-11,8.09815e-07,1.0297349e-06,5.000018e-08,0.0,0.0,0.0,0.0,0.0,0.0,0.0,0.0,24
164650768,164550213,0.2032179,0.029827287,-0.007384114,0.97865134,-0.0046609775,-0.006916213,0.001614111,-652.9503,362.1991,3.8440354,5.9068778e-05,-4.8230726e-05,-6.55391e-06,0.0038936257,-0.0004154181,2.7904804e-07,0.2443418,-0.044057187,0.22568111,0.0,0.0,0.0,0.0,0.0,8.228334e-05,2.2976905e-05,2.8546832e-05,3.3391811e-06,0.0002408608,0.00024083597,0.00023624938,0.0025098014,0.0025098717,0.036283858,1.7452305e-11,1.738675e-11,4.2313646e-11,8.09774e-07,1.0296391e-06,5.0000807e-08,0.0,0.0,0.0,0.0,0.0,0.0,0.0,0.0,24
165649892,165549348,0.20337279,0.029984672,-0.0061496394,0.9786229,-0.0015672466,0.0013520382,0.0019467835,-653.01416,362.2112,3.8466384,5.904035e-05,-4.8435708e-05,-6.519654e-06,0.0038943388,-0.00041821005,-4.2584645e-07,0.2443418,-0.044057187,0.22568111,0.0,0.0,0.0,0.0,0.0,8.255453e-05,2.2927965e-05,2.848831e-05,3.3641204e-06,0.00017024807,0.0001702396,0.00016793862,0.0023265914,0.0023266466,0.034258116,1.7403258e-11,1.7334327e-11,4.237908e-11,8.097171e-07,1.0293008e-06,5.000099e-08,0.0,0.0,0.0,0.0,0.0,0.0,0.0,0.0,24
166649277,166548482,0.20338714,0.02983041,-0.0063633732,0.97862315,0.0023000878,0.0005691294,-0.00041650046,-653.0706,362.21964,3.843093,5.915995e-05,-4.8473157e-05,-6.501634e-06,0.0038941193,-0.00042050795,9.255742e-06,0.2443418,-0.044057187,0.22568111,0.0,0.0,0.0,0.0,0.0,8.250665e-05,2.2889768e-05,2.8449203e-05,3.3698143e-06,0.00010274327,0.000102743485,0.00010187533,0.002169381,0.0021694263,0.032533742,1.7355376e-11,1.7282922e-11,4.236933e-11,8.0967953e-07,1.0292273e-06,5.000072e-08,0.0,0.0,0.0,0.0,0.0,0.0,0.0,0.0,24
167648152,167547617,0.20414586,0.029323595,-0.002869973,0.978497,-0.0013275162,-0.00058564526,-9.816993e-05,-653.12036,362.2258,3.84042,5.930642e-05,-4.858161e-05,-6.466727e-06,0.003892959,-0.00042196235,1.3874661e-05,0.2443418,-0.044057187,0.22568111,0.0,0.0,0.0,0.0,0.0,8.2727805e-05,2.2842885e-05,2.8392118e-05,3.4168033e-06,3.824906e-05,3.8248847e-05,3.812926e-05,0.002033001,0.002033037,0.030897362,1.7305646e-11,1.7230892e-11,4.2425854e-11,8.095917e-07,1.0289373e-06,5.000027e-08,0.0,0.0,0.0,0.0,0.0,0.0,0.0,0.0,24
168647296,168546751,0.20408112,0.029741868,0.00069567433,0.9785019,-0.0016444223,0.00472152,-0.0020539514,-653.1649,362.2301,3.8416739,5.9158e-05,-4.8528353e-05,-6.421054e-06,0.0038942187,-0.00042499762,1.3319079e-05,0.2443418,-0.044057187,0.22568111,0.0,0.0,0.0,0.0,0.0,8.2971885e-05,2.2955592e-05,2.8473396e-05,3.436882e-06,0.0002554298,0.0002554017,0.0002503879,0.0019152196,0.0019152495,0.029419994,1.7465486e-11,1.738799e-11,4.248121e-11,8.095418e-07,1.0280852e-06,5.0000807e-08,0.0,0.0,0.0,0.0,0.0,0.0,0.0,0.0,24
169646425,169545886,0.20410985,0.0304041,0.0008684571,0.97847533,0.0062032593,0.010411439,-0.002652527,-653.2049,362.23218,3.8400116,5.9195525e-05,-4.839358e-05,-6.4436135e-06,0.003893959,-0.0004254579,2.5796366e-05,0.2443418,-0.044057187,0.22568111,0.0,0.0,0.0,0.0,0.0,8.286545e-05,2.2918897e-05,2.841251e-05,3.4442692e-06,0.00018424437,0.00018420763,0.00018152889,0.0018078081,0.0018078326,0.028074818,1.7417992e-11,1.7336941e-11,4.2457572e-11,8.0942107e-07,1.0271779e-06,5.0000974e-08,0.0,0.0,0.0,0.0,0.0,0.0,0.0,0.0,24
170645696,170545021,0.20389992,0.030778212,-0.00020718892,0.9785079,-0.0039974637,0.0040151714,4.1218384e-05,-653.24036,362.23544,3.838846,5.921636e-05,-4.8305523e-05,-6.4808514e-06,0.0038935808,-0.00042723972,3.38572e-05,0.2443418,-0.044057187,0.22568111,0.0,0.0,0.0,0.0,0.0,8.3066094e-05,2.288132e-05,2.836729e-05,3.4545026e-06,0.000116011564,0.00011600394,0.00011492384,0.0017128803,0.0017128962,0.026848365,1.7369568e-11,1.7285885e-11,4.2501537e-11,8.0928703e-07,1.026869e-06,5.0000807e-08,0.0,0.0,0.0,0.0,0.0,0.0,0.0,0.0,24
171644931,171544280,0.20384967,0.03005483,0.00080082275,0.9785404,-0.00022814012,-0.00042135088,-0.0015599332,-653.2727,362.2384,3.839836,5.917207e-05,-4.8420385e-05,-6.509149e-06,0.0038935775,-0.00042859616,3.459161e-05,0.2443418,-0.044057187,0.22568111,0.0,0.0,0.0,0.0,0.0,8.3286446e-05,2.2837217e-05,2.8308285e-05,3.4742116e-06,5.0923434e-05,5.0922503e-05,5.07046e-05,0.0016283041,0.0016283176,0.025779516,1.7318808e-11,1.7234521e-11,4.255153e-11,8.0924576e-07,1.0265913e-06,5.000036e-08,0.0,0.0,0.0,0.0,0.0,0.0,0.0,0.0,24
172643998,172543415,0.20332783,0.029965345,-0.0015688378,0.9786508,0.0015123729,-0.0065615945,-0.0014642826,-653.30115,362.24124,3.8378313,5.8998936e-05,-4.852875e-05,-6.5144523e-06,0.0038944317,-0.00043049364,3.2943535e-05,0.2443418,-0.044057187,0.22568111,0.0,0.0,0.0,0.0,0.0,8.3213425e-05,2.2954579e-05,2.8422282e-05,3.4577145e-06,0.00027006376,0.00027003596,0.00026438799,0.0015545778,0.0015545888,0.024745248,1.7477327e-11,1.7393495e-11,4.2531877e-11,8.092241e-07,1.0264644e-06,5.0000807e-08,0.0,0.0,0.0,0.0,0.0,0.0,0.0,0.0,24
173653121,173552541,0.20343229,0.03011579,-0.00038849728,0.97862566,-0.0011092173,0.0004880345,1.17965965e-05,-653.3265,362.2457,3.8379695,5.9168553e-05,-4.8346847e-05,-6.536682e-06,0.0038942862,-0.00043187896,3.066892e-05,0.2443418,-0.044057187,0.22568111,0.0,0.0,0.0,0.0,0.0,8.347241e-05,2.2923141e-05,2.8389199e-05,3.4832403e-06,0.00021230195,0.00021228695,0.00020874655,0.001484214,0.001484218,0.02378772,1.7439234e-11,1.7353232e-11,4.2590133e-11,8.0921683e-07,1.0264326e-06,5.0001034e-08,0.0,0.0,0.0,0.0,0.0,0.0,0.0,0.0,24
174652394,174551676,0.20362711,0.030173756,0.0012573021,0.97858274,-0.0016483263,0.0034203269,-0.0007490045,-653.34894,362.2482,3.8372958,5.9101752e-05,-4.824337e-05,-6.528951e-06,0.0038946501,-0.00043356203,2.9488458e-05,0.2443418,-0.044057187,0.22568111,0.0,0.0,0.0,0.0,0.0,8.335392e-05,2.2883978e-05,2.8343726e-05,3.4958018e-06,0.000142915,0.00014290353,0.00014126905,0.0014206026,0.0014206095,0.022902124,1.7390027e-11,1.7302746e-11,4.2563467e-11,8.092114e-07,1.0263363e-06,5.0000942e-08,0.0,0.0,0.0,0.0,0.0,0.0,0.0,0.0,24
175651423,175550812,0.2037336,0.030175181,-0.0007603625,0.9785609,-0.0008729447,5.418354e-05,0.0012668307,-653.3695,362.25134,3.838332,5.9216778e-05,-4.8296686e-05,-6.535707e-06,0.0038945335,-0.0004344779,2.5815432e-05,0.2443418,-0.044057187,0.22568111,0.0,0.0,0.0,0.0,0.0,8.35563e-05,2.2843307e-05,2.8303803e-05,3.512177e-06,7.656566e-05,7.656376e-05,7.61004e-05,0.0013631387,0.0013631436,0.022081004,1.7339599e-11,1.7252358e-11,4.2609267e-11,8.0919597e-07,1.0262563e-06,5.000054e-08,0.0,0.0,0.0,0.0,0.0,0.0,0.0,0.0,24
176650582,176549947,0.20422988,0.030238835,0.0012586227,0.978455,0.000116274154,0.00048697094,0.00016618008,-653.3889,362.25323,3.8365545,5.920179e-05,-4.8360398e-05,-6.5131253e-06,0.0038947496,-0.00043498437,2.9517576e-05,0.2443418,-0.044057187,0.22568111,0.0,0.0,0.0,0.0,0.0,8.374268e-05,2.2808546e-05,2.8265182e-05,3.54768e-06,1.3297212e-05,1.3297051e-05,1.3282915e-05,0.0013108066,0.0013108162,0.021354495,1.7289174e-11,1.7202321e-11,4.265441e-11,8.091769e-07,1.0262125e-06,5.000009e-08,0.0,0.0,0.0,0.0,0.0,0.0,0.0,0.0,24
177649684,177549083,0.20432273,0.030313186,0.0007803616,0.97843385,0.00034271937,-0.0008411691,-0.000323826,-653.40686,362.25555,3.8342915,5.9104586e-05,-4.8247195e-05,-6.5133254e-06,0.0038952716,-0.00043696558,2.0001964e-05,0.2443418,-0.044057187,0.22568111,0.0,0.0,0.0,0.0,0.0,8.360616e-05,2.2922355e-05,2.8374914e-05,3.5521564e-06,0.0002265162,0.00022650135,0.00022249494,0.0012637443,0.0012637505,0.020640837,1.7448043e-11,1.7361e-11,4.262293e-11,8.0915004e-07,1.0261347e-06,5.000082e-08,0.0,0.0,0.0,0.0,0.0,0.0,0.0,0.0,24
178648761,178548218,0.20425972,0.030115519,-0.00031571893,0.9784534,0.0036581575,0.0051067276,-0.00027972227,-653.42316,362.2581,3.8326466,5.9343853e-05,-4.8259437e-05,-6.519203e-06,0.003894501,-0.0004376463,1.8656512e-05,0.2443418,-0.044057187,0.22568111,0.0,0.0,0.0,0.0,0.0,8.380315e-05,2.2885673e-05,2.833877e-05,3.5628689e-06,0.00015654265,0.00015652982,0.00015457439,0.0012181748,0.0012181785,0.019971507,1.7398106e-11,1.731103e-11,4.2665513e-11,8.0913657e-07,1.0260889e-06,5.0000974e-08,0.0,0.0,0.0,0.0,0.0,0.0,0.0,0.0,24
179647893,179547354,0.20410709,0.030269971,0.00052097795,0.97848034,-4.7174457e-05,-0.0007265234,-1.76779e-05,-653.43787,362.2596,3.8308916,5.9361155e-05,-4.818472e-05,-6.4892974e-06,0.0038943936,-0.000438377,1.6650029e-05,0.2443418,-0.044057187,0.22568111,0.0,0.0,0.0,0.0,0.0,8.398565e-05,2.2849821e-05,2.8299819e-05,3.5713033e-06,8.959712e-05,8.959448e-05,8.894822e-05,0.0011766972,0.0011767038,0.019345116,1.7348891e-11,1.7261038e-11,4.270328e-11,8.091319e-07,1.0260189e-06,5.000063e-08,0.0,0.0,0.0,0.0,0.0,0.0,0.0,0.0,24
180647122,180546490,0.2039795,0.030587366,0.0029704836,0.97849274,-0.00011226339,0.00015583396,0.00067109714,-653.45264,362.2611,3.8298097,5.923703e-05,-4.8116748e-05,-6.5104446e-06,0.0038944415,-0.00043923286,1.7274328e-05,0.2443418,-0.044057187,0.22568111,0.0,0.0,0.0,0.0,0.0,8.3828236e-05,2.2815728e-05,2.8254399e-05,3.5738867e-06,2.571181e-05,2.571153e-05,2.5659449e-05,0.0011386259,0.0011386311,0.018757487,1.729947e-11,1.7211278e-11,4.266643e-11,8.091344e-07,1.0258408e-06,5.0000178e-08,0.0,0.0,0.0,0.0,0.0,0.0,0.0,0.0,24
181646173,181545631,0.20364371,0.030592067,0.0014819846,0.9785659,0.0047770413,-0.0031274185,-0.001342952,-653.46606,362.2615,3.8297338,5.933242e-05,-4.80076e-05,-6.567558e-06,0.0038945656,-0.00043988344,2.5739144e-05,0.2443418,-0.044057187,0.22568111,0.0,0.0,0.0,0.0,0.0,8.4012216e-05,2.2940481e-05,2.837942e-05,3.57697e-06,0.00024091876,0.00024090748,0.00023634336,0.0011046944,0.0011046992,0.01823337,1.745957e-11,1.7371085e-11,4.2704777e-11,8.091271e-07,1.0257197e-06,5.0000807e-08,0.0,0.0,0.0,0.0,0.0,0.0,0.0,0.0,24
182645376,182544762,0.20367733,0.030488387,0.0012303883,0.9785625,0.00026921427,-0.0022964661,-0.0014262135,-653.48004,362.26193,3.8300152,5.9332902e-05,-4.7992475e-05,-6.622251e-06,0.0038944958,-0.00044047675,2.2084065e-05,0.2443418,-0.044057187,0.22568111,0.0,0.0,0.0,0.0,0.0,8.4172534e-05,2.2899805e-05,2.8336888e-05,3.595014e-06,0.00017030328,0.00017029284,0.00016796285,0.0010703629,0.0010703687,0.017709685,1.7409137e-11,1.7321153e-11,4.2740946e-11,8.0911946e-07,1.0256716e-06,5.0000985e-08,0.0,0.0,0.0,0.0,0.0,0.0,0.0,0.0,24
183644655,183543898,0.20350762,0.03072535,0.001856503,0.9785894,0.0016683133,0.0016808588,-0.00032154578,-653.4932,362.2623,3.8308733,5.9481456e-05,-4.7898295e-05,-6.665152e-06,0.0038945558,-0.0004412202,1.994239e-05,0.2443418,-0.044057187,0.22568111,0.0,0.0,0.0,0.0,0.0,8.401684e-05,2.2862734e-05,2.8297796e-05,3.592409e-06,0.000102743674,0.00010273972,0.00010188256,0.0010390478,0.0010390548,0.017216176,1.7359659e-11,1.7271289e-11,4.2704458e-11,8.091206e-07,1.0256522e-06,5.000072e-08,0.0,0.0,0.0,0.0,0.0,0.0,0.0,0.0,24
184654048,184553025,0.20354767,0.030821634,0.0030985498,0.9785749,2.1640393e-05,0.00038812583,0.0004730695,-653.5053,362.26248,3.8307166,5.931897e-05,-4.7793877e-05,-6.697325e-06,0.0038948508,-0.00044222907,1.8018938e-05,0.2443418,-0.044057187,0.22568111,0.0,0.0,0.0,0.0,0.0,8.422047e-05,2.2833095e-05,2.8259787e-05,3.6137942e-06,5.090194e-05,5.090093e-05,5.0691888e-05,0.0010102154,0.0010102188,0.016750138,1.732035e-11,1.7231628e-11,4.274953e-11,8.091197e-07,1.0255226e-06,5.000036e-08,0.0,0.0,0.0,0.0,0.0,0.0,0.0,0.0,24
185653218,185552162,0.20341408,0.030796727,0.0009393608,0.9786079,0.004322442,-0.0018496104,0.00019504472,-653.51556,362.26343,3.8291354,5.9413076e-05,-4.7907033e-05,-6.7368096e-06,0.0038948792,-0.00044255142,1.6706497e-05,0.2443418,-0.044057187,0.22568111,0.0,0.0,0.0,0.0,0.0,8.405968e-05,2.2950258e-05,2.8380888e-05,3.6064112e-06,0.0002700288,0.00027001463,0.00026433278,0.0009855807,0.0009855804,0.016311308,1.7477342e-11,1.739089e-11,4.2713843e-11,8.0911695e-07,1.0254942e-06,5.0000896e-08,0.0,0.0,0.0,0.0,0.0,0.0,0.0,0.0,24
186651889,186551298,0.20309848,0.030902607,0.0014799688,0.9786694,0.0008249191,0.00050417724,0.0009187151,-653.52454,362.26382,3.8284314,5.936476e-05,-4.7779613e-05,-6.7566284e-06,0.003894703,-0.00044316612,1.7705814e-05,0.2443418,-0.044057187,0.22568111,0.0,0.0,0.0,0.0,0.0,8.4219864e-05,2.2916094e-05,2.8343888e-05,3.6096067e-06,0.00019820404,0.00019819033,0.00019505178,0.00096213626,0.00096213724,0.015911864,1.7428631e-11,1.7341587e-11,4.2746272e-11,8.090924e-07,1.025462e-06,5.0001347e-08,0.0,0.0,0.0,0.0,0.0,0.0,0.0,0.0,24
187651002,187550434,0.20272838,0.030934673,0.0018612179,0.9787445,0.0014353773,0.0008566297,0.00062754983,-653.5342,362.26477,3.8287792,5.945487e-05,-4.768472e-05,-6.8012237e-06,0.0038947605,-0.00044367608,1.5639112e-05,0.2443418,-0.044057187,0.22568111,0.0,0.0,0.0,0.0,0.0,8.438695e-05,2.2878658e-05,2.8304676e-05,3.6119277e-06,0.00012938531,0.00012937942,0.00012803062,0.0009372809,0.00093728077,0.015512863,1.7379365e-11,1.7291727e-11,4.278064e-11,8.0908836e-07,1.0254488e-06,5.0000896e-08,0.0,0.0,0.0,0.0,0.0,0.0,0.0,0.0,24
188650254,188549571,0.20249857,0.030943884,0.0016018795,0.97879225,0.00093047635,0.00094853045,0.0003024627,-653.54376,362.266,3.828024,5.9476963e-05,-4.7583882e-05,-6.8858008e-06,0.0038948553,-0.00044406796,1.9136884e-05,0.2443418,-0.044057187,0.22568111,0.0,0.0,0.0,0.0,0.0,8.421738e-05,2.2844108e-05,2.8271608e-05,3.6069753e-06,6.3679145e-05,6.3677486e-05,6.334732e-05,0.0009144496,0.00091444945,0.015134133,1.7330287e-11,1.7242362e-11,4.2741415e-11,8.0908836e-07,1.025449e-06,5.000045e-08,0.0,0.0,0.0,0.0,0.0,0.0,0.0,0.0,24
189649865,189548835,0.20247929,0.031052006,0.001959069,0.9787922,3.7647753e-06,-2.9501703e-07,-4.3146605e-07,-653.55225,362.26746,3.8282933,5.9442016e-05,-4.7501195e-05,-6.9385983e-06,0.0038949403,-0.000444621,2.1613865e-05,0.2443418,-0.044057187,0.22568111,0.0,0.0,0.0,0.0,0.0,8.436882e-05,2.280718e-05,2.8234148e-05,3.622013e-06,1e-06,1e-06,1e-06,0.000893192,0.0008931914,0.0147739565,1.7281307e-11,1.7193144e-11,4.2775575e-11,8.090947e-07,1.0254494e-06,5e-08,0.0,0.0,0.0,0.0,0.0,0.0,0.0,0.0,24
