timestamp,time_utc_usec,lat,lon,alt,alt_ellipsoid,s_variance_m_s,c_variance_rad,eph,epv,hdop,vdop,noise_per_ms,jamming_indicator,vel_m_s,vel_n_m_s,vel_e_m_s,vel_d_m_s,cog_rad,timestamp_time_relative,heading,heading_offset,fix_type,jamming_state,vel_ned_valid,satellites_used,selected
17299617,1662721329999968,387273750,-775185406,62476,27882,0.15400001,1.2894152,0.33600003,0.56200004,0.53999996,0.90999997,108,11,0.026,-0.017,0.019000001,-0.048,0.0,0,nan,0.0,3,1,1,24,0
17791044,1662721330499967,387273749,-775185406,62493,27900,0.14600001,1.2894218,0.33200002,0.55600005,0.53999996,0.90999997,108,16,0.002,-0.001,-0.001,0.076000005,0.0,0,nan,0.0,3,1,1,24,0
18299043,1662721330999968,387273748,-775185406,62505,27912,0.12100001,1.289428,0.32900003,0.55,0.53999996,0.90999997,108,16,0.019000001,0.016,-0.011000001,-0.032,0.0,0,nan,0.0,3,1,1,24,0
18792290,1662721331499967,387273747,-775185406,62515,27921,0.091000006,1.2894348,0.326,0.545,0.53999996,0.90999997,108,18,0.029000001,0.026,-0.013,-0.014,0.0,0,nan,0.0,3,1,1,24,0
19298043,1662721331999968,387273746,-775185407,62525,27932,0.076000005,1.289441,0.323,0.54,0.53999996,0.90999997,108,18,0.017,-0.0050000004,0.016,0.006,0.0,0,nan,0.0,3,1,1,24,0
19792738,1662721332499967,387273745,-775185407,62520,27926,0.156,1.289448,0.32000002,0.535,0.53999996,0.90999997,107,14,0.021000002,0.021000002,0.001,0.027,0.0,0,nan,0.0,3,1,1,24,0
20299042,1662721332999968,387273744,-775185408,62529,27935,0.15300001,1.289456,0.317,0.531,0.53999996,0.90999997,107,14,0.021000002,0.020000001,-0.0050000004,0.022000002,0.0,0,nan,0.0,3,1,1,24,0
20792043,1662721333499966,387273744,-775185409,62544,27951,0.15100001,1.289463,0.31500003,0.527,0.53999996,0.90999997,107,16,0.003,-0.002,-0.002,-0.009000001,0.0,0,nan,0.0,3,1,1,24,0
21298063,1662721333999967,387273743,-775185410,62557,27963,0.13800001,1.2894698,0.31300002,0.523,0.53999996,0.90999997,107,16,0.021000002,-0.019000001,-0.010000001,-0.014,0.0,0,nan,0.0,3,1,1,24,0
21792043,1662721334499966,387273742,-775185411,62568,27974,0.125,1.2894766,0.31,0.517,0.51,0.84999996,107,12,0.012,0.011000001,0.0050000004,0.009000001,0.0,0,nan,0.0,3,1,1,26,0
22299064,1662721334999967,387273743,-775185413,62538,27944,0.13700001,1.2894832,0.30600002,0.509,0.51,0.84999996,107,12,0.011000001,-0.007,-0.008,-0.023000002,0.0,0,nan,0.0,3,1,1,26,0
22793501,1662721335499966,387273743,-775185414,62524,27930,0.11100001,1.2894905,0.30200002,0.50100005,0.51,0.84999996,107,15,0.015000001,0.013,-0.007,-0.020000001,0.0,0,nan,0.0,3,1,1,26,0
23300043,1662721335999967,387273743,-775185415,62505,27911,0.104,1.289497,0.298,0.49400002,0.51,0.84999996,107,15,0.004,-0.001,-0.004,0.010000001,0.0,0,nan,0.0,3,1,1,26,0
23792235,1662721336499966,387273743,-775185416,62501,27908,0.142,1.2895042,0.29500002,0.48800004,0.51,0.84999996,107,11,0.006,0.003,-0.006,0.071,0.0,0,nan,0.0,3,1,1,26,0
24299292,1662721336999966,387273743,-775185417,62492,27898,0.143,1.2895111,0.29200003,0.48200002,0.51,0.84999996,107,11,0.012,0.011000001,0.006,0.025,0.0,0,nan,0.0,3,1,1,26,0
24792043,1662721337499965,387273742,-775185418,62487,27894,0.120000005,1.2895175,0.289,0.476,0.51,0.84999996,107,12,0.018000001,0.018000001,0.0,0.008,0.0,0,nan,0.0,3,1,1,26,0
25299323,1662721337999966,387273742,-775185418,62481,27887,0.1,1.2895226,0.286,0.47100002,0.51,0.84999996,107,12,0.014,-0.009000001,0.011000001,0.013,0.0,0,nan,0.0,3,1,1,26,0
25796762,1662721338499965,387273741,-775185417,62475,27882,0.086,1.2895272,0.28300002,0.46400002,0.48999998,0.83,108,9,0.027,-0.020000001,0.017,-0.010000001,0.0,0,nan,0.0,3,1,1,27,0
26301394,1662721338999966,387273742,-775185418,62469,27875,0.074,1.2895317,0.279,0.45700002,0.48999998,0.83,108,9,0.034,0.028,-0.018000001,-0.003,0.0,0,nan,0.0,3,1,1,27,0
26793043,1662721339499965,387273742,-775185419,62466,27872,0.124000005,1.2895383,0.27600002,0.45100003,0.48999998,0.83,108,12,0.012,-0.010000001,0.006,-0.031000001,0.0,0,nan,0.0,3,1,1,27,0
27299043,1662721339999966,387273743,-775185420,62463,27869,0.112,1.2895437,0.273,0.44500002,0.48999998,0.83,108,12,0.020000001,0.015000001,-0.012,0.025,0.0,0,nan,0.0,3,1,1,27,0
27793043,1662721340499965,387273744,-775185422,62456,27862,0.11000001,1.289549,0.27,0.439,0.48999998,0.83,108,11,0.021000002,0.019000001,0.007,-0.029000001,0.0,0,nan,0.0,3,1,1,27,0
28300219,1662721340999965,387273745,-775185422,62443,27850,0.096,1.2895545,0.26700002,0.43400002,0.48999998,0.83,108,11,0.011000001,0.011000001,-0.002,-0.009000001,0.0,0,nan,0.0,3,1,1,27,0
28794337,1662721341499964,387273746,-775185424,62431,27837,0.124000005,1.2895603,0.264,0.42900002,0.48999998,0.83,108,11,0.001,-0.001,0.0,0.057000004,0.0,0,nan,0.0,3,1,1,27,0
29300387,1662721341999965,387273747,-775185424,62419,27825,0.078,1.2895654,0.26200002,0.42400002,0.48999998,0.83,108,11,0.020000001,-0.011000001,-0.016,0.001,0.0,0,nan,0.0,3,1,1,27,0
29794047,1662721342499964,387273747,-775185425,62429,27835,0.094000004,1.2895708,0.259,0.41900003,0.48999998,0.83,107,13,0.009000001,0.009000001,-0.001,0.003,0.0,0,nan,0.0,3,1,1,27,0
30302042,1662721342999965,387273748,-775185424,62431,27838,0.087000005,1.2895753,0.257,0.41500002,0.48999998,0.83,107,13,0.024,0.022000002,-0.010000001,-0.013,0.0,0,nan,0.0,3,1,1,27,0
30795042,1662721343499964,387273748,-775185424,62432,27839,0.097,1.2895797,0.25500003,0.411,0.48999998,0.83,108,12,0.013,0.007,-0.012,-0.012,0.0,0,nan,0.0,3,1,1,27,0
31301044,1662721343999965,387273749,-775185424,62434,27841,0.115,1.2895842,0.254,0.40800002,0.48999998,0.83,108,12,0.015000001,0.009000001,-0.012,-0.028,0.0,0,nan,0.0,3,1,1,27,0
31797078,1662721344499964,387273749,-775185424,62434,27840,0.11000001,1.2895899,0.252,0.404,0.48,0.78999996,108,11,0.016,0.016,-0.001,-0.025,0.0,0,nan,0.0,3,1,1,28,0
32302045,1662721344999964,387273750,-775185424,62427,27833,0.11100001,1.2895955,0.25,0.40100002,0.48,0.78999996,108,11,0.019000001,0.009000001,-0.016,-0.026,0.0,0,nan,0.0,3,1,1,28,0
32794047,1662721345499963,387273750,-775185424,62424,27830,0.115,1.2896016,0.24900001,0.39800003,0.48,0.78999996,108,13,0.013,-0.010000001,-0.008,0.025,0.0,0,nan,0.0,3,1,1,28,0
33302067,1662721345999964,387273750,-775185424,62411,27817,0.125,1.2896075,0.24700001,0.39600003,0.48,0.78999996,108,13,0.004,-0.004,0.002,0.049000002,0.0,0,nan,0.0,3,1,1,28,0
33796497,1662721346499963,387273750,-775185424,62395,27801,0.108,1.2896138,0.246,0.393,0.48,0.78999996,108,12,0.024,-0.022000002,-0.009000001,0.028,0.0,0,nan,0.0,3,1,1,28,0
34301058,1662721346999964,387273750,-775185425,62379,27786,0.087000005,1.2896193,0.245,0.39100003,0.48,0.78999996,108,12,0.008,-0.002,-0.008,0.006,0.0,0,nan,0.0,3,1,1,28,0
34793043,1662721347499963,387273751,-775185425,62373,27779,0.125,1.289624,0.24400002,0.388,0.48,0.78999996,108,13,0.013,0.012,0.004,0.024,0.0,0,nan,0.0,3,1,1,28,0
35301042,1662721347999964,387273751,-775185423,62352,27758,0.098000005,1.289629,0.24300002,0.386,0.48,0.78999996,108,13,0.047000002,-0.020000001,0.042000003,0.039,0.0,0,nan,0.0,3,1,1,28,0
35793044,1662721348499963,387273747,-775185418,62336,27743,0.074,0.33256218,0.24200001,0.384,0.48,0.78999996,108,20,0.24800001,-0.20400001,0.141,0.004,2.468269,0,nan,0.0,3,1,1,28,0
36301043,1662721348999963,387273733,-775185406,62324,27730,0.075,0.15508349,0.24100001,0.38300002,0.48,0.78999996,108,20,0.52000004,-0.43800002,0.28100002,-0.026,2.567336,0,nan,0.0,3,1,1,28,0
36794042,1662721349499962,387273702,-775185381,62317,27723,0.07700001,0.06901887,0.24000001,0.381,0.48,0.78999996,108,14,1.1550001,-1.003,0.574,0.045,2.6185322,0,nan,0.0,3,1,1,28,0
37303042,1662721349999963,387273641,-775185336,62302,27709,0.07700001,0.04110163,0.24000001,0.379,0.48,0.78999996,108,14,1.945,-1.6990001,0.947,0.047000002,2.623509,0,nan,0.0,3,1,1,28,0
37793093,1662721350499962,387273547,-775185267,62276,27683,0.07700001,0.027086288,0.23900001,0.37800002,0.48,0.78999996,108,9,2.89,-2.502,1.447,0.038000003,2.6191103,0,nan,0.0,3,1,1,28,0
38300298,1662721350999963,387273417,-775185172,62263,27669,0.07300001,0.020965766,0.238,0.37600002,0.48,0.78999996,108,9,3.8090003,-3.3170002,1.8720001,0.035,2.627434,0,nan,0.0,3,1,1,28,0
38792046,1662721351499962,387273249,-775185051,62249,27655,0.07700001,0.016832829,0.23700002,0.374,0.48,0.78999996,108,11,4.709,-4.092,2.329,0.063,2.625602,0,nan,0.0,3,1,1,28,0
39297350,1662721351999963,387273046,-775184903,62236,27642,0.074,0.013865593,0.23700002,0.37300003,0.48,0.78999996,108,11,5.6000004,-4.8510003,2.7970002,0.016,2.6208951,0,nan,0.0,3,1,1,28,0
39791043,1662721352499961,387272812,-775184731,62217,27623,0.075,0.012181874,0.23600002,0.37100002,0.48,0.78999996,108,13,6.373,-5.5150003,3.1940002,0.029000001,2.6175299,0,nan,0.0,3,1,1,28,0
40297044,1662721352999962,387272548,-775184536,62195,27602,0.075,0.011147767,0.23500001,0.37,0.48,0.78999996,108,13,7.0980005,-6.1270003,3.584,0.07700001,2.6129835,0,nan,0.0,3,1,1,28,0
40792041,1662721353499961,387272259,-775184317,62175,27581,0.076000005,0.010386977,0.23400001,0.36900002,0.48,0.78999996,108,17,7.7620006,-6.6510005,4.0010004,0.040000003,2.601214,0,nan,0.0,3,1,1,28,0
41298044,1662721353999962,387271945,-775184074,62156,27562,0.075,0.009324421,0.23400001,0.367,0.48,0.78999996,108,17,8.46,-7.227,4.3980002,0.008,2.5948784,0,nan,0.0,3,1,1,28,0
41792044,1662721354499961,387271611,-775183811,62156,27563,0.074,0.009517105,0.23300001,0.36600003,0.48,0.78999996,108,12,8.900001,-7.5400004,4.728,-0.033,2.5814958,0,nan,0.0,3,1,1,28,0
42301154,1662721354999962,387271269,-775183538,62231,27637,0.067,0.007470533,0.23200001,0.36400002,0.48,0.78999996,108,12,9.018001,-7.6140003,4.833,-0.39000002,2.5760357,0,nan,0.0,3,1,1,28,0
42794044,1662721355499961,387270926,-775183258,62487,27893,0.07700001,0.009392315,0.231,0.36200002,0.47,0.76,107,17,8.807,-7.4140005,4.755,-0.49600002,2.5713167,0,nan,0.0,3,1,1,29,0
43300043,1662721355999962,387270593,-775182981,62781,28188,0.078,0.009523737,0.231,0.36,0.47,0.76,107,17,8.794001,-7.3910003,4.7640004,-0.62200004,2.5690317,0,nan,0.0,3,1,1,29,0
43794333,1662721356499960,387270267,-775182712,62986,28392,0.074,0.009093165,0.23,0.35900003,0.47,0.76,107,16,8.555,-7.1900005,4.636,-0.39200002,2.5688407,0,nan,0.0,3,1,1,29,0
44302047,1662721356999961,387269949,-775182450,63119,28525,0.071,0.009361073,0.22900002,0.35700002,0.47,0.76,107,16,8.342,-6.991,4.552,-0.298,2.564433,0,nan,0.0,3,1,1,29,0
44793043,1662721357499960,387269638,-775182194,63216,28622,0.071,0.00920155,0.22800002,0.35500002,0.47,0.76,107,12,8.152,-6.846,4.4240003,-0.20600002,2.5678606,0,nan,0.0,3,1,1,29,0
45300052,1662721357999961,387269331,-775181941,63307,28714,0.072000004,0.008724028,0.22700001,0.35300002,0.47,0.76,107,12,8.066,-6.7830005,4.3650002,-0.21200001,2.5698066,0,nan,0.0,3,1,1,29,0
45794549,1662721358499960,387269028,-775181692,63373,28779,0.067,0.009358455,0.22600001,0.35200003,0.47,0.76,107,16,7.9800005,-6.7240005,4.2980003,-0.186,2.570642,0,nan,0.0,3,1,1,29,0
46301043,1662721358999961,387268725,-775181452,63450,28856,0.071,0.008832239,0.22500001,0.35000002,0.47,0.76,107,16,7.8680005,-6.7000003,4.125,-0.21100001,2.5896506,0,nan,0.0,3,1,1,29,0
46795042,1662721359499960,387268422,-775181223,63507,28914,0.071,0.009519549,0.224,0.349,0.47,0.76,107,9,7.8090005,-6.768,3.8960001,-0.164,2.618513,0,nan,0.0,3,1,1,29,0
47305258,1662721359999961,387268118,-775181006,63570,28976,0.07700001,0.009540493,0.224,0.34800002,0.47,0.76,107,9,7.655,-6.6930003,3.7150002,-0.108,2.6348574,0,nan,0.0,3,1,1,29,0
47795043,1662721360499959,387267813,-775180798,63638,29044,0.063,0.008921251,0.223,0.34800002,0.47,0.76,107,12,7.727,-6.8410006,3.5930002,-0.17400001,2.6574693,0,nan,0.0,3,1,1,29,0
48304044,1662721360999960,387267505,-775180595,63687,29093,0.086,0.010003878,0.223,0.347,0.47,0.76,107,12,7.6700006,-6.84,3.4710002,-0.086,2.6724122,0,nan,0.0,3,1,1,29,0
48799047,1662721361499959,387267194,-775180397,63724,29130,0.071,0.008843758,0.22200002,0.34600002,0.47,0.76,107,12,7.7880006,-6.9600005,3.4940002,-0.113000005,2.6769173,0,nan,0.0,3,1,1,29,0
49301313,1662721361999960,387266879,-775180197,63765,29171,0.064,0.008936435,0.22100002,0.34500003,0.47,0.76,107,12,7.885,-7.0480003,3.5340002,-0.113000005,2.676737,0,nan,0.0,3,1,1,29,0
49795041,1662721362499959,387266565,-775179992,63813,29219,0.080000006,0.0094445,0.22100002,0.344,0.47,0.76,107,20,7.7750006,-6.925,3.5340002,-0.128,2.6697512,0,nan,0.0,3,1,1,29,0
50302045,1662721362999960,387266254,-775179786,63857,29263,0.071,0.009027715,0.22000001,0.34300002,0.47,0.76,107,20,7.7920003,-6.9040003,3.6120002,-0.18900001,2.6592755,0,nan,0.0,3,1,1,29,0
50794044,1662721363499959,387265944,-775179581,63919,29325,0.07,0.009170483,0.22000001,0.34100002,0.47,0.76,107,17,7.7070003,-6.8630004,3.5070002,-0.21400002,2.6676545,0,nan,0.0,3,1,1,29,0
51301288,1662721363999960,387265637,-775179383,63944,29350,0.071,0.0094823735,0.21900001,0.34,0.47,0.76,107,17,7.6450005,-6.854,3.3880002,-0.095000006,2.6815763,0,nan,0.0,3,1,1,29,0
51794042,1662721364499958,387265327,-775179194,63961,29367,0.072000004,0.009085835,0.21800001,0.33900002,0.47,0.76,107,11,7.5740004,-6.873,3.1840003,-0.052,2.7061455,0,nan,0.0,3,1,1,29,0
52300065,1662721364999959,387265018,-775179010,63991,29397,0.07,0.009463349,0.21800001,0.33800003,0.47,0.76,107,11,7.5750003,-6.821,3.2940001,-0.115,2.6928267,0,nan,0.0,3,1,1,29,0
52794043,1662721365499958,387264717,-775178815,64018,29424,0.068,0.010424501,0.21800001,0.337,0.47,0.76,107,19,7.471,-6.5790005,3.5400002,-0.08800001,2.6523151,0,nan,0.0,3,1,1,29,0
53302185,1662721365999959,387264423,-775178607,64036,29442,0.072000004,0.010282956,0.21700001,0.33600003,0.47,0.76,107,19,7.4110003,-6.4100003,3.719,-0.049000002,2.6188052,0,nan,0.0,3,1,1,29,0
53793043,1662721366499958,387264134,-775178396,64044,29449,0.068,0.00950419,0.21700001,0.335,0.47,0.76,107,12,7.3580003,-6.379,3.6680002,0.009000001,2.6192162,0,nan,0.0,3,1,1,29,0
54300044,1662721366999959,387263847,-775178188,64020,29426,0.069000006,0.009932668,0.216,0.335,0.47,0.76,107,12,7.3160005,-6.3760004,3.5870001,0.044000003,2.6271653,0,nan,0.0,3,1,1,29,0
54794079,1662721367499958,387263560,-775177984,63973,29379,0.068,0.009922895,0.216,0.33400002,0.47,0.76,107,10,7.2770004,-6.3970003,3.469,0.132,2.6423059,0,nan,0.0,3,1,1,29,0
55300042,1662721367999958,387263270,-775177790,63929,29335,0.123,0.018048624,0.21800001,0.33600003,0.47,0.76,107,10,7.2950006,-6.5020003,3.308,0.13100001,2.6679296,0,nan,0.0,3,1,1,29,0
55797046,1662721368499957,387262975,-775177601,63899,29305,0.12100001,0.018431898,0.223,0.342,0.47,0.76,83,12,7.3280005,-6.5480003,3.2900002,0.09900001,2.6768363,0,nan,0.0,3,1,1,29,0
56301044,1662721368999958,387262681,-775177409,63874,29280,0.116000004,0.016638223,0.22800002,0.347,0.47,0.76,83,12,7.3080006,-6.4800005,3.3780003,0.17400001,2.6630936,0,nan,0.0,3,1,1,29,0
56793127,1662721369499957,387262391,-775177210,63856,29262,0.12100001,0.018893538,0.23300001,0.35300002,0.47,0.76,77,11,7.2960005,-6.3640003,3.5670002,0.015000001,2.6354098,0,nan,0.0,3,1,1,29,0
57302048,1662721369999958,387262104,-775177000,63828,29234,0.120000005,0.019179072,0.238,0.35900003,0.47,0.76,77,11,7.334,-6.306,3.7450001,0.093,2.6106567,0,nan,0.0,3,1,1,29,0
57793442,1662721370499957,387261821,-775176780,63799,29205,0.11400001,0.016700706,0.24200001,0.36400002,0.47,0.76,77,11,7.419,-6.2960005,3.9240003,0.1,2.5876522,0,nan,0.0,3,1,1,29,0
58300045,1662721370999958,387261537,-775176554,63795,29201,0.112,0.016479224,0.245,0.367,0.47,0.76,77,11,7.4220004,-6.28,3.9540002,0.010000001,2.5799675,0,nan,0.0,3,1,1,29,0
58795046,1662721371499957,387261254,-775176327,63820,29225,0.11000001,0.016369792,0.24800001,0.37,0.47,0.76,76,12,7.419,-6.2920003,3.9320002,-0.042000003,2.5818381,0,nan,0.0,3,1,1,29,0
59300043,1662721371999957,387260970,-775176103,63845,29251,0.11000001,0.01623191,0.25100002,0.374,0.47,0.76,76,12,7.3980002,-6.326,3.8360002,-0.087000005,2.592586,0,nan,0.0,3,1,1,29,0
59793820,1662721372499956,387260686,-775175886,63842,29248,0.11400001,0.017343335,0.25300002,0.377,0.47,0.76,76,11,7.3370004,-6.3240004,3.7210002,-0.028,2.6065927,0,nan,0.0,3,1,1,29,0
60303043,1662721372999957,387260402,-775175677,63829,29234,0.11100001,0.018497,0.256,0.38000003,0.47,0.76,76,11,7.2790003,-6.328,3.5980003,0.009000001,2.6220021,0,nan,0.0,3,1,1,29,0
60795067,1662721373499956,387260116,-775175468,63821,29226,0.115,0.01905882,0.26000002,0.38300002,0.47,0.76,76,14,7.3110003,-6.3440003,3.634,-0.038000003,2.6201508,0,nan,0.0,3,1,1,29,0
61302306,1662721373999957,387259830,-775175253,63838,29244,0.120000005,0.020296955,0.263,0.38700002,0.48999998,0.82,76,14,7.3780003,-6.2830005,3.8680003,-0.025,2.5943751,0,nan,0.0,3,1,1,28,0
61794673,1662721374499956,387259548,-775175025,63854,29260,0.117000006,0.01939113,0.26700002,0.39100003,0.48999998,0.82,76,12,7.3630004,-6.1470003,4.053,-0.0050000004,2.563029,0,nan,0.0,3,1,1,28,0
62300045,1662721374999957,387259271,-775174788,63850,29256,0.113000005,0.017071938,0.27,0.39400002,0.48999998,0.82,76,12,7.425,-6.169,4.1330004,-0.020000001,2.5495782,0,nan,0.0,3,1,1,28,0
62794044,1662721375499956,387258994,-775174552,63828,29233,0.124000005,0.016571201,0.272,0.39600003,0.47,0.76,76,12,7.38,-6.1660004,4.0540004,0.036000002,2.5584085,0,nan,0.0,3,1,1,29,0
63298044,1662721375999956,387258717,-775174320,63796,29201,0.123,0.016567538,0.27400002,0.39800003,0.47,0.76,76,12,7.3960004,-6.229,3.9880002,-0.006,2.5689096,0,nan,0.0,3,1,1,29,0
63791043,1662721376499955,387258437,-775174093,63763,29168,0.127,0.015840083,0.277,0.4,0.47,0.76,76,10,7.3350005,-6.2250004,3.8790002,-0.017,2.5830426,0,nan,0.0,3,1,1,29,0
64298043,1662721376999956,387258158,-775173872,63737,29142,0.11800001,0.016038878,0.27800003,0.402,0.47,0.76,76,10,7.334,-6.2790003,3.7890003,-0.07,2.5956442,0,nan,0.0,3,1,1,29,0
64792062,1662721377499955,387257877,-775173653,63717,29122,0.11100001,0.018786548,0.28,0.404,0.47,0.76,76,16,7.3020005,-6.2040005,3.8500001,0.025,2.5886996,0,nan,0.0,3,2,1,29,0
65297045,1662721377999956,387257599,-775173432,63679,29085,0.10700001,0.01800691,0.282,0.40500003,0.47,0.76,76,16,7.254,-6.1320004,3.8750002,0.031000001,2.5800185,0,nan,0.0,3,2,1,29,0
65791105,1662721378499955,387257324,-775173208,63639,29045,0.10700001,0.018344631,0.284,0.40500003,0.47,0.76,75,11,7.2290006,-6.083,3.9070003,0.07,2.5712779,0,nan,0.0,3,1,1,29,0
66298067,1662721378999956,387257052,-775172982,63589,28995,0.108,0.01740669,0.28500003,0.40600002,0.47,0.76,75,11,7.235,-6.078,3.926,0.098000005,2.5664752,0,nan,0.0,3,1,1,29,0
66794043,1662721379499954,387256777,-775172759,63529,28935,0.10700001,0.016792161,0.286,0.40600002,0.47,0.76,75,10,7.2120004,-6.1120005,3.8290002,0.079,2.5809329,0,nan,0.0,3,1,1,29,0
67303114,1662721379999955,387256498,-775172542,63494,28899,0.108,0.017818416,0.287,0.407,0.47,0.76,75,10,7.2650003,-6.2650003,3.6780002,0.032,2.607005,0,nan,0.0,3,1,1,29,0
67797053,1662721380499954,387256215,-775172331,63485,28890,0.11100001,0.016855692,0.28800002,0.407,0.47,0.76,75,12,7.2530003,-6.2840004,3.6220002,-0.009000001,2.6171923,0,nan,0.0,3,1,1,29,0
68303047,1662721380999955,387255929,-775172121,63478,28883,0.105000004,0.016781863,0.289,0.40800002,0.47,0.76,75,12,7.2950006,-6.314,3.653,-0.034,2.617923,0,nan,0.0,3,1,1,29,0
68795042,1662721381499954,387255642,-775171909,63473,28878,0.10300001,0.016692853,0.29000002,0.409,0.47,0.76,75,11,7.3670006,-6.3680005,3.703,0.097,2.6145706,0,nan,0.0,3,1,1,29,0
69303311,1662721381999955,387255357,-775171690,63448,28853,0.104,0.016948193,0.291,0.409,0.47,0.76,75,11,7.3880005,-6.3230004,3.821,0.10700001,2.5978513,0,nan,0.0,3,1,1,29,0
69794043,1662721382499954,387255072,-775171466,63425,28831,0.105000004,0.016392656,0.29200003,0.409,0.47,0.76,75,15,7.4290004,-6.3440003,3.8660002,0.12100001,2.5919924,0,nan,0.0,3,1,1,29,0
70299044,1662721382999955,387254782,-775171248,63390,28795,0.10300001,0.015794355,0.29200003,0.409,0.47,0.76,75,15,7.431,-6.438,3.7120001,0.126,2.6161926,0,nan,0.0,3,1,1,29,0
70794043,1662721383499953,387254487,-775171038,63366,28771,0.106000006,0.01579261,0.29200003,0.409,0.47,0.76,75,17,7.472,-6.563,3.5720003,0.09200001,2.6408477,0,nan,0.0,3,1,1,29,0
71301042,1662721383999954,387254188,-775170835,63361,28766,0.105000004,0.015391534,0.29200003,0.409,0.47,0.76,75,17,7.464,-6.6120005,3.463,0.029000001,2.6566367,0,nan,0.0,3,1,1,29,0
71793044,1662721384499953,387253888,-775170634,63372,28777,0.10700001,0.0166843,0.29200003,0.409,0.47,0.76,74,14,7.5350003,-6.6650004,3.515,-0.0050000004,2.6562867,0,nan,0.0,3,1,1,29,0
72301043,1662721384999954,387253588,-775170433,63376,28782,0.11000001,0.01619299,0.293,0.409,0.47,0.76,74,14,7.511,-6.637,3.5170002,0.058000002,2.6546364,0,nan,0.0,3,1,1,29,0
72793042,1662721385499953,387253289,-775170231,63389,28794,0.10700001,0.015665552,0.293,0.41000003,0.47,0.76,74,12,7.4690003,-6.5740004,3.5470002,-0.023000002,2.6484149,0,nan,0.0,3,1,1,29,0
73299044,1662721385999954,387252994,-775170027,63374,28779,0.117000006,0.0147375595,0.293,0.41000003,0.47,0.76,74,12,7.3940005,-6.5060005,3.5140002,0.072000004,2.646323,0,nan,0.0,3,1,1,29,0
73793042,1662721386499953,387252702,-775169825,63358,28763,0.134,0.0165815,0.293,0.41300002,0.47,0.76,74,11,7.3780003,-6.497,3.4970002,-0.028,2.6471586,0,nan,0.0,3,1,1,29,0
74299044,1662721386999954,387252410,-775169625,63342,28748,0.143,0.017013643,0.29500002,0.416,0.47,0.76,74,11,7.3640003,-6.4960003,3.469,0.040000003,2.6501677,0,nan,0.0,3,1,1,29,0
74794043,1662721387499952,387252118,-775169425,63351,28756,0.133,0.01802349,0.29700002,0.42000002,0.47,0.76,74,10,7.3870006,-6.4760003,3.5540001,-0.05,2.6413696,0,nan,0.0,3,1,1,29,0
75301044,1662721387999953,387251829,-775169219,63356,28761,0.119,0.017072113,0.29900002,0.42100003,0.47,0.76,74,10,7.3380003,-6.3950005,3.5980003,-0.061000004,2.6290107,0,nan,0.0,3,1,1,29,0
75793046,1662721388499952,387251541,-775169014,63361,28766,0.112,0.015788423,0.29900002,0.42200002,0.47,0.76,74,12,7.3,-6.393,3.5260003,-0.008,2.6365392,0,nan,0.0,3,1,1,29,0
76300043,1662721388999953,387251253,-775168816,63364,28769,0.112,0.0167679,0.3,0.42200002,0.47,0.76,74,12,7.255,-6.4280005,3.364,-0.011000001,2.6557894,0,nan,0.0,3,1,1,29,0
76794125,1662721389499952,387250964,-775168626,63350,28755,0.11400001,0.015715118,0.3,0.42200002,0.47,0.76,74,20,7.2190003,-6.431,3.279,0.035,2.6699715,0,nan,0.0,3,1,1,29,0
77303044,1662721389999953,387250674,-775168439,63327,28732,0.11100001,0.015724193,0.29900002,0.42200002,0.47,0.76,74,20,7.1840005,-6.4360003,3.1910002,0.075,2.6787364,0,nan,0.0,3,1,1,29,0
77796235,1662721390499952,387250384,-775168253,63280,28685,0.113000005,0.016718857,0.29900002,0.423,0.47,0.76,74,11,7.1570005,-6.4010005,3.2020001,0.063,2.6770022,0,nan,0.0,3,1,1,29,0
78301234,1662721390999953,387250094,-775168068,63242,28647,0.112,0.015261158,0.29900002,0.42200002,0.47,0.76,74,11,7.1830006,-6.4150004,3.2300003,0.060000002,2.6748753,0,nan,0.0,3,1,1,29,0
78794041,1662721391499951,387249805,-775167882,63167,28572,0.143,0.019297756,0.3,0.423,0.47,0.76,74,12,7.209,-6.4420004,3.2370002,0.132,2.6745052,0,nan,0.0,3,1,1,29,0
79301042,1662721391999952,387249515,-775167693,63078,28483,0.136,0.016757254,0.30200002,0.42600003,0.47,0.76,74,12,7.2890005,-6.4820004,3.3330002,0.133,2.667435,0,nan,0.0,3,1,1,29,0
79795042,1662721392499951,387249223,-775167503,63026,28431,0.132,0.01567393,0.303,0.42800003,0.47,0.76,74,12,7.36,-6.5740004,3.3100002,0.023000002,2.673468,0,nan,0.0,3,1,1,29,0
80302044,1662721392999952,387248928,-775167314,63009,28414,0.133,0.016075704,0.30400002,0.43100002,0.47,0.76,74,12,7.3830004,-6.6010003,3.3060002,-0.028,2.6777668,0,nan,0.0,3,1,1,29,0
80795043,1662721393499951,387248630,-775167126,63005,28410,0.126,0.017262528,0.30600002,0.43300003,0.47,0.76,74,11,7.393,-6.6140003,3.3040001,-0.030000001,2.6797414,0,nan,0.0,3,2,1,29,0
81302044,1662721393999952,387248331,-775166934,63008,28413,0.112,0.015725765,0.30600002,0.43300003,0.47,0.76,74,11,7.4860005,-6.6610003,3.4160001,0.0050000004,2.6689887,0,nan,0.0,3,2,1,29,0
81794043,1662721394499951,387248035,-775166730,63001,28406,0.108,0.016246222,0.30600002,0.432,0.47,0.76,74,8,7.5160003,-6.5870004,3.6190002,0.101,2.641657,0,nan,0.0,3,1,1,29,0
82301044,1662721394999951,387247738,-775166518,63026,28431,0.109000005,0.017208947,0.30600002,0.432,0.47,0.76,74,8,7.5920005,-6.5950003,3.762,-0.126,2.6241567,0,nan,0.0,3,1,1,29,0
82793043,1662721395499950,387247442,-775166303,63074,28479,0.109000005,0.015218049,0.30600002,0.43100002,0.47,0.76,74,15,7.5540004,-6.5690002,3.729,-0.09900001,2.62284,0,nan,0.0,3,1,1,29,0
83301169,1662721395999951,387247144,-775166090,63144,28549,0.133,0.015377572,0.30600002,0.43100002,0.47,0.76,74,15,7.5680003,-6.6110005,3.6840003,-0.123,2.6335905,0,nan,0.0,3,1,1,29,0
83793044,1662721396499950,387246844,-775165879,63229,28634,0.10700001,0.016294567,0.30600002,0.43100002,0.47,0.76,74,15,7.6180005,-6.655,3.7070003,-0.112,2.6326706,0,nan,0.0,3,1,1,29,0
84301043,1662721396999951,387246545,-775165666,63311,28716,0.125,0.017495006,0.307,0.43100002,0.47,0.76,74,15,7.544,-6.558,3.729,-0.21300001,2.624973,0,nan,0.0,3,1,1,29,0
84793132,1662721397499950,387246252,-775165448,63385,28790,0.11400001,0.01689147,0.307,0.43100002,0.47,0.76,74,14,7.5140004,-6.446,3.8610003,-0.14500001,2.6052198,0,nan,0.0,3,1,1,29,0
85300046,1662721397999951,387245963,-775165227,63411,28816,0.12100001,0.018965445,0.30800003,0.432,0.47,0.76,74,14,7.4150004,-6.3230004,3.8720002,-0.022000002,2.5940197,0,nan,0.0,3,1,1,29,0
85793044,1662721398499950,387245679,-775165005,63393,28798,0.11800001,0.018519688,0.31,0.432,0.47,0.76,74,13,7.3610005,-6.255,3.8810003,0.036000002,2.5870934,0,nan,0.0,3,1,1,29,0
86299044,1662721398999950,387245398,-775164781,63383,28787,0.113000005,0.017245075,0.31,0.432,0.47,0.76,74,13,7.3220005,-6.1990004,3.8960001,-0.068,2.581721,0,nan,0.0,3,1,1,29,0
86792063,1662721399499949,387245119,-775164557,63370,28775,0.115,0.017793631,0.31,0.432,0.47,0.76,74,12,7.3160005,-6.181,3.9140003,-0.006,2.5780327,0,nan,0.0,3,1,1,29,0
87302043,1662721399999950,387244841,-775164333,63366,28771,0.10700001,0.020233428,0.31100002,0.432,0.47,0.76,74,12,7.2390003,-6.104,3.8930001,-0.041,2.5744255,0,nan,0.0,3,1,1,29,0
87790044,1662721400499949,387244566,-775164107,63355,28760,0.11000001,0.0155280195,0.31100002,0.43100002,0.47,0.76,74,12,7.2330003,-6.077,3.9240003,-0.007,2.5671012,0,nan,0.0,3,1,1,29,0
88297351,1662721400999950,387244294,-775163883,63310,28715,0.106000006,0.015396248,0.30900002,0.42900002,0.47,0.76,74,12,7.1640005,-6.025,3.8760002,-0.011000001,2.5688043,0,nan,0.0,3,1,1,29,0
88792117,1662721401499949,387244021,-775163662,63257,28661,0.113000005,0.016740847,0.30800003,0.42900002,0.47,0.76,74,11,7.175,-6.0950003,3.7870002,0.065000005,2.583294,0,nan,0.0,3,1,1,29,0
89299043,1662721401999950,387243746,-775163445,63198,28602,0.11400001,0.017340021,0.307,0.42900002,0.47,0.76,74,11,7.1900005,-6.1320004,3.755,0.057000004,2.5913453,0,nan,0.0,3,1,1,29,0
89792311,1662721402499949,387243467,-775163228,63127,28531,0.11000001,0.01779747,0.307,0.42800003,0.47,0.76,74,10,7.2190003,-6.19,3.7140002,0.078,2.599375,0,nan,0.0,3,1,1,29,0
90300047,1662721402999949,387243185,-775163016,63080,28485,0.11100001,0.017519092,0.307,0.42800003,0.47,0.76,74,10,7.2950006,-6.3320003,3.6230001,0.024,2.6184456,0,nan,0.0,3,1,1,29,0
90793044,1662721403499948,387242899,-775162807,63036,28441,0.106000006,0.017277014,0.307,0.42700002,0.47,0.76,74,10,7.2950006,-6.339,3.6100001,0.086,2.6243622,0,nan,0.0,3,1,1,29,0
91304092,1662721403999949,387242612,-775162598,62997,28402,0.11000001,0.016907528,0.307,0.42600003,0.47,0.76,74,10,7.2770004,-6.3090005,3.627,0.18,2.6210122,0,nan,0.0,3,1,1,29,0
91796043,1662721404499948,387242327,-775162387,62952,28356,0.112,0.01753951,0.307,0.42600003,0.47,0.76,74,11,7.2920003,-6.306,3.6610003,0.039,2.6153686,0,nan,0.0,3,1,1,29,0
92300354,1662721404999949,387242043,-775162176,62927,28332,0.112,0.018460348,0.30800003,0.42600003,0.47,0.76,74,11,7.254,-6.3,3.5960002,0.081,2.6208189,0,nan,0.0,3,1,1,29,0
92793490,1662721405499948,387241759,-775161969,62878,28282,0.112,0.018557912,0.30900002,0.42600003,0.47,0.76,74,14,7.2060003,-6.249,3.5890002,0.18800001,2.6206632,0,nan,0.0,3,1,1,29,0
93300079,1662721405999949,387241478,-775161765,62803,28208,0.11100001,0.015829962,0.30800003,0.42600003,0.47,0.78,74,14,7.188,-6.261,3.5310001,0.177,2.627622,0,nan,0.0,3,1,1,28,0
93792044,1662721406499947,387241195,-775161564,62711,28116,0.116000004,0.018129433,0.30800003,0.42600003,0.47,0.76,74,11,7.2060003,-6.307,3.4870002,0.13800001,2.633413,0,nan,0.0,3,1,1,29,0
94300043,1662721406999948,387240911,-775161367,62645,28050,0.120000005,0.02036485,0.30900002,0.42700002,0.47,0.77,74,11,7.2130003,-6.3700004,3.384,0.12100001,2.6494293,0,nan,0.0,3,1,1,29,0
94793047,1662721407499947,387240624,-775161177,62581,27986,0.120000005,0.017802533,0.31100002,0.42800003,0.47,0.77,74,12,7.149,-6.4160004,3.153,0.165,2.6761072,0,nan,0.0,3,1,1,29,0
95301189,1662721407999948,387240335,-775160998,62492,27897,0.11100001,0.014809991,0.31,0.42700002,0.47,0.77,74,12,7.142,-6.451,3.065,0.18400002,2.694707,0,nan,0.0,3,1,1,29,0
95793044,1662721408499947,387240044,-775160823,62394,27799,0.116000004,0.018344458,0.30900002,0.42700002,0.47,0.77,74,18,7.1010003,-6.418,3.0370002,0.2,2.699388,0,nan,0.0,3,1,1,29,0
96305046,1662721408999948,387239754,-775160645,62305,27710,0.12200001,0.015034266,0.30900002,0.42600003,0.47,0.77,74,18,7.1900005,-6.4360003,3.2050002,0.19800001,2.6827712,0,nan,0.0,3,1,1,29,0
96795042,1662721409499947,387239465,-775160459,62187,27591,0.11000001,0.017385049,0.30900002,0.42600003,0.47,0.77,74,11,7.1850004,-6.3550005,3.3530002,0.120000005,2.661642,0,nan,0.0,3,1,1,29,0
97303043,1662721409999948,387239179,-775160263,62103,27507,0.109000005,0.017571975,0.30900002,0.42600003,0.47,0.77,74,11,7.2200003,-6.34,3.4540002,0.120000005,2.6437962,0,nan,0.0,3,1,1,29,0
97796043,1662721410499946,387238891,-775160063,62022,27427,0.120000005,0.015222587,0.307,0.42600003,0.47,0.77,74,11,7.2730002,-6.3690004,3.512,0.15200001,2.638658,0,nan,0.0,3,1,1,29,0
98303044,1662721410999947,387238604,-775159864,61953,27357,0.13800001,0.016415695,0.30800003,0.42900002,0.47,0.77,74,11,7.2490005,-6.399,3.4050002,0.132,2.6509097,0,nan,0.0,3,1,1,29,0
98796065,1662721411499946,387238316,-775159673,61870,27275,0.116000004,0.016236624,0.30900002,0.43,0.47,0.77,74,10,7.208,-6.4090004,3.2990003,0.109000005,2.6654906,0,nan,0.0,3,1,1,29,0
99303043,1662721411999947,387238028,-775159484,61791,27195,0.104,0.01654066,0.30800003,0.42900002,0.47,0.77,74,10,7.1650004,-6.3650002,3.2900002,0.17,2.6656702,0,nan,0.0,3,1,1,29,0
99793043,1662721412499946,387237743,-775159290,61714,27119,0.109000005,0.019809486,0.30800003,0.42900002,0.47,0.77,74,12,7.142,-6.235,3.4840002,0.16700001,2.6382337,0,nan,0.0,3,1,1,29,0
100301349,1662721412999947,387237463,-775159087,61612,27016,0.11800001,0.015899077,0.30800003,0.42900002,0.47,0.77,74,12,7.135,-6.2190003,3.499,0.18900001,2.627583,0,nan,0.0,3,1,1,29,0
100793043,1662721413499946,387237185,-775158883,61518,26922,0.13700001,0.01899302,0.30900002,0.43100002,0.47,0.77,74,13,7.1270003,-6.1730003,3.5630002,0.294,2.6190355,0,nan,0.0,3,1,1,29,0
101301043,1662721413999947,387236905,-775158680,61412,26816,0.10300001,0.016554972,0.30900002,0.432,0.47,0.77,74,13,7.1480002,-6.2170005,3.528,0.289,2.6250925,0,nan,0.0,3,1,1,29,0
101794042,1662721414499945,387236625,-775158479,61286,26691,0.108,0.016512735,0.307,0.43,0.47,0.77,74,9,7.162,-6.267,3.466,0.20700002,2.6351068,0,nan,0.0,3,1,1,29,0
102300043,1662721414999946,387236343,-775158278,61179,26584,0.12900001,0.01695692,0.30800003,0.43,0.47,0.77,74,9,7.1830006,-6.28,3.4870002,0.178,2.6348546,0,nan,0.0,3,1,1,29,0
102792044,1662721415499945,387236063,-775158075,61073,26477,0.113000005,0.017583145,0.30800003,0.43100002,0.47,0.77,74,11,7.1860003,-6.2400002,3.5640001,0.26700002,2.6235762,0,nan,0.0,3,1,1,29,0
103299046,1662721415999946,387235783,-775157870,60941,26345,0.109000005,0.016119162,0.30800003,0.43100002,0.47,0.77,74,11,7.1840005,-6.19,3.6460001,0.256,2.612392,0,nan,0.0,3,1,1,29,0
103794445,1662721416499945,387235504,-775157661,60815,26219,0.116000004,0.017316284,0.30800003,0.43100002,0.47,0.77,74,7,7.188,-6.1800003,3.67,0.18800001,2.607523,0,nan,0.0,3,1,1,29,0
104300044,1662721416999946,387235226,-775157446,60690,26095,0.127,0.018127339,0.30800003,0.432,0.47,0.77,74,7,7.274,-6.189,3.8230002,0.14400001,2.5931952,0,nan,0.0,3,1,1,29,0
104792970,1662721417499945,387234946,-775157229,60565,25969,0.105000004,0.015696792,0.30900002,0.432,0.47,0.77,74,12,7.2880006,-6.2070003,3.8190002,0.18300001,2.5927105,0,nan,0.0,3,1,1,29,0
105299044,1662721417999946,387234667,-775157008,60419,25823,0.108,0.01613522,0.30800003,0.43100002,0.47,0.77,74,12,7.327,-6.275,3.782,0.21000001,2.5963764,0,nan,0.0,3,1,1,29,0
105793043,1662721418499944,387234385,-775156790,60319,25724,0.12200001,0.017535321,0.30800003,0.432,0.47,0.77,74,17,7.3120003,-6.28,3.7450001,0.128,2.6013148,0,nan,0.0,3,1,1,29,0
106300044,1662721418999945,387234102,-775156575,60232,25637,0.109000005,0.016251808,0.30800003,0.432,0.47,0.77,74,17,7.3030005,-6.2860003,3.7180002,0.109000005,2.6075265,0,nan,0.0,3,1,1,29,0
106795042,1662721419499944,387233819,-775156364,60135,25539,0.11000001,0.016287586,0.30800003,0.432,0.47,0.77,74,22,7.268,-6.293,3.637,0.109000005,2.6158953,0,nan,0.0,3,1,1,29,0
107300503,1662721419999945,387233536,-775156155,60060,25464,0.132,0.016558636,0.30800003,0.432,0.47,0.77,74,22,7.268,-6.295,3.6330001,0.141,2.61864,0,nan,0.0,3,1,1,29,0
107792045,1662721420499944,387233253,-775155944,59973,25377,0.116000004,0.018777648,0.30900002,0.43300003,0.47,0.77,74,15,7.2450004,-6.2440004,3.6740003,0.18300001,2.609806,0,nan,0.0,3,1,1,29,0
108299899,1662721420999945,387232972,-775155733,59822,25226,0.096,0.015290306,0.30800003,0.432,0.47,0.77,74,15,7.2510004,-6.2310004,3.709,0.316,2.6059554,0,nan,0.0,3,1,1,29,0
108793043,1662721421499944,387232690,-775155520,59683,25088,0.15100001,0.020686863,0.30800003,0.43300003,0.47,0.77,74,11,7.281,-6.2590003,3.719,0.34100002,2.6074505,0,nan,0.0,3,1,1,29,0
109300045,1662721421999944,387232405,-775155313,59532,24936,0.113000005,0.018045308,0.30900002,0.43400002,0.47,0.77,74,11,7.294,-6.3570004,3.5760002,0.32500002,2.6288087,0,nan,0.0,3,1,1,29,0
109793044,1662721422499943,387232113,-775155114,59408,24812,0.104,0.015094829,0.30900002,0.43300003,0.47,0.77,74,13,7.3300004,-6.484,3.4190001,0.21900001,2.6582599,0,nan,0.0,3,2,1,29,0
110301043,1662721422999944,387231819,-775154919,59307,24711,0.12900001,0.015444418,0.307,0.43400002,0.47,0.77,74,13,7.36,-6.5270004,3.4010003,0.21400002,2.6631474,0,nan,0.0,3,2,1,29,0
110793044,1662721423499943,387231526,-775154723,59207,24612,0.136,0.019780165,0.30900002,0.43600002,0.47,0.77,75,12,7.346,-6.4750004,3.4700003,0.11800001,2.651876,0,nan,0.0,3,1,1,29,0
111297043,1662721423999944,387231236,-775154522,59135,24540,0.11100001,0.016658295,0.31,0.437,0.47,0.77,75,12,7.2630005,-6.3500004,3.5260003,0.101,2.6382158,0,nan,0.0,3,1,1,29,0
111791308,1662721424499943,387230949,-775154318,59054,24459,0.11100001,0.016865639,0.30900002,0.43600002,0.47,0.77,75,18,7.2880006,-6.38,3.5230002,0.186,2.636003,0,nan,0.0,3,1,1,29,0
112296525,1662721424999944,387230662,-775154113,58969,24373,0.109000005,0.015992975,0.30900002,0.43500003,0.47,0.77,75,18,7.3230004,-6.379,3.5960002,0.156,2.62985,0,nan,0.0,3,1,1,29,0
112791042,1662721425499943,387230376,-775153906,58891,24295,0.124000005,0.016128937,0.30800003,0.43600002,0.47,0.77,75,15,7.2700005,-6.3320003,3.5720003,0.133,2.6286895,0,nan,0.0,3,1,1,29,0
113296051,1662721425999943,387230090,-775153701,58791,24195,0.117000006,0.0176376,0.30800003,0.43600002,0.47,0.77,75,15,7.3250003,-6.418,3.5300002,0.22500001,2.635651,0,nan,0.0,3,1,1,29,0
113789343,1662721426499942,387229801,-775153497,58698,24102,0.115,0.015536746,0.30800003,0.43600002,0.47,0.77,75,11,7.3510003,-6.4420004,3.5410001,0.15300001,2.6387413,0,nan,0.0,3,1,1,29,0
114296205,1662721426999943,387229511,-775153294,58609,24013,0.11100001,0.017466905,0.30900002,0.43500003,0.47,0.77,75,11,7.347,-6.4160004,3.5800002,0.22000001,2.6349168,0,nan,0.0,3,1,1,29,0
114791042,1662721427499942,387229223,-775153088,58532,23936,0.125,0.016543975,0.30800003,0.43500003,0.47,0.77,75,13,7.38,-6.4270005,3.6280003,0.22200002,2.6304774,0,nan,0.0,3,1,1,29,0
115298242,1662721427999943,387228933,-775152878,58436,23840,0.11800001,0.018337999,0.30900002,0.43600002,0.47,0.77,75,13,7.406,-6.4400005,3.657,0.21200001,2.62608,0,nan,0.0,3,1,1,29,0
115792048,1662721428499942,387228644,-775152670,58341,23745,0.11100001,0.016808743,0.30900002,0.43500003,0.47,0.77,75,21,7.36,-6.4360003,3.571,0.18,2.6344712,0,nan,0.0,3,2,1,29,0
116299045,1662721428999943,387228351,-775152469,58263,23667,0.124000005,0.017110161,0.30900002,0.43600002,0.47,0.77,75,21,7.3820004,-6.5420003,3.4190001,0.16800001,2.6571524,0,nan,0.0,3,2,1,29,0
116795044,1662721429499942,387228057,-775152276,58180,23584,0.11400001,0.01789678,0.30900002,0.43500003,0.47,0.77,75,18,7.359,-6.5620003,3.3290002,0.11400001,2.6719656,0,nan,0.0,3,1,1,29,0
117299043,1662721429999942,387227762,-775152085,58123,23527,0.11400001,0.017284345,0.30900002,0.43500003,0.47,0.77,75,18,7.347,-6.5520005,3.325,0.156,2.671891,0,nan,0.0,3,1,1,29,0
117792060,1662721430499941,387227468,-775151889,58056,23460,0.128,0.015714595,0.30800003,0.43500003,0.47,0.77,75,12,7.314,-6.464,3.423,0.163,2.6548793,0,nan,0.0,3,1,1,29,0
118304044,1662721430999942,387227180,-775151689,57967,23371,0.11000001,0.017863445,0.30800003,0.43500003,0.47,0.77,75,12,7.268,-6.374,3.492,0.238,2.6422377,0,nan,0.0,3,1,1,29,0
118795384,1662721431499941,387226893,-775151487,57878,23282,0.11100001,0.016968789,0.30900002,0.43400002,0.47,0.77,75,11,7.2580004,-6.339,3.5340002,0.21700001,2.6346545,0,nan,0.0,3,1,1,29,0
119299045,1662721431999942,387226606,-775151284,57785,23189,0.13100001,0.016500343,0.30900002,0.43500003,0.47,0.77,75,11,7.3020005,-6.3820004,3.5490003,0.15200001,2.6357827,0,nan,0.0,3,1,1,29,0
119792043,1662721432499941,387226321,-775151082,57712,23116,0.120000005,0.018876085,0.31,0.43800002,0.47,0.77,75,12,7.176,-6.2780004,3.4740002,0.116000004,2.6359754,0,nan,0.0,3,1,1,29,0
120298055,1662721432999942,387226037,-775150884,57670,23074,0.105000004,0.015876213,0.30900002,0.437,0.47,0.77,75,12,7.155,-6.3110003,3.371,0.09900001,2.6480265,0,nan,0.0,3,1,1,29,0
120798774,1662721433499941,387225753,-775150694,57620,23024,0.113000005,0.017357124,0.30900002,0.43500003,0.47,0.77,75,15,7.0390005,-6.255,3.2270002,0.083000004,2.663283,0,nan,0.0,3,1,1,29,0
121302042,1662721433999941,387225470,-775150512,57561,22965,0.12100001,0.019492535,0.30900002,0.43500003,0.47,0.77,75,15,7.0080004,-6.2840004,3.1020002,0.132,2.680218,0,nan,0.0,3,1,1,29,0
121794047,1662721434499940,387225188,-775150332,57511,22915,0.13800001,0.017394649,0.30900002,0.43500003,0.47,0.77,75,10,6.9480004,-6.1910005,3.154,0.23900001,2.675168,0,nan,0.0,3,1,1,29,0
122301059,1662721434999941,387224908,-775150149,57470,22874,0.123,0.018705042,0.31,0.437,0.47,0.77,75,10,6.9400005,-6.1320004,3.249,0.091000006,2.6582093,0,nan,0.0,3,1,1,29,0
122792043,1662721435499940,387224636,-775149959,57446,22850,0.11100001,0.018634181,0.31,0.437,0.47,0.77,75,12,6.8360004,-5.9570003,3.3530002,0.049000002,2.6335285,0,nan,0.0,3,2,1,29,0
123301263,1662721435999941,387224368,-775149768,57424,22828,0.108,0.019126365,0.30900002,0.43600002,0.47,0.77,75,12,6.767,-5.907,3.301,0.039,2.6318643,0,nan,0.0,3,2,1,29,0
123793043,1662721436499940,387224103,-775149579,57372,22776,0.119,0.019222008,0.31,0.43600002,0.47,0.77,74,23,6.6590004,-5.795,3.279,0.192,2.6285844,0,nan,0.0,3,1,1,29,0
124301044,1662721436999941,387223840,-775149391,57320,22724,0.13000001,0.019665321,0.31100002,0.43600002,0.47,0.77,74,23,6.6520004,-5.802,3.2530003,0.128,2.6304944,0,nan,0.0,3,1,1,29,0
124792045,1662721437499939,387223581,-775149207,57257,22661,0.133,0.019083256,0.31100002,0.437,0.47,0.77,74,17,6.544,-5.747,3.13,0.076000005,2.6393583,0,nan,0.0,3,1,1,29,0
125300044,1662721437999940,387223325,-775149030,57276,22680,0.124000005,0.020993866,0.312,0.439,0.47,0.77,74,17,6.374,-5.6130004,3.0200002,-0.054,2.6471386,0,nan,0.0,3,1,1,29,0
125793043,1662721438499939,387223075,-775148858,57272,22676,0.125,0.021564066,0.31300002,0.441,0.47,0.77,74,14,6.2520003,-5.492,2.9880002,-0.026,2.6464283,0,nan,0.0,3,1,1,29,0
126302075,1662721438999940,387222830,-775148686,57269,22673,0.126,0.023269951,0.314,0.44300002,0.47,0.77,74,14,6.1740003,-5.4,2.9940002,-0.003,2.6355069,0,nan,0.0,3,1,1,29,0
126795043,1662721439499939,387222592,-775148514,57252,22655,0.117000006,0.023100827,0.31500003,0.44500002,0.47,0.77,74,14,6.0490003,-5.267,2.9740002,-0.0050000004,2.6277688,0,nan,0.0,3,1,1,29,0
127300078,1662721439999940,387222358,-775148344,57240,22644,0.120000005,0.024086941,0.316,0.446,0.47,0.77,74,14,5.9420004,-5.1670003,2.9350002,-0.001,2.6235769,0,nan,0.0,3,1,1,29,0
127792968,1662721440499939,387222125,-775148178,57230,22634,0.12100001,0.023892859,0.317,0.448,0.47,0.77,74,15,5.8880005,-5.1600003,2.838,0.044000003,2.6347375,0,nan,0.0,3,2,1,29,0
128300043,1662721440999940,387221895,-775148018,57238,22641,0.120000005,0.024228137,0.31800002,0.45000002,0.47,0.77,74,15,5.7450004,-5.0550003,2.7310002,-0.006,2.6451416,0,nan,0.0,3,2,1,29,0
128793435,1662721441499938,387221669,-775147862,57223,22627,0.120000005,0.024669703,0.319,0.45100003,0.47,0.77,74,11,5.675,-5.0210004,2.6450002,0.003,2.652001,0,nan,0.0,3,1,1,29,0
129300042,1662721441999939,387221445,-775147713,57230,22634,0.120000005,0.02596666,0.32000002,0.453,0.47,0.77,74,11,5.5660005,-4.939,2.5670002,-0.022000002,2.660437,0,nan,0.0,3,1,1,29,0
129793044,1662721442499938,387221225,-775147568,57229,22633,0.12100001,0.026564432,0.321,0.45400003,0.47,0.77,74,10,5.4900002,-4.8840003,2.5070002,0.033,2.6647084,0,nan,0.0,3,1,1,29,0
130301074,1662721442999939,387221010,-775147424,57216,22620,0.119,0.027532568,0.32200003,0.45600003,0.47,0.77,74,10,5.3190002,-4.691,2.5070002,-0.016,2.6538715,0,nan,0.0,3,1,1,29,0
130793043,1662721443499938,387220801,-775147280,57206,22609,0.120000005,0.028314998,0.324,0.45700002,0.47,0.77,74,15,5.2390003,-4.623,2.4650002,-0.019000001,2.6494954,0,nan,0.0,3,1,1,29,0
131300046,1662721443999939,387220595,-775147139,57206,22610,0.11800001,0.028075889,0.32500002,0.45800003,0.47,0.77,74,15,5.136,-4.533,2.413,0.025,2.6522303,0,nan,0.0,3,1,1,29,0
131793051,1662721444499938,387220393,-775147001,57190,22593,0.117000006,0.028179036,0.32500002,0.45900002,0.47,0.77,74,12,5.024,-4.4290004,2.3720002,0.007,2.6495438,0,nan,0.0,3,1,1,29,0
132300045,1662721444999939,387220196,-775146867,57182,22586,0.11800001,0.02988754,0.326,0.46,0.47,0.77,74,12,4.9230003,-4.328,2.3460002,-0.019000001,2.6469078,0,nan,0.0,3,1,1,29,0
132793049,1662721445499937,387220002,-775146734,57201,22604,0.11800001,0.02981319,0.326,0.46100003,0.47,0.77,74,11,4.8030005,-4.223,2.288,0.009000001,2.6452549,0,nan,0.0,3,2,1,29,0
133300045,1662721445999938,387219814,-775146605,57209,22612,0.116000004,0.029459411,0.32700002,0.462,0.47,0.77,74,11,4.7070003,-4.142,2.236,-0.062000003,2.646707,0,nan,0.0,3,2,1,29,0
133792092,1662721446499937,387219631,-775146479,57219,22623,0.116000004,0.030742753,0.32700002,0.46300003,0.47,0.77,74,11,4.584,-4.0210004,2.2010002,0.043,2.6413655,0,nan,0.0,3,1,1,29,0
134299042,1662721446999938,387219453,-775146354,57209,22612,0.116000004,0.031664286,0.32700002,0.46300003,0.47,0.77,74,11,4.4880004,-3.9480002,2.135,0.046000004,2.6419268,0,nan,0.0,3,1,1,29,0
134792677,1662721447499937,387219279,-775146233,57201,22604,0.120000005,0.03288654,0.328,0.46400002,0.47,0.77,74,11,4.3710003,-3.8420002,2.084,-0.001,2.6420426,0,nan,0.0,3,1,1,29,0
135298042,1662721447999938,387219109,-775146115,57187,22591,0.12100001,0.03388522,0.328,0.46600002,0.47,0.77,74,11,4.2380004,-3.7270002,2.0180001,-0.043,2.6436625,0,nan,0.0,3,1,1,29,0
135791045,1662721448499937,387218942,-775146003,57174,22578,0.12100001,0.03467236,0.32900003,0.467,0.47,0.77,74,12,4.143,-3.647,1.9650002,-0.055000003,2.6516678,0,nan,0.0,3,1,1,29,0
136297047,1662721448999938,387218778,-775145894,57171,22575,0.12100001,0.035269614,0.32900003,0.467,0.47,0.77,74,12,4.052,-3.5990002,1.8600001,0.006,2.6617277,0,nan,0.0,3,1,1,29,0
136790043,1662721449499936,387218618,-775145790,57169,22572,0.12100001,0.036413327,0.33,0.469,0.47,0.77,74,12,3.9490001,-3.5230002,1.7830001,-0.002,2.6702077,0,nan,0.0,3,1,1,29,0
137296044,1662721449999937,387218461,-775145689,57171,22575,0.12100001,0.03693553,0.33,0.469,0.47,0.77,74,12,3.897,-3.4940002,1.725,-0.044000003,2.6781821,0,nan,0.0,3,1,1,29,0
137790934,1662721450499936,387218308,-775145594,57162,22565,0.12200001,0.038307358,0.33100003,0.47000003,0.47,0.77,74,9,3.7330003,-3.367,1.613,-0.030000001,2.693003,0,nan,0.0,3,2,1,29,0
138296043,1662721450999937,387218157,-775145503,57164,22567,0.126,0.03971008,0.33200002,0.47100002,0.47,0.77,74,9,3.663,-3.344,1.4940001,0.055000003,2.711166,0,nan,0.0,3,2,1,29,0
138790200,1662721451499936,387218008,-775145421,57167,22570,0.127,0.04257853,0.33400002,0.47300002,0.47,0.77,74,13,3.5670002,-3.2860003,1.3870001,0.046000004,2.7356584,0,nan,0.0,3,1,1,29,0
139298044,1662721451999937,387217862,-775145342,57164,22567,0.128,0.0436992,0.335,0.47400004,0.47,0.77,74,13,3.5140002,-3.229,1.3850001,-0.020000001,2.736685,0,nan,0.0,3,1,1,29,0
139792205,1662721452499936,387217720,-775145266,57167,22571,0.12900001,0.04505358,0.337,0.476,0.47,0.77,73,11,3.397,-3.127,1.3260001,-0.066,2.7383442,0,nan,0.0,3,1,1,29,0
140300042,1662721452999936,387217584,-775145193,57178,22581,0.126,0.047037147,0.33800003,0.47700003,0.47,0.77,73,11,3.2470002,-2.993,1.2590001,-0.036000002,2.7391145,0,nan,0.0,3,1,1,29,0
140793454,1662721453499935,387217453,-775145123,57185,22589,0.123,0.046908338,0.33900002,0.47800002,0.47,0.77,73,13,3.127,-2.8600001,1.263,-0.032,2.7332962,0,nan,0.0,3,1,1,29,0
141300041,1662721453999936,387217328,-775145054,57205,22609,0.12200001,0.042634204,0.33900002,0.47700003,0.47,0.77,73,13,3.016,-2.759,1.2190001,-0.027,2.7267642,0,nan,0.0,3,1,1,29,0
141792044,1662721454499935,387217208,-775144984,57207,22610,0.11800001,0.04222248,0.33800003,0.47700003,0.47,0.77,73,14,2.9220002,-2.6550002,1.222,0.035,2.7090702,0,nan,0.0,3,1,1,29,0
142299043,1662721454999936,387217091,-775144914,57210,22614,0.115,0.043251872,0.335,0.47500002,0.47,0.77,73,14,2.825,-2.5410001,1.233,-0.004,2.69134,0,nan,0.0,3,1,1,29,0
142793056,1662721455499935,387216978,-775144843,57216,22619,0.11400001,0.04196522,0.333,0.47300002,0.47,0.77,73,21,2.7540002,-2.4620001,1.235,0.052,2.680412,0,nan,0.0,3,1,1,29,0
143299155,1662721455999936,387216867,-775144774,57225,22628,0.11000001,0.04194794,0.33,0.47100002,0.47,0.77,73,21,2.713,-2.4160001,1.2340001,0.033,2.682013,0,nan,0.0,3,1,1,29,0
143792046,1662721456499935,387216760,-775144705,57241,22644,0.11100001,0.043071933,0.328,0.47000003,0.47,0.77,73,16,2.6290002,-2.3590002,1.1620001,-0.011000001,2.6814003,0,nan,0.0,3,1,1,29,0
144299042,1662721456999935,387216656,-775144639,57274,22678,0.11100001,0.043098286,0.32500002,0.46800002,0.47,0.77,73,16,2.572,-2.279,1.1930001,-0.033,2.6692152,0,nan,0.0,3,1,1,29,0
144792042,1662721457499934,387216554,-775144575,57295,22698,0.11100001,0.044298027,0.32200003,0.467,0.47,0.77,73,11,2.469,-2.22,1.08,0.016,2.682189,0,nan,0.0,3,1,1,29,0
145299042,1662721457999935,387216454,-775144514,57335,22738,0.11000001,0.044571172,0.32000002,0.46600002,0.48999998,0.82,73,11,2.4320002,-2.184,1.07,0.012,2.682949,0,nan,0.0,3,1,1,28,0
145792043,1662721458499934,387216358,-775144456,57370,22773,0.11800001,0.04963245,0.31800002,0.46400002,0.48999998,0.82,73,15,2.318,-2.1060002,0.96900004,-0.040000003,2.700636,0,nan,0.0,3,1,1,28,0
146298091,1662721458999935,387216264,-775144402,57418,22822,0.115,0.050711762,0.316,0.46300003,0.48999998,0.82,73,15,2.278,-2.0570002,0.97900003,-0.030000001,2.6941364,0,nan,0.0,3,1,1,28,0
146792042,1662721459499934,387216173,-775144350,57450,22853,0.117000006,0.0523789,0.31500003,0.46300003,0.48999998,0.82,73,14,2.184,-2.0,0.87600005,-0.030000001,2.7165818,0,nan,0.0,3,1,1,28,0
147299043,1662721459999935,387216086,-775144299,57474,22877,0.11800001,0.055657152,0.314,0.462,0.48999998,0.82,73,14,2.128,-1.9080001,0.94100004,-0.028,2.6889443,0,nan,0.0,3,1,1,28,0
147792042,1662721460499934,387216002,-775144250,57503,22906,0.116000004,0.05695742,0.31300002,0.462,0.48999998,0.82,73,13,2.046,-1.8440001,0.887,0.020000001,2.6967278,0,nan,0.0,3,1,1,28,0
148299044,1662721460999934,387215922,-775144202,57517,22920,0.11800001,0.05880189,0.312,0.462,0.48999998,0.82,73,13,1.9660001,-1.7770001,0.841,-0.009000001,2.6955724,0,nan,0.0,3,1,1,28,0
148791057,1662721461499933,387215845,-775144156,57526,22930,0.116000004,0.06324095,0.312,0.46100003,0.48999998,0.82,73,4,1.853,-1.6520001,0.83900005,0.041,2.6832018,0,nan,0.0,3,1,1,28,0
149299042,1662721461999934,387215770,-775144111,57545,22949,0.11400001,0.060504626,0.31,0.46100003,0.48999998,0.82,73,4,1.7670001,-1.5870001,0.777,0.024,2.6861615,0,nan,0.0,3,1,1,28,0
149792621,1662721462499933,387215698,-775144067,57575,22978,0.120000005,0.0626718,0.30900002,0.46,0.48999998,0.82,73,13,1.7570001,-1.5690001,0.791,-0.026,2.6774473,0,nan,0.0,3,1,1,28,0
150302355,1662721462999934,387215629,-775144024,57589,22992,0.113000005,0.066079736,0.30800003,0.45900002,0.48999998,0.82,73,13,1.667,-1.483,0.76000005,-0.042000003,2.6787355,0,nan,0.0,3,1,1,28,0
150792099,1662721463499933,387215563,-775143981,57610,23014,0.115,0.067969926,0.307,0.45900002,0.48999998,0.82,73,21,1.616,-1.4480001,0.71800005,0.001,2.6731153,0,nan,0.0,3,1,1,28,0
151300041,1662721463999934,387215500,-775143941,57625,23028,0.11400001,0.07563681,0.30600002,0.45900002,0.48999998,0.82,73,21,1.536,-1.345,0.74,-0.011000001,2.6543887,0,nan,0.0,3,1,1,28,0
151793042,1662721464499933,387215440,-775143900,57635,23039,0.112,0.07528617,0.305,0.45800003,0.48999998,0.82,73,11,1.488,-1.32,0.68700004,0.012,2.6602068,0,nan,0.0,3,1,1,28,0
152299044,1662721464999933,387215382,-775143860,57644,23047,0.115,0.07679902,0.305,0.45800003,0.48999998,0.82,73,11,1.4640001,-1.2980001,0.679,0.022000002,2.650649,0,nan,0.0,3,1,1,28,0
152793044,1662721465499932,387215326,-775143821,57650,23053,0.11000001,0.08194827,0.30400002,0.45700002,0.48999998,0.82,73,8,1.3770001,-1.2,0.674,0.006,2.644147,0,nan,0.0,3,1,1,28,0
153300755,1662721465999933,387215273,-775143784,57662,23065,0.112,0.08975215,0.303,0.45700002,0.48999998,0.82,73,8,1.2880001,-1.121,0.63600004,-0.048,2.64012,0,nan,0.0,3,1,1,28,0
153792067,1662721466499932,387215225,-775143749,57674,23077,0.112,0.09721222,0.303,0.45700002,0.48999998,0.82,73,11,1.1650001,-1.039,0.52500004,-0.026,2.6578612,0,nan,0.0,3,1,1,28,0
154300128,1662721466999933,387215181,-775143721,57696,23099,0.112,0.113028735,0.30200002,0.45600003,0.48999998,0.82,73,11,1.008,-0.892,0.47000003,0.05,2.6719868,0,nan,0.0,3,1,1,28,0
154792043,1662721467499932,387215140,-775143697,57731,23135,0.117000006,0.123127565,0.30100003,0.45600003,0.48999998,0.82,73,12,0.929,-0.85600007,0.36200002,0.026,2.7242548,0,nan,0.0,3,1,1,28,0
155299044,1662721467999933,387215106,-775143675,57769,23172,0.116000004,0.15146421,0.30100003,0.455,0.48999998,0.82,73,12,0.772,-0.69600004,0.33400002,0.015000001,2.6777883,0,nan,0.0,3,1,1,28,0
155794043,1662721468499931,387215074,-775143659,57808,23211,0.124000005,0.16954285,0.30200002,0.455,0.48999998,0.82,73,10,0.69100004,-0.63100004,0.28100002,0.022000002,2.7098513,0,nan,0.0,3,1,1,28,0
156301142,1662721468999932,387215048,-775143646,57841,23245,0.123,0.19011521,0.30200002,0.455,0.48999998,0.82,73,10,0.6,-0.55600005,0.22500001,0.030000001,2.7289011,0,nan,0.0,3,1,1,28,0
156791351,1662721469499931,387215024,-775143634,57875,23279,0.123,0.23991889,0.30200002,0.45400003,0.48999998,0.82,73,11,0.503,-0.44300002,0.238,-0.019000001,2.6786108,0,nan,0.0,3,1,1,28,0
157299058,1662721469999932,387215006,-775143626,57891,23294,0.126,0.29573187,0.303,0.45400003,0.48999998,0.82,73,11,0.38200003,-0.36200002,0.124000005,-0.045,2.7757769,0,nan,0.0,3,1,1,28,0
157792074,1662721470499931,387214991,-775143621,57899,23302,0.120000005,0.39333874,0.30200002,0.453,0.48999998,0.82,73,22,0.289,-0.26700002,0.113000005,-0.025,2.7334878,0,nan,0.0,3,1,1,28,0
158299042,1662721470999932,387214980,-775143619,57911,23314,0.11400001,0.58673555,0.30200002,0.453,0.48999998,0.82,73,22,0.201,-0.18,0.089,0.004,2.7110088,0,nan,0.0,3,1,1,28,0
158793044,1662721471499931,387214973,-775143617,57919,23322,0.117000006,0.71866107,0.30200002,0.45200002,0.48999998,0.82,73,10,0.115,-0.096,0.063,-0.012,2.8148293,0,nan,0.0,3,1,1,28,0
159301043,1662721471999932,387214970,-775143618,57915,23318,0.17400001,0.7186763,0.303,0.45200002,0.48999998,0.82,73,10,0.030000001,0.029000001,0.009000001,0.07700001,2.8148293,0,nan,0.0,3,1,1,28,0
159792159,1662721472499930,387214970,-775143620,57926,23329,0.171,0.71869093,0.303,0.45200002,0.48999998,0.82,73,13,0.026,0.026,0.0,0.039,2.8148293,0,nan,0.0,3,1,1,28,0
160297321,1662721472999931,387214970,-775143623,57931,23334,0.16700001,0.7187033,0.30400002,0.45100003,0.48999998,0.82,73,13,0.013,-0.009000001,0.008,-0.046000004,2.8148293,0,nan,0.0,3,1,1,28,0
160790047,1662721473499930,387214969,-775143624,57934,23338,0.172,0.71871763,0.30400002,0.45100003,0.48999998,0.82,73,13,0.023000002,-0.022000002,-0.003,-0.045,2.8148293,0,nan,0.0,3,1,1,28,0
161296044,1662721473999931,387214969,-775143625,57944,23348,0.156,0.71873194,0.30400002,0.45100003,0.48999998,0.82,73,13,0.020000001,0.020000001,0.001,-0.053000003,2.8148293,0,nan,0.0,3,1,1,28,0
161789044,1662721474499930,387214968,-775143626,57962,23365,0.13700001,0.71874595,0.30400002,0.45000002,0.48999998,0.82,73,13,0.029000001,-0.017,0.024,-0.025,2.8148293,0,nan,0.0,3,1,1,28,0
162296248,1662721474999931,387214967,-775143627,57973,23377,0.16600001,0.7187613,0.30400002,0.45000002,0.48999998,0.82,73,13,0.020000001,0.006,-0.019000001,-0.081,2.8148293,0,nan,0.0,3,1,1,28,0
162789047,1662721475499930,387214966,-775143629,57985,23389,0.120000005,0.718774,0.30400002,0.44900003,0.48999998,0.82,73,15,0.019000001,0.010000001,0.016,-0.0050000004,2.8148293,0,nan,0.0,3,1,1,28,0
163296043,1662721475999931,387214965,-775143631,58000,23403,0.16900001,0.71878886,0.30400002,0.448,0.48999998,0.82,73,15,0.021000002,0.016,0.014,0.028,2.8148293,0,nan,0.0,3,1,1,28,0
163789043,1662721476499929,387214964,-775143632,58001,23404,0.164,0.7188035,0.303,0.448,0.48999998,0.82,73,14,0.018000001,-0.002,0.018000001,0.046000004,2.8148293,0,nan,0.0,3,1,1,28,0
164297043,1662721476999930,387214964,-775143633,58007,23410,0.125,0.7188163,0.303,0.448,0.48999998,0.82,73,14,0.025,-0.015000001,-0.020000001,0.011000001,2.8148293,0,nan,0.0,3,1,1,28,0
164790053,1662721477499929,387214963,-775143635,58007,23410,0.13800001,0.7188288,0.303,0.44700003,0.48999998,0.82,73,19,0.031000001,-0.031000001,-0.004,0.038000003,2.8148293,0,nan,0.0,3,1,1,28,0
165297058,1662721477999930,387214962,-775143637,58019,23422,0.126,0.7188429,0.303,0.446,0.48999998,0.82,73,19,0.013,0.002,-0.013,0.011000001,2.8148293,0,nan,0.0,3,1,1,28,0
165791046,1662721478499929,387214961,-775143639,58030,23434,0.141,0.7188555,0.30200002,0.44500002,0.48999998,0.82,73,19,0.029000001,-0.002,-0.029000001,-0.028,2.8148293,0,nan,0.0,3,1,1,28,0
166298043,1662721478999930,387214960,-775143640,58023,23427,0.13900001,0.71886915,0.30100003,0.44300002,0.48999998,0.82,73,19,0.024,-0.013,0.021000002,0.032,2.8148293,0,nan,0.0,3,1,1,28,0
166791318,1662721479499929,387214959,-775143642,58036,23439,0.16700001,0.718883,0.30100003,0.44200003,0.48999998,0.82,73,13,0.006,0.001,0.006,0.016,2.8148293,0,nan,0.0,3,1,1,28,0
167298046,1662721479999930,387214959,-775143643,58034,23437,0.141,0.7188967,0.3,0.44200003,0.48999998,0.82,73,13,0.030000001,-0.013,-0.027,0.041,2.8148293,0,nan,0.0,3,1,1,28,0
167791044,1662721480499928,387214959,-775143644,58027,23431,0.162,0.71890914,0.3,0.44200003,0.48999998,0.82,73,12,0.013,-0.013,0.003,-0.016,2.8148293,0,nan,0.0,3,1,1,28,0
168298044,1662721480999929,387214958,-775143646,58030,23433,0.149,0.7189224,0.3,0.44200003,0.48999998,0.82,73,12,0.027,0.0050000004,-0.027,-0.037,2.8148293,0,nan,0.0,3,1,1,28,0
168791043,1662721481499928,387214958,-775143646,58006,23410,0.149,0.71893513,0.3,0.44200003,0.48999998,0.82,73,14,0.015000001,-0.013,0.007,0.028,2.8148293,0,nan,0.0,3,1,1,28,0
169297067,1662721481999929,387214957,-775143647,57998,23402,0.14600001,0.7189496,0.30100003,0.44200003,0.48999998,0.82,73,14,0.027,0.022000002,-0.016,0.024,2.8148293,0,nan,0.0,3,1,1,28,0
169795300,1662721482499928,387214957,-775143647,57986,23389,0.123,0.71896255,0.30100003,0.44200003,0.48999998,0.82,73,11,0.028,-0.008,0.027,0.019000001,2.8148293,0,nan,0.0,3,1,1,28,0
170299042,1662721482999929,387214957,-775143646,57982,23385,0.15200001,0.71897405,0.3,0.441,0.48999998,0.82,73,11,0.016,0.003,0.015000001,-0.034,2.8148293,0,nan,0.0,3,1,1,28,0
170792048,1662721483499928,387214957,-775143645,57979,23383,0.11000001,0.71898663,0.3,0.441,0.48999998,0.82,73,19,0.020000001,0.0,0.020000001,0.0050000004,2.8148293,0,nan,0.0,3,1,1,28,0
171300161,1662721483999928,387214957,-775143644,57980,23383,0.115,0.7189999,0.3,0.441,0.48999998,0.82,73,19,0.023000002,-0.010000001,-0.021000002,0.001,2.8148293,0,nan,0.0,3,1,1,28,0
171792042,1662721484499927,387214958,-775143644,57977,23381,0.158,0.7190135,0.29900002,0.441,0.48999998,0.82,73,8,0.009000001,-0.008,0.0050000004,0.043,2.8148293,0,nan,0.0,3,1,1,28,0
172299156,1662721484999928,387214958,-775143643,57969,23372,0.163,0.71902835,0.29900002,0.441,0.48999998,0.82,73,8,0.006,0.006,0.003,-0.089,2.8148293,0,nan,0.0,3,1,1,28,0
172791044,1662721485499927,387214959,-775143642,57973,23376,0.132,0.7190425,0.29900002,0.44000003,0.48999998,0.82,73,14,0.044000003,-0.044000003,0.002,-0.003,2.8148293,0,nan,0.0,3,1,1,28,0
173298043,1662721485999928,387214960,-775143642,57982,23386,0.156,0.71905696,0.29900002,0.44000003,0.48999998,0.82,73,14,0.0050000004,-0.004,-0.004,0.031000001,2.8148293,0,nan,0.0,3,1,1,28,0
173793046,1662721486499927,387214960,-775143642,57972,23376,0.147,0.71907145,0.29900002,0.44000003,0.48999998,0.82,73,18,0.026,0.026,-0.002,-0.044000003,2.8148293,0,nan,0.0,3,2,1,28,0
174299042,1662721486999928,387214960,-775143642,57977,23380,0.135,0.7190842,0.29900002,0.44000003,0.48999998,0.82,73,18,0.030000001,-0.003,-0.030000001,-0.021000002,2.8148293,0,nan,0.0,3,2,1,28,0
174790043,1662721487499927,387214960,-775143643,57970,23374,0.123,0.7190985,0.29900002,0.44000003,0.48999998,0.82,73,13,0.007,0.007,-0.002,-0.0050000004,2.8148293,0,nan,0.0,3,1,1,28,0
175297045,1662721487999927,387214960,-775143643,57972,23376,0.16600001,0.7191132,0.29900002,0.44000003,0.48999998,0.82,73,13,0.013,0.007,0.011000001,0.021000002,2.8148293,0,nan,0.0,3,1,1,28,0
175791289,1662721488499926,387214960,-775143642,57973,23377,0.16000001,0.7191282,0.29900002,0.44000003,0.48999998,0.82,73,11,0.027,-0.014,-0.023000002,-0.028,2.8148293,0,nan,0.0,3,1,1,28,0
176297045,1662721488999927,387214960,-775143643,57975,23378,0.123,0.71914136,0.29900002,0.44000003,0.48999998,0.82,73,11,0.019000001,-0.0050000004,-0.019000001,0.013,2.8148293,0,nan,0.0,3,1,1,28,0
176791045,1662721489499926,387214960,-775143643,57960,23363,0.13000001,0.71915454,0.3,0.44000003,0.48999998,0.82,73,13,0.043,-0.035,-0.025,0.025,2.8148293,0,nan,0.0,3,1,1,28,0
177298042,1662721489999927,387214960,-775143643,57941,23344,0.15400001,0.71916866,0.3,0.44000003,0.48999998,0.82,73,13,0.008,-0.008,0.001,-0.007,2.8148293,0,nan,0.0,3,1,1,28,0
177791043,1662721490499926,387214960,-775143643,57920,23323,0.15100001,0.71918225,0.3,0.44000003,0.48999998,0.82,73,12,0.021000002,-0.017,0.013,0.043,2.8148293,0,nan,0.0,3,1,1,28,0
178298048,1662721490999927,387214961,-775143642,57892,23296,0.16000001,0.7191964,0.30100003,0.441,0.48999998,0.82,73,12,0.018000001,0.002,-0.017,0.057000004,2.8148293,0,nan,0.0,3,1,1,28,0
178791048,1662721491499926,387214961,-775143642,57874,23277,0.108,0.7192097,0.30100003,0.441,0.48999998,0.82,73,12,0.027,0.020000001,-0.019000001,0.004,2.8148293,0,nan,0.0,3,1,1,28,0
179297043,1662721491999926,387214960,-775143643,57857,23260,0.141,0.7192237,0.30200002,0.441,0.48999998,0.82,73,12,0.029000001,0.029000001,-0.003,-0.038000003,2.8148293,0,nan,0.0,3,1,1,28,0
179791042,1662721492499925,387214960,-775143643,57854,23257,0.165,0.71923757,0.30200002,0.441,0.48999998,0.82,73,11,0.010000001,0.0,0.010000001,0.040000003,2.8148293,0,nan,0.0,3,1,1,28,0
180297044,1662721492999926,387214959,-775143645,57847,23250,0.16700001,0.71925294,0.30200002,0.44000003,0.48999998,0.82,73,11,0.019000001,-0.017,-0.008,-0.019000001,2.8148293,0,nan,0.0,3,1,1,28,0
180791044,1662721493499925,387214958,-775143645,57850,23253,0.15900001,0.7192681,0.30200002,0.44000003,0.48999998,0.82,73,11,0.011000001,0.0,0.011000001,-0.035,2.8148293,0,nan,0.0,3,1,1,28,0
181298043,1662721493999926,387214958,-775143645,57864,23267,0.16600001,0.71928155,0.30200002,0.44000003,0.48999998,0.82,73,11,0.010000001,-0.006,0.008,-0.047000002,2.8148293,0,nan,0.0,3,1,1,28,0
181791251,1662721494499925,387214958,-775143645,57871,23274,0.149,0.7192957,0.303,0.44000003,0.48999998,0.82,73,11,0.026,0.025,-0.008,-0.052,2.8148293,0,nan,0.0,3,1,1,28,0
182299042,1662721494999926,387214958,-775143646,57882,23285,0.109000005,0.719309,0.303,0.44000003,0.48999998,0.82,73,11,0.024,-0.003,-0.024,0.006,2.8148293,0,nan,0.0,3,1,1,28,0
182793042,1662721495499925,387214957,-775143646,57887,23290,0.115,0.7193228,0.303,0.439,0.48999998,0.82,73,13,0.023000002,-0.004,-0.022000002,-0.003,2.8148293,0,nan,0.0,3,1,1,28,0
183299066,1662721495999925,387214957,-775143647,57877,23281,0.149,0.71933794,0.30400002,0.439,0.48,0.82,73,13,0.026,-0.026,-0.002,0.047000002,2.8148293,0,nan,0.0,3,1,1,29,0
183791043,1662721496499924,387214957,-775143647,57857,23261,0.143,0.71935195,0.30400002,0.439,0.48,0.82,73,12,0.023000002,-0.017,-0.015000001,0.032,2.8148293,0,nan,0.0,3,1,1,29,0
184307044,1662721496999925,387214958,-775143648,57844,23247,0.16900001,0.71936655,0.30400002,0.439,0.48,0.82,73,12,0.0050000004,0.004,-0.003,0.026,2.8148293,0,nan,0.0,3,1,1,29,0
184791121,1662721497499924,387214958,-775143647,57823,23227,0.125,0.71937996,0.30400002,0.439,0.48,0.82,73,11,0.028,-0.016,-0.023000002,0.006,2.8148293,0,nan,0.0,3,1,1,29,0
185296043,1662721497999925,387214959,-775143646,57832,23235,0.163,0.7193947,0.305,0.439,0.48,0.82,73,11,0.021000002,-0.016,0.014,-0.044000003,2.8148293,0,nan,0.0,3,1,1,29,0
185789043,1662721498499924,387214959,-775143646,57835,23238,0.156,0.71941054,0.305,0.439,0.48,0.82,73,15,0.027,0.009000001,-0.025,-0.051000003,2.8148293,0,nan,0.0,3,1,1,29,0
186292857,1662721498999925,387214959,-775143646,57834,23238,0.16700001,0.71942437,0.305,0.439,0.48,0.82,73,15,0.017,-0.014,0.010000001,-0.066,2.8148293,0,nan,0.0,3,1,1,29,0
186788044,1662721499499923,387214959,-775143645,57825,23229,0.16900001,0.7194392,0.305,0.439,0.48,0.82,73,15,0.012,0.011000001,-0.001,0.045,2.8148293,0,nan,0.0,3,1,1,29,0
187297308,1662721499999924,387214959,-775143644,57829,23233,0.16700001,0.7194549,0.305,0.439,0.48,0.82,73,15,0.011000001,0.002,0.011000001,0.033,2.8148293,0,nan,0.0,3,1,1,29,0
187789084,1662721500499923,387214959,-775143643,57821,23225,0.13000001,0.7194668,0.30600002,0.439,0.48,0.82,73,21,0.020000001,-0.016,0.013,0.020000001,2.8148293,0,nan,0.0,3,1,1,29,0
188295057,1662721500999924,387214959,-775143643,57816,23220,0.15900001,0.7194802,0.30600002,0.439,0.48,0.82,73,21,0.015000001,0.008,0.013,-0.053000003,2.8148293,0,nan,0.0,3,1,1,29,0
188789043,1662721501499923,387214960,-775143642,57812,23216,0.157,0.7194948,0.30600002,0.439,0.48,0.82,73,11,0.018000001,-0.010000001,-0.016,-0.015000001,2.8148293,0,nan,0.0,3,2,1,29,0
189297046,1662721501999924,387214960,-775143640,57802,23205,0.15,0.71950865,0.307,0.439,0.48,0.82,73,11,0.046000004,0.046000004,0.006,0.015000001,2.8148293,0,nan,0.0,3,2,1,29,0
189791061,1662721502499923,387214960,-775143639,57793,23197,0.13700001,0.7195228,0.307,0.439,0.48,0.82,73,12,0.024,-0.022000002,0.008,-0.009000001,2.8148293,0,nan,0.0,3,1,1,29,0
190299044,1662721502999924,387214960,-775143639,57784,23188,0.165,0.7195357,0.307,0.439,0.48,0.82,73,12,0.016,-0.015000001,0.006,-0.033,2.8148293,0,nan,0.0,3,1,1,29,0
