timestamp,timestamp_sample,device_id,x,y,z,temperature,error_count,clip_counter[0],clip_counter[1],clip_counter[2],samples
540140292,540140088,2490378,-1.2303205,0.8187272,-9.466883,39.06401,0,0,0,0,20
541135746,541135548,2490378,-1.3073539,0.8093599,-9.782109,39.184784,0,0,0,0,20
542138673,542138475,2490378,-1.3708003,0.8000225,-9.796954,39.181763,0,0,0,0,20
543139125,543138913,2490378,-1.3220782,0.81594396,-9.7706175,39.15459,0,0,0,0,20
544139545,544139351,2490378,-1.3138182,0.82516164,-9.782109,39.136475,0,0,0,0,20
545137497,545137301,2490378,-1.2211626,0.76937675,-9.838373,39.127415,0,0,0,0,20
546137939,546137740,2490378,-1.4289793,0.875799,-9.95964,39.181763,0,0,0,0,20
547138376,547138178,2490378,-1.3475465,0.7984962,-9.705316,39.211956,0,0,0,0,20
548136323,548136129,2490378,-1.2435484,0.7429208,-9.87285,39.224033,0,0,0,0,20
549136764,549136568,2490378,-1.3800179,0.8449138,-9.792884,39.190823,0,0,0,0,20
550139706,550139496,2490378,-1.3486538,0.801459,-9.79839,39.248188,0,0,0,0,20
551140135,551139936,2490378,-1.387829,0.75821376,-9.7855215,39.211956,0,0,0,0,20
552138081,552137887,2490378,-1.3431472,0.80684596,-9.851302,39.148552,0,0,0,0,20
553138520,553138327,2490378,-1.3495517,0.8187272,-9.747693,39.178745,0,0,0,0,20
554138965,554138767,2490378,-1.3284228,0.866701,-9.768822,39.217995,0,0,0,0,20
555136919,555136719,2490378,-1.3414712,0.81878704,-9.758976,39.302536,0,0,0,0,20
556137359,556137160,2490378,-1.3425187,0.7641095,-9.779716,39.266304,0,0,0,0,20
557137800,557137601,2490378,-1.3826514,0.80517006,-9.907566,39.190823,0,0,0,0,20
558140724,558140531,2490378,-1.3591883,0.8121132,-9.873569,39.254227,0,0,0,0,20
559136200,559135995,2490378,-1.3381194,0.7687482,-9.742396,39.19988,0,0,0,0,20
560139121,560138925,2490378,-1.3686454,0.82276744,-9.819459,39.308575,0,0,0,0,20
561139562,561139366,2490378,-1.3608643,0.8379706,-9.773491,39.172707,0,0,0,0,20
562137514,562137320,2490378,-1.3299491,0.8264485,-9.730335,39.254227,0,0,0,0,20
563137957,563137762,2490378,-1.3763069,0.8101979,-9.74907,39.371983,0,0,0,0,20
564138398,564138204,2490378,-1.2996924,0.7570466,-9.823889,39.266304,0,0,0,0,20
565138839,565138646,2490378,-1.2794614,0.8593987,-9.913911,39.275364,0,0,0,0,20
566136805,566136600,2490378,-1.3804668,0.8761581,-9.685683,39.25121,0,0,0,0,20
567137239,567137043,2490378,-1.3424289,0.7800309,-9.917023,39.233093,0,0,0,0,20
568140188,568139974,2490378,-1.2995727,0.81522566,-9.799587,39.281403,0,0,0,0,20
569135637,569135439,2490378,-1.3669695,0.81953526,-9.9790325,39.33575,0,0,0,0,20
570138567,570138370,2490378,-1.3581109,0.818817,-9.73267,39.254227,0,0,0,0,20
571139010,571138813,2490378,-1.3749901,0.8593987,-9.787257,39.190823,0,0,0,0,20
572136960,572136767,2490378,-1.3687651,0.7882909,-9.8133545,39.28442,0,0,0,0,20
573137405,573137210,2490378,-1.4349648,0.8498219,-10.242275,39.24517,0,0,0,0,20
574137849,574137653,2490378,-1.3263878,0.25893292,-9.882906,39.320652,0,0,0,0,20
575138288,575138095,2490378,-1.3035232,0.08499416,-9.844718,39.184784,0,0,0,0,20
576136250,576136049,2490378,-1.3122619,0.3037045,-10.489357,39.19988,0,0,0,0,20
577136695,577136493,2490378,-1.3059772,0.11019313,-9.697056,39.33575,0,0,0,0,20
578139620,578139423,2490378,-1.3084313,0.076614454,-9.8929615,39.275364,0,0,0,0,20
579140060,579139865,2490378,-1.2889185,0.10462662,-9.791686,39.25121,0,0,0,0,20
580138017,580137818,2490378,-1.2751518,0.08559271,-9.854295,39.25121,0,0,0,0,20
581138463,581138260,2490378,-1.3309368,0.1045069,-9.84807,39.175724,0,0,0,0,20
582138899,582138702,2490378,-1.3412318,0.34368765,-9.343492,39.224033,0,0,0,0,20
583136850,583136656,2490378,-1.2611457,0.10414778,-9.800784,39.1878,0,0,0,0,20
584137288,584137096,2490378,-1.2489353,0.034117375,-9.877878,39.11836,0,0,0,0,20
585137731,585137537,2490378,-1.3779829,0.12425907,-9.843042,39.130436,0,0,0,0,20
586140690,586140466,2490378,-1.3843274,0.09696517,-9.7991085,39.248188,0,0,0,0,20
587136129,587135929,2490378,-1.3897144,0.09804256,-9.834064,39.190823,0,0,0,0,20
588139051,588138858,2490378,-1.3978547,0.1186327,-9.819459,39.28744,0,0,0,0,20
589139492,589139298,2490378,-1.3535919,0.104866035,-9.691489,39.139492,0,0,0,0,20
590137444,590137248,2490378,-1.3460202,0.0676362,-9.784863,39.1093,0,0,0,0,20
591137887,591137687,2490378,-1.4454993,0.13575123,-9.8773985,39.166668,0,0,0,0,20
592138325,592138126,2490378,-1.4093468,0.18351556,-9.656893,39.133453,0,0,0,0,20
593138764,593138564,2490378,-1.5029601,-0.50984526,-9.697116,39.142513,0,0,0,0,20
594136708,594136514,2490378,-1.538514,-0.021547815,-9.815149,39.136475,0,0,0,0,20
595137168,595136951,2490378,-1.5247474,-0.048961427,-9.826642,39.11836,0,0,0,0,20
596140078,596139876,2490378,-1.4821305,-0.011013328,-9.872371,39.11836,0,0,0,0,20
597138020,597137824,2490378,-1.4812926,-0.006584055,-9.910319,39.100243,0,0,0,0,20
598138452,598138260,2490378,-1.5001769,0.0030526072,-9.728958,39.094204,0,0,0,0,20
599138889,599138695,2490378,-1.4581885,0.019393034,-9.801263,39.079105,0,0,0,0,20
600139322,600139130,2490378,-1.4571111,0.026426002,-9.709117,38.982487,0,0,0,0,20
601137276,601137076,2490378,-1.4399927,0.030286651,-9.893201,38.976448,0,0,0,0,20
602137706,602137510,2490378,-1.417966,0.014963761,-9.818262,39.01872,0,0,0,0,20
603138145,603137944,2490378,-1.4549265,-0.09226655,-9.695709,38.91606,0,0,0,0,20
604136124,604135888,2490378,-1.5379155,-0.2826355,-10.341874,38.952293,0,0,0,0,20
605139006,605138809,2490378,-1.6087838,-0.084635034,-10.380061,38.903984,0,0,0,0,20
606139438,606139241,2490378,-1.3202826,-0.048692077,-9.58366,38.870773,0,0,0,0,20
607137375,607137183,2490378,-1.3094788,-0.07924808,-9.45165,38.879833,0,0,0,0,20
608137810,608137614,2490378,-1.4214376,0.0028730421,-9.755175,38.919083,0,0,0,0,20
609138237,609138044,2490378,-1.4531608,0.11097125,-10.160992,38.8436,0,0,0,0,20
610138667,610138474,2490378,-1.4686034,0.05530606,-9.975681,38.810387,0,0,0,0,20
611136614,611136414,2490378,-1.380377,-0.026096798,-9.817184,38.731884,0,0,0,0,20
612137039,612136843,2490378,-1.4957176,-0.840694,-9.588927,38.84058,0,0,0,0,20
613139992,613139759,2490378,-1.3248315,-0.06979098,-9.824726,38.737923,0,0,0,0,20
614140380,614140187,2490378,-1.3490728,0.019303251,-9.7369795,38.79831,0,0,0,0,20
615138323,615138125,2490378,-1.1110293,-0.42030212,-9.9440775,38.855675,0,0,0,0,20
616138749,616138551,2490378,-1.174715,-0.15502456,-9.610326,38.713768,0,0,0,0,20
617139175,617138977,2490378,-1.3123816,0.11441292,-9.498426,38.650364,0,0,0,0,20
618137105,618136913,2490378,-1.2022485,-0.034715924,-9.908524,38.692635,0,0,0,0,20
619137530,619137337,2490378,-1.267251,-0.2254141,-9.789771,38.565823,0,0,0,0,20
620137954,620137761,2490378,-1.2822148,-0.07793126,-9.822931,38.463165,0,0,0,0,20
621140874,621140673,2490378,-1.3649344,-0.046327803,-9.793602,38.623188,0,0,0,0,20
622136317,622136119,2490378,-1.1442788,-0.06766613,-9.591651,38.40278,0,0,0,0,20
623139226,623139029,2490378,-1.1420342,0.035793316,-10.076357,38.44505,0,0,0,0,20
624139648,624139451,2490378,-1.0617088,-0.02777274,-9.848907,38.502415,0,0,0,0,20
625137582,625137383,2490378,-1.1669339,0.07745243,-10.026558,38.357487,0,0,0,0,20
626138002,626137803,2490378,-1.1587937,0.023343466,-9.853936,38.375603,0,0,0,0,20
627138424,627138223,2490378,-1.1331757,-0.21978772,-9.780434,38.357487,0,0,0,0,20
628138840,628138642,2490378,-1.1109395,-0.002753332,-9.7185135,38.372585,0,0,0,0,20
629136764,629136572,2490378,-1.1069292,0.002064999,-9.769241,38.27295,0,0,0,0,20
630137184,630136989,2490378,-1.1245565,0.015921442,-9.885539,38.32126,0,0,0,0,20
631140098,631139895,2490378,-1.1107899,0.04177882,-9.887095,38.266907,0,0,0,0,20
632138019,632137823,2490378,-1.0606314,0.015801731,-9.751823,38.251812,0,0,0,0,20
633138434,633138239,2490378,-1.0712856,-0.075896196,-9.876801,38.25483,0,0,0,0,20
634138847,634138654,2490378,-0.73370314,0.0961272,-9.592848,38.315216,0,0,0,0,20
635139262,635139069,2490378,-1.1314998,-0.019273324,-9.905052,38.269928,0,0,0,0,20
636137195,636136995,2490378,-1.1128249,0.05889736,-9.8027,38.143116,0,0,0,0,20
637137606,637137408,2490378,-1.0978612,0.046327803,-9.91834,38.203503,0,0,0,0,20
638140502,638140309,2490378,-1.0410289,0.013856443,-9.6293,38.194447,0,0,0,0,20
639135917,639135745,2490378,-1.2119449,-0.44125137,-9.979991,38.115944,0,0,0,0,20
640138843,640138645,2490378,-1.0248381,-0.05746084,-9.954612,38.137077,0,0,0,0,20
641139255,641139056,2490378,-1.075236,0.10594343,-9.834902,38.055557,0,0,0,0,20
642139665,642139467,2490378,-1.0767922,-0.16244659,-10.856748,38.08273,0,0,0,0,20
643137580,643137388,2490378,-1.1625047,0.16400282,-9.988131,38.08273,0,0,0,0,20
644137990,644137797,2490378,-1.1042058,0.18650831,-9.766907,37.971016,0,0,0,0,20
645138446,645138206,2490378,-1.2211626,0.21978772,-9.582912,38.073673,0,0,0,0,20
646136327,646136125,2490378,-1.1252748,0.1127669,-9.852859,38.052536,0,0,0,0,20
647136733,647136533,2490378,-1.1018116,0.07398083,-9.927438,37.835144,0,0,0,0,20
648139624,648139428,2490378,-1.079785,0.12006921,-9.823171,37.880436,0,0,0,0,20
649140031,649139834,2490378,-1.0881647,0.06703765,-9.839091,37.80495,0,0,0,0,20
650137948,650137751,2490378,-1.0658987,0.09923966,-9.83155,37.90157,0,0,0,0,20
651138358,651138155,2490378,-1.1184514,0.10821792,-9.888532,37.823067,0,0,0,0,20
652138757,652138559,2490378,-1.1009736,0.09720459,-9.855133,37.886475,0,0,0,0,20
653136669,653136474,2490378,-1.0811018,0.10055647,-9.815269,37.76872,0,0,0,0,20
654137071,654136877,2490378,-1.1160572,0.14844051,-9.792166,37.829105,0,0,0,0,20
655139969,655139768,2490378,-1.0925939,0.077093296,-9.805812,37.759663,0,0,0,0,20
656140366,656140169,2490378,-1.0770915,0.12802994,-9.763914,37.73249,0,0,0,0,20
657138278,657138081,2490378,-1.1118673,0.098521404,-9.841366,37.780796,0,0,0,0,20
658138680,658138481,2490378,-1.09008,0.121745154,-9.810242,37.672104,0,0,0,0,20
659139074,659138881,2490378,-1.0951079,0.08212112,-9.803059,37.6872,0,0,0,0,20
660136988,660136791,2490378,-1.0765527,0.036511578,-9.767265,37.620773,0,0,0,0,20
661137390,661137189,2490378,-1.0947487,0.078290395,-9.791806,37.647945,0,0,0,0,20
662137783,662137586,2490378,-1.0765527,0.075507134,-9.690861,37.702297,0,0,0,0,20
663140665,663140471,2490378,-1.0982203,0.09349358,-9.79468,37.518116,0,0,0,0,20
664138578,664138379,2490378,-1.0883741,0.07436989,-9.759305,37.575485,0,0,0,0,20
665138973,665138774,2490378,-1.1457453,0.085233584,-9.846873,37.58454,0,0,0,0,20
666139367,666139169,2490378,-1.1085154,0.08248025,-9.826881,37.59058,0,0,0,0,20
667137270,667137074,2490378,-1.1362882,0.057939682,-9.868062,37.518116,0,0,0,0,20
668137708,668137467,2490378,-1.1424831,0.0993893,-9.762298,37.484905,0,0,0,0,20
669138055,669137860,2490378,-1.1270704,0.047524903,-9.862914,37.463768,0,0,0,0,20
670140938,670140740,2490378,-1.0792164,0.16771384,-9.656863,37.32186,0,0,0,0,20
671136355,671136154,2490378,-1.1795034,0.090381116,-9.823769,37.33394,0,0,0,0,20
672139230,672139033,2490378,-1.1323377,0.05973533,-9.837536,37.339977,0,0,0,0,20
673139619,673139422,2490378,-1.1209652,0.115280814,-9.834662,37.306763,0,0,0,0,20
674137523,674137323,2490378,-1.1382035,0.06344634,-9.789053,37.225243,0,0,0,0,20
675137913,675137711,2490378,-1.1280282,0.078410104,-9.835022,37.240337,0,0,0,0,20
676138298,676138098,2490378,-1.1110293,0.07457938,-9.828917,37.17995,0,0,0,0,20
677138685,677138485,2490378,-1.1619061,0.07553706,-9.776244,37.258453,0,0,0,0,20
678136575,678136382,2490378,-1.1274296,0.045370124,-9.887095,37.182972,0,0,0,0,20
679139457,679139256,2490378,-1.1106702,0.08044518,-9.795278,37.14674,0,0,0,0,20
680139837,680139640,2490378,-1.0781689,0.057909753,-9.703849,37.086353,0,0,0,0,20
681137735,681137536,2490378,-1.1093534,0.06548142,-9.886018,37.15278,0,0,0,0,20
682138112,682137919,2490378,-1.137605,0.093852706,-9.811319,36.97464,0,0,0,0,20
683138497,683138301,2490378,-1.0680534,0.076015905,-9.785582,37.001812,0,0,0,0,20
684138877,684138683,2490378,-1.0894815,0.101394445,-9.7816305,37.077293,0,0,0,0,20
685136773,685136575,2490378,-1.2455834,0.08966286,-10.177872,37.019928,0,0,0,0,20
686137154,686136956,2490378,-1.1486182,0.13239935,-9.821375,36.97464,0,0,0,0,20
687140021,687139824,2490378,-1.1519103,0.10064626,-9.7580185,36.989735,0,0,0,0,20
688137911,688137714,2490378,-1.1677719,0.0949301,-9.836698,36.850845,0,0,0,0,20
689138290,689138093,2490378,-1.1742362,0.02944868,-9.895236,37.016907,0,0,0,0,20
690138693,690138470,2490378,-1.1602302,0.091099374,-9.791327,36.853867,0,0,0,0,20
691139044,691138847,2490378,-1.1695676,0.07098808,-9.841366,36.893116,0,0,0,0,20
692136929,692136735,2490378,-1.125634,0.078410104,-9.762358,36.83273,0,0,0,0,20
693137302,693137110,2490378,-1.1361984,0.11342531,-9.773789,36.714977,0,0,0,0,20
694140170,694139974,2490378,-1.1760619,0.081133515,-9.759335,36.75121,0,0,0,0,20
695138055,695137860,2490378,-1.1515511,0.06664859,-9.767026,36.844807,0,0,0,0,20
696138429,696138233,2490378,-1.1962628,0.09205706,-9.809284,36.648552,0,0,0,0,20
697138804,697138606,2490378,-1.1567885,0.0878672,-9.718065,36.721016,0,0,0,0,20
698139176,698138979,2490378,-1.1394006,0.046327803,-9.810002,36.69384,0,0,0,0,20
699137062,699136862,2490378,-1.1835736,0.13275848,-9.827479,36.579105,0,0,0,0,20
700137429,700137233,2490378,-1.1912351,0.080086045,-9.836817,36.69686,0,0,0,0,20
701140283,701140092,2490378,-1.198298,0.063326634,-9.880631,36.615337,0,0,0,0,20
702135677,702135485,2490378,-1.1620258,0.08379706,-9.830592,36.594204,0,0,0,0,20
703138542,703138342,2490378,-1.1236289,0.06356606,-9.780823,36.542873,0,0,0,0,20
704138911,704138711,2490378,-1.1678916,0.08271967,-9.810841,36.458332,0,0,0,0,20
705139276,705139079,2490378,-1.1783063,0.060094465,-9.862196,36.509663,0,0,0,0,20
706137156,706136959,2490378,-1.1508927,0.07805098,-9.793482,36.624397,0,0,0,0,20
707137521,707137325,2490378,-1.2095507,0.06751649,-9.818382,36.591183,0,0,0,0,20
708140379,708140179,2490378,-1.2237962,0.035913024,-9.790131,36.476448,0,0,0,0,20
709135768,709135568,2490378,-0.25546134,1.1319786,-9.044696,36.539856,0,0,0,0,20
710138618,710138422,2490378,-1.1893197,-0.024899699,-9.921811,36.42512,0,0,0,0,20
711138979,711138786,2490378,-1.1804612,0.049919106,-9.819459,36.400967,0,0,0,0,20
712139348,712139150,2490378,-1.1370064,-0.043454763,-9.888412,36.289253,0,0,0,0,20
713137221,713137024,2490378,-1.1660361,0.04842273,-9.745269,36.443237,0,0,0,0,20
714137586,714137387,2490378,-1.1597513,0.04381389,-9.779476,36.29529,0,0,0,0,20
715140433,715140237,2490378,-1.1581352,0.009606735,-9.72393,36.237923,0,0,0,0,20
716135818,716135622,2490378,-1.0874465,-0.004189853,-9.841366,36.204712,0,0,0,0,20
717138670,717138471,2490378,-1.1493366,0.047524903,-9.845436,36.231884,0,0,0,0,20
718139031,718138831,2490378,-1.1105505,0.0272939,-9.773491,36.25302,0,0,0,0,20
719136899,719136703,2490378,-1.1203667,0.062608376,-9.854415,36.177536,0,0,0,0,20
720137254,720137062,2490378,-1.1265917,0.0533907,-9.805693,36.089977,0,0,0,0,20
721137615,721137420,2490378,-1.1804612,0.04297592,-9.835501,36.129227,0,0,0,0,20
722140468,722140267,2490378,-1.156998,0.035553895,-9.824487,36.171497,0,0,0,0,20
723135847,723135648,2490378,-1.1293449,0.05746084,-9.828796,36.135265,0,0,0,0,20
724138737,724138493,2490378,-1.1427525,0.02705448,-9.795398,36.198673,0,0,0,0,20
725139046,725138850,2490378,-1.1605893,0.08224083,-9.824128,36.06884,0,0,0,0,20
726139400,726139206,2490378,-1.1141418,0.08295909,-9.78618,36.011475,0,0,0,0,20
727137268,727137073,2490378,-1.1398795,0.0830788,-9.789771,36.03563,0,0,0,0,20
728137630,728137430,2490378,-1.1259931,0.09289502,-9.920854,35.963165,0,0,0,0,20
729140472,729140270,2490378,-1.1741165,0.050158527,-9.8372965,35.93599,0,0,0,0,20
730135842,730135648,2490378,-1.1352407,0.073502,-9.764692,35.99336,0,0,0,0,20
731138687,731138490,2490378,-1.1657966,0.06727707,-9.770288,35.88768,0,0,0,0,20
732139038,732138843,2490378,-1.1231201,0.046926353,-9.84795,35.926933,0,0,0,0,20
733139392,733139195,2490378,-1.1556811,0.07206547,-9.813713,35.89674,0,0,0,0,20
734137256,734137059,2490378,-1.1440394,0.059226565,-9.772832,35.914856,0,0,0,0,20
735137608,735137411,2490378,-1.1666347,0.08681974,-9.711242,35.89372,0,0,0,0,20
736140448,736140250,2490378,-1.1957841,0.16208746,-9.920375,35.914856,0,0,0,0,20
737135821,737135624,2490378,-1.1064804,-0.02573767,-9.817305,35.884663,0,0,0,0,20
738138661,738138463,2490378,-1.1052833,0.07266402,-9.762956,35.923912,0,0,0,0,20
739139009,739138813,2490378,-1.0996568,0.060693014,-9.795158,35.869564,0,0,0,0,20
740139383,740139162,2490378,-1.180102,0.09325416,-9.815149,35.79106,0,0,0,0,20
741137220,741137023,2490378,-1.1713632,0.05482722,-9.8055725,35.782005,0,0,0,0,20
742137567,742137371,2490378,-1.2022485,0.08942343,-9.822093,35.845413,0,0,0,0,20
743140405,743140207,2490378,-1.2033257,0.058538232,-9.880392,35.863525,0,0,0,0,20
744135774,744135578,2490378,-1.1739968,0.07697359,-9.733597,35.67331,0,0,0,0,20
745138610,745138414,2490378,-1.1638215,0.066199675,-9.869498,35.75785,0,0,0,0,20
746138957,746138761,2490378,-1.1815386,0.0557849,-9.833466,35.788044,0,0,0,0,20
747139304,747139107,2490378,-1.1616367,0.060423665,-9.761759,35.739735,0,0,0,0,20
748137159,748136965,2490378,-1.1611879,0.07924808,-9.733448,35.691425,0,0,0,0,20
749137505,749137310,2490378,-1.121504,0.13979146,-9.724709,35.730675,0,0,0,0,20
750140374,750140144,2490378,-1.1434708,0.0700304,-9.815509,35.72464,0,0,0,0,20
751135710,751135511,2490378,-1.1693281,0.091099374,-9.879075,35.775967,0,0,0,0,20
752138544,752138344,2490378,-1.1805809,0.023343466,-9.82736,35.70048,0,0,0,0,20
753138886,753138688,2490378,-1.1373955,0.10414778,-9.779177,35.597828,0,0,0,0,20
754139227,754139033,2490378,-1.1611879,0.029927522,-9.753978,35.59179,0,0,0,0,20
755137086,755136886,2490378,-1.1416751,0.057341132,-9.793363,35.62198,0,0,0,0,20
756137427,756137228,2490378,-1.1692084,0.070748664,-9.801144,35.652172,0,0,0,0,20
757140253,757140058,2490378,-1.1490971,0.06907272,-9.821375,35.49215,0,0,0,0,20
758138108,758137911,2490378,-1.166455,0.07158663,-9.8295145,35.507248,0,0,0,0,20
759138449,759138252,2490378,-1.1672931,0.07613561,-9.945873,35.546497,0,0,0,0,20
760138789,760138593,2490378,-1.1167754,0.11025299,-9.775885,35.53744,0,0,0,0,20
761139130,761138933,2490378,-1.1547534,0.02861071,-9.656414,35.513287,0,0,0,0,20
762136983,762136784,2490378,-1.170196,-0.039803606,-9.772653,35.4529,0,0,0,0,20
763137320,763137123,2490378,-1.0961852,0.15682021,-9.460239,35.504227,0,0,0,0,20
764140145,764139951,2490378,-1.1875241,0.032441434,-9.841965,35.425724,0,0,0,0,20
765137999,765137801,2490378,-1.641345,0.14018051,-10.593744,35.464977,0,0,0,0,20
766138335,766138139,2490378,-1.2312182,-1.3895947,-10.493188,35.386475,0,0,0,0,20
767138671,767138476,2490378,-1.1373656,0.06063316,-9.727222,35.422707,0,0,0,0,20
768139008,768138814,2490378,-1.2255919,0.036870707,-9.830353,35.35628,0,0,0,0,20
769136858,769136662,2490378,-1.2192472,0.075297646,-9.764991,35.36232,0,0,0,0,20
770137193,770136998,2490378,-1.1426028,0.04866215,-9.227403,35.44384,0,0,0,0,20
771140021,771139823,2490378,-1.1798626,0.051355626,-9.80665,35.30495,0,0,0,0,20
772137865,772137670,2490378,-1.1547235,0.028969841,-9.791806,35.350243,0,0,0,0,20
773138198,773138005,2490378,-1.1637018,0.063206926,-9.870216,35.416668,0,0,0,0,20
774138537,774138340,2490378,-1.1973403,0.047524903,-9.8469925,35.280796,0,0,0,0,20
775138872,775138674,2490378,-1.1758822,0.075417355,-9.6395645,35.226448,0,0,0,0,20
776136714,776136520,2490378,-1.1960833,-0.004938041,-9.760801,35.307972,0,0,0,0,20
777139589,777139342,2490378,-1.1895591,0.06727707,-9.810841,35.301933,0,0,0,0,20
778139872,778139675,2490378,-1.2095507,0.04590882,-9.760681,35.344204,0,0,0,0,20
779137715,779137519,2490378,-1.1896788,0.076015905,-9.791567,35.374397,0,0,0,0,20
780138050,780137852,2490378,-1.2033257,0.062488664,-9.805333,35.250603,0,0,0,0,20
781138379,781138184,2490378,-1.1560403,0.02873042,-9.770139,35.199276,0,0,0,0,20
782138712,782138515,2490378,-1.1687295,0.058777653,-9.7738495,35.19626,0,0,0,0,20
783136552,783136358,2490378,-1.1836933,0.05351041,-9.79851,35.12379,0,0,0,0,20
784139375,784139177,2490378,-1.1587937,0.02813187,-9.782469,35.1721,0,0,0,0,20
785139704,785139508,2490378,-1.1682507,0.058418524,-9.804136,35.190216,0,0,0,0,20
786137547,786137350,2490378,-1.1828554,0.065242,-9.803537,35.166065,0,0,0,0,20
787137879,787137680,2490378,-1.1996148,0.07793126,-9.8027,35.09058,0,0,0,0,20
788138205,788138009,2490378,-1.2616246,-0.073023155,-10.000221,35.153984,0,0,0,0,20
789141023,789140827,2490378,-1.1798626,0.06428432,-9.847113,35.232487,0,0,0,0,20
790136377,790136179,2490378,-0.8816049,-0.09540894,-9.435249,35.054348,0,0,0,0,20
791139190,791138995,2490378,-1.2722788,0.20506337,-9.853816,35.08454,0,0,0,0,20
792139521,792139323,2490378,-1.1923125,0.03938462,-9.818622,35.08454,0,0,0,0,20
793137359,793137163,2490378,-1.2187684,0.021188686,-9.7863,35.10568,0,0,0,0,20
794137686,794137490,2490378,-1.1759121,0.05614403,-9.807728,35.051327,0,0,0,0,20
795138013,795137817,2490378,-1.1882423,0.06416461,-9.835501,35.027176,0,0,0,0,20
796140830,796140632,2490378,-1.1848904,0.05770026,-9.8198185,34.987923,0,0,0,0,20
797136180,797135982,2490378,-1.1713632,0.05530606,-9.793242,35.027176,0,0,0,0,20
798138991,798138796,2490378,-1.1953052,0.031364042,-9.8106,35.00906,0,0,0,0,20
799139320,799139122,2490378,-1.1715128,0.044053312,-9.746436,34.990944,0,0,0,0,20
800137192,800136958,2490378,-1.1787852,0.057580553,-9.774568,34.969807,0,0,0,0,20
801137479,801137283,2490378,-1.1633426,0.0676362,-9.794919,34.891304,0,0,0,0,20
802137812,802137608,2490378,-1.2136209,0.051116206,-9.820537,35.021137,0,0,0,0,20
803140620,803140420,2490378,-1.1851299,0.026934769,-9.887694,34.91244,0,0,0,0,20
804138455,804138256,2490378,-1.2035652,0.092176765,-9.8612385,34.873188,0,0,0,0,20
805138779,805138579,2490378,-1.1482592,0.10857705,-9.860519,34.794685,0,0,0,0,20
806139099,806138902,2490378,-1.1519402,0.064523734,-9.626247,34.885265,0,0,0,0,20
807136934,807136736,2490378,-1.1482592,0.021547815,-9.857766,34.921497,0,0,0,0,20
808137255,808137058,2490378,-1.0162189,0.0062249247,-9.846634,34.900364,0,0,0,0,20
809140064,809139868,2490378,-1.1449072,0.064314246,-9.709117,34.806763,0,0,0,0,20
810140385,810140190,2490378,-1.1614871,0.0055365916,-9.764932,34.92452,0,0,0,0,20
811138219,811138022,2490378,-1.1713034,0.051834468,-9.7256365,34.815823,0,0,0,0,20
812138543,812138343,2490378,-1.1565192,0.032920275,-9.812875,34.842995,0,0,0,0,20
813138865,813138663,2490378,-1.1438298,0.005506664,-9.773491,34.682972,0,0,0,0,20
814136695,814136495,2490378,-1.1496956,0.03172317,-9.856809,34.73128,0,0,0,0,20
815137011,815136814,2490378,-1.1653777,0.021308396,-9.812635,34.749397,0,0,0,0,20
816139817,816139622,2490378,-1.164001,0.09256583,-9.762268,34.815823,0,0,0,0,20
817140139,817139940,2490378,-1.1579556,0.0557849,-9.844119,34.719204,0,0,0,0,20
818137965,818137770,2490378,-1.0517728,0.044532154,-9.4764595,34.716183,0,0,0,0,20
819138284,819138088,2490378,-1.13964,0.10055647,-9.830113,34.661835,0,0,0,0,20
820138600,820138406,2490378,-1.095467,0.027712885,-9.608709,34.628624,0,0,0,0,20
821136432,821136235,2490378,-1.1610681,0.047524903,-9.875723,34.65278,0,0,0,0,20
822136749,822136552,2490378,-1.1505337,-0.043215342,-9.921572,34.68901,0,0,0,0,20
823139555,823139357,2490378,-1.1483788,0.0142455,-9.817184,34.616547,0,0,0,0,20
824137414,824137185,2490378,-1.1608287,-0.011133038,-9.807608,34.59843,0,0,0,0,20
825137697,825137501,2490378,-1.1678916,-0.002753332,-9.828917,34.64674,0,0,0,0,20
826138011,826137817,2490378,-1.1614273,-0.014604631,-9.797672,34.68599,0,0,0,0,20
827138331,827138132,2490378,-1.0990583,0.017717093,-9.702383,34.607487,0,0,0,0,20
828136155,828135959,2490378,-1.1589134,-0.023223756,-9.77819,34.55616,0,0,0,0,20
829138962,829138762,2490378,-1.154484,-0.059376203,-9.789292,34.55012,0,0,0,0,20
830139272,830139076,2490378,-1.1362882,-0.048841715,-9.863393,34.535023,0,0,0,0,20
831139587,831139390,2490378,-1.1343728,0.049081136,-9.842204,34.583332,0,0,0,0,20
832137410,832137215,2490378,-1.1525687,0.42329487,-10.466014,34.58937,0,0,0,0,20
833137724,833137529,2490378,-1.1668142,0.010893618,-9.802939,34.492752,0,0,0,0,20
834140526,834140330,2490378,-1.1464635,-0.030017303,-9.696367,34.51389,0,0,0,0,20
835135862,835135666,2490378,-1.2753912,0.09816227,-9.913192,34.483696,0,0,0,0,20
836138666,836138467,2490378,-1.232176,-0.013407529,-9.632951,34.4686,0,0,0,0,20
837138977,837138779,2490378,-0.5482423,0.5424962,-9.75308,34.538044,0,0,0,0,20
838139286,838139091,2490378,-0.973243,0.37672764,-9.849387,34.538044,0,0,0,0,20
839137110,839136914,2490378,-0.58334726,0.87675667,-9.884103,34.402176,0,0,0,0,20
840137422,840137225,2490378,-0.70784575,0.5861006,-9.920974,34.522945,0,0,0,0,20
841140218,841140024,2490378,-0.5485116,0.65218055,-9.785821,34.489735,0,0,0,0,20
842138043,842137846,2490378,-0.7238869,0.5518635,-9.808925,34.323673,0,0,0,0,20
843138351,843138155,2490378,-0.50194436,0.64260375,-9.970533,34.411232,0,0,0,0,20
844138715,844138464,2490378,-0.8516176,0.5561731,-9.862435,34.408215,0,0,0,0,20
845138971,845138773,2490378,-0.8093599,0.5443218,-9.79468,34.375,0,0,0,0,20
846136790,846136593,2490378,-0.80564886,0.53624135,-9.759455,34.353863,0,0,0,0,20
847139586,847139388,2490378,-0.82180977,0.5251681,-9.828198,34.296497,0,0,0,0,20
848139891,848139696,2490378,-0.83458877,0.49958012,-9.760502,34.16063,0,0,0,0,20
849137711,849137514,2490378,-0.8663419,0.47860092,-9.817544,34.323673,0,0,0,0,20
850138014,850137820,2490378,-0.8321048,0.6050148,-9.934501,34.20894,0,0,0,0,20
851138326,851138125,2490378,-0.7899669,0.5161899,-9.857647,34.1878,0,0,0,0,20
852138631,852138430,2490378,-0.83473843,0.5808333,-9.796715,34.124397,0,0,0,0,20
853136443,853136247,2490378,-0.5778705,0.0026036943,-7.2563467,34.121376,0,0,0,0,20
854139234,854139038,2490378,-0.80322474,-0.03091513,-9.7737,34.184784,0,0,0,0,20
855139539,855139342,2490378,-0.895192,-0.06308722,-9.951619,34.14553,0,0,0,0,20
856137353,856137156,2490378,-0.9787497,0.09085996,-9.835261,34.19384,0,0,0,0,20
857137656,857137459,2490378,-1.0672154,0.079487495,-9.876441,34.121376,0,0,0,0,20
858137960,858137761,2490378,-1.0184036,0.14553754,-9.696996,34.115337,0,0,0,0,20
859140748,859140550,2490378,-1.1251551,0.115879364,-9.844599,34.085144,0,0,0,0,20
860138561,860138363,2490378,-0.99419224,0.06691794,-9.772892,33.91606,0,0,0,0,20
861138860,861138663,2490378,-1.0119692,0.112886615,-9.664884,33.958332,0,0,0,0,20
862139161,862138963,2490378,-1.0491391,0.086430684,-9.783786,34.11232,0,0,0,0,20
863136978,863136774,2490378,-1.0268731,0.12865841,-9.737906,34.094204,0,0,0,0,20
864137271,864137073,2490378,-1.0577583,0.10534488,-9.820297,34.01268,0,0,0,0,20
865140057,865139860,2490378,-1.0081984,0.1103727,-9.823649,33.982487,0,0,0,0,20
866140353,866140158,2490378,-1.041358,0.16903064,-9.888173,34.045895,0,0,0,0,20
867138162,867137967,2490378,-1.0904392,0.09600749,-9.837536,34.000603,0,0,0,0,20
868138459,868138265,2490378,-0.99939966,0.09953894,-9.752092,33.949276,0,0,0,0,20
869138757,869138561,2490378,-1.031063,0.17381905,-9.828198,33.97343,0,0,0,0,20
870136570,870136370,2490378,-0.9319131,0.025887307,-9.72824,33.87379,0,0,0,0,20
871136864,871136666,2490378,-1.0019734,0.13239935,-9.838733,33.92512,0,0,0,0,20
872139648,872139450,2490378,-0.7368156,0.5083489,-9.589437,33.885868,0,0,0,0,20
873139940,873139745,2490378,-0.8129811,0.47752354,-9.3632145,33.837563,0,0,0,0,20
874137748,874137552,2490378,-0.48398787,0.82420397,-9.933543,33.876812,0,0,0,0,20
875138047,875137846,2490378,-0.74519527,0.64978635,-9.709565,33.79831,0,0,0,0,20
876138339,876138141,2490378,-0.8238448,0.5534197,-9.818741,33.852657,0,0,0,0,20
877136141,877135947,2490378,-0.70922244,0.43523595,-9.600899,33.79227,0,0,0,0,20
878138924,878138729,2490378,-0.8161834,0.45406035,-9.87273,33.867756,0,0,0,0,20
879139218,879139022,2490378,-0.8125921,0.48853686,-9.678441,33.831524,0,0,0,0,20
880139516,880139316,2490378,-1.0077195,0.5340267,-9.898468,33.713768,0,0,0,0,20
881137317,881137120,2490378,-0.37702692,-0.13937247,-5.742074,33.837563,0,0,0,0,20
882137701,882137413,2490378,-0.84658974,0.4581305,-9.814671,33.83454,0,0,0,0,20
883140389,883140194,2490378,-0.9247604,0.4132392,-9.879434,33.831524,0,0,0,0,20
884135707,884135510,2490378,-0.82537115,0.48668134,-9.697624,33.79831,0,0,0,0,20
885138485,885138290,2490378,-0.87280625,0.43945572,-9.7991085,33.768116,0,0,0,0,20
886138780,886138582,2490378,-0.91817635,0.5351041,-9.923846,33.810387,0,0,0,0,20
887139073,887138873,2490378,-0.87400335,0.54444146,-9.896912,33.75604,0,0,0,0,20
888136880,888136676,2490378,-0.931943,0.4104859,-9.830473,33.780193,0,0,0,0,20
889137163,889136967,2490378,-0.81678194,0.43682212,-9.89368,33.719807,0,0,0,0,20
890139940,890139746,2490378,-0.8201338,0.386903,-9.961196,33.66546,0,0,0,0,20
891137744,891137548,2490378,-0.9172187,0.48099512,-9.805932,33.75302,0,0,0,0,20
892138032,892137838,2490378,-0.92859113,0.71419036,-9.9725685,33.762077,0,0,0,0,20
893138327,893138128,2490378,-0.9234436,0.4902128,-9.839331,33.647343,0,0,0,0,20
894141104,894140906,2490378,-0.87125003,0.4866215,-9.909362,33.680557,0,0,0,0,20
895136416,895136219,2490378,-0.974081,0.48291048,-9.80701,33.70169,0,0,0,0,20
896139194,896138997,2490378,-0.80959934,0.35290533,-9.830712,33.67452,0,0,0,0,20
897139504,897139286,2490378,-0.8598775,0.5329493,-9.754816,33.580917,0,0,0,0,20
898137281,898137087,2490378,-0.88956565,0.5124789,-9.930072,33.5779,0,0,0,0,20
899137570,899137376,2490378,-0.89076275,0.5088876,-9.970055,33.614132,0,0,0,0,20
900137861,900137665,2490378,-0.85054016,0.4510676,-9.830113,33.592995,0,0,0,0,20
901140641,901140442,2490378,-1.0887632,0.6806716,-9.730515,33.692635,0,0,0,0,20
902138449,902138242,2490378,-0.86083525,0.67444664,-9.846394,33.547707,0,0,0,0,20
903138732,903138530,2490378,-0.898903,0.44711718,-9.842443,33.56884,0,0,0,0,20
904139016,904138818,2490378,-0.9100361,0.44771573,-9.825685,33.62621,0,0,0,0,20
905136814,905136618,2490378,-0.85616654,0.42553943,-9.778997,33.641304,0,0,0,0,20
906137105,906136906,2490378,-0.82420397,0.37912184,-9.834423,33.565823,0,0,0,0,20
907139879,907139682,2490378,-0.94762504,0.501705,-9.8469925,33.559784,0,0,0,0,20
908140165,908139970,2490378,-0.78769237,0.4675876,-9.722494,33.605072,0,0,0,0,20
909137968,909137770,2490378,-0.9143456,0.6538565,-9.847591,33.56884,0,0,0,0,20
910138252,910138057,2490378,-0.8542512,0.45070848,-9.803778,33.49336,0,0,0,0,20
911138540,911138344,2490378,-0.9161413,0.5317522,-9.858245,33.629227,0,0,0,0,20
912136343,912136143,2490378,-0.88717145,0.5434838,-9.742007,33.641304,0,0,0,0,20
913139113,913138919,2490378,-0.8892963,0.48796824,-9.754337,33.680557,0,0,0,0,20
914139400,914139206,2490378,-0.7463026,0.5122694,-9.762687,33.638287,0,0,0,0,20
915139688,915139493,2490378,-0.79454577,0.5627272,-9.704597,33.499397,0,0,0,0,20
916137486,916137292,2490378,-0.9412804,0.4617218,-9.886736,33.632248,0,0,0,0,20
917137775,917137578,2490378,-0.97898906,0.68198836,-9.852619,33.599033,0,0,0,0,20
918140552,918140354,2490378,-0.9386468,0.46184152,-10.260112,33.66244,0,0,0,0,20
919135864,919135664,2490378,-0.8904036,0.46100354,-9.854176,33.632248,0,0,0,0,20
920138643,920138439,2490378,-0.8504205,0.15382746,-10.0185375,33.605072,0,0,0,0,20
921138924,921138726,2490378,-0.89175034,0.57490766,-9.626187,33.559784,0,0,0,0,20
922139207,922139012,2490378,-1.0500969,0.5243302,-10.438241,33.602055,0,0,0,0,20
923137071,923136812,2490378,-0.9704897,0.5011663,-9.710314,33.580917,0,0,0,0,20
924137295,924137098,2490378,-0.9891645,0.5196615,-9.821854,33.623188,0,0,0,0,20
925140068,925139872,2490378,-0.96941227,0.521936,-9.846154,33.614132,0,0,0,0,20
926137904,926137671,2490378,-0.9400235,0.4834791,-9.747903,33.466183,0,0,0,0,20
927138155,927137957,2490378,-0.9501389,0.51822495,-9.854415,33.550724,0,0,0,0,20
928138440,928138244,2490378,-0.9776723,0.48925513,-9.914868,33.550724,0,0,0,0,20
929138727,929138531,2490378,-0.97743285,0.51942205,-10.023924,33.589977,0,0,0,0,20
930136524,930136329,2490378,-0.8854955,0.52014035,-9.807847,33.644325,0,0,0,0,20
931139299,931139104,2490378,-0.9409213,0.48494557,-9.772653,33.499397,0,0,0,0,20
932139586,932139390,2490378,-0.95875806,0.47536877,-9.916664,33.538647,0,0,0,0,20
933137384,933137188,2490378,-0.83306247,0.4583699,-9.882307,33.57186,0,0,0,0,20
934137672,934137475,2490378,-1.010832,0.51690817,-9.915108,33.490337,0,0,0,0,20
935137958,935137761,2490378,-0.9878476,0.42652702,-9.873329,33.553745,0,0,0,0,20
936140736,936140536,2490378,-0.8516176,0.47836152,-9.82329,33.52959,0,0,0,0,20
937138530,937138334,2490378,-0.98656076,0.6332065,-9.726444,33.56884,0,0,0,0,20
938138820,938138621,2490378,-0.8687361,0.5243302,-9.8405285,33.559784,0,0,0,0,20
939139106,939138908,2490378,-0.94032276,0.8009802,-9.726086,33.66848,0,0,0,0,20
940136903,940136706,2490378,-0.97420067,0.61363393,-9.767146,33.432972,0,0,0,0,20
941137191,941136993,2490378,-0.89184016,0.5676652,-9.822093,33.48732,0,0,0,0,20
942139968,942139768,2490378,-0.92499983,0.5311537,-9.866146,33.592995,0,0,0,0,20
943140251,943140054,2490378,-0.90991634,0.52971715,-9.870096,33.66546,0,0,0,0,20
944138048,944137853,2490378,-0.949301,0.5227739,-9.87692,33.565823,0,0,0,0,20
945138337,945138140,2490378,-0.88872766,0.49658737,-9.764093,33.538647,0,0,0,0,20
946138629,946138427,2490378,-0.87962973,0.52385134,-9.836937,33.466183,0,0,0,0,20
947136420,947136225,2490378,-0.89303726,0.56275713,-9.8262825,33.556763,0,0,0,0,20
948136712,948136512,2490378,-0.8413823,0.43981487,-9.60006,33.677536,0,0,0,0,20
949139486,949139288,2490378,-0.8603564,0.57269305,-9.890208,33.463165,0,0,0,0,20
950139771,950139575,2490378,-0.82483244,0.5678448,-9.667427,33.532608,0,0,0,0,20
951137573,951137374,2490378,-0.94439286,0.47710454,-9.702592,33.5779,0,0,0,0,20
952137859,952137661,2490378,-0.8595184,0.459567,-9.873688,33.71075,0,0,0,0,20
953138147,953137948,2490378,-0.8921993,0.55300075,-9.734106,33.559784,0,0,0,0,20
954135946,954135748,2490378,-0.8793903,0.5073314,-9.99675,33.52657,0,0,0,0,20
955138724,955138524,2490378,-0.9244013,0.52971715,-9.823649,33.5628,0,0,0,0,20
956139006,956138811,2490378,-0.88498676,0.51202995,-9.651955,33.5628,0,0,0,0,20
957139294,957139099,2490378,-0.8293515,0.56946087,-9.820657,33.61715,0,0,0,0,20
958137094,958136899,2490378,-0.8949825,0.45699325,-9.672994,33.599033,0,0,0,0,20
959137382,959137187,2490378,-0.82432365,0.51535195,-9.922649,33.57488,0,0,0,0,20
960140163,960139964,2490378,-0.9874885,0.53462523,-9.847831,33.517513,0,0,0,0,20
961137965,961137764,2490378,-0.85305405,0.44975078,-9.862076,33.544685,0,0,0,0,20
962138248,962138052,2490378,-1.0194511,0.525647,-9.859562,33.65942,0,0,0,0,20
963138538,963138341,2490378,-0.7872135,0.58586115,-9.729587,33.774155,0,0,0,0,20
964138828,964138630,2490378,-0.9044097,0.5331887,-9.8819475,33.677536,0,0,0,0,20
965136631,965136430,2490378,-0.9269152,0.5980716,-9.80665,33.62017,0,0,0,0,20
966139405,966139208,2490378,-0.9193136,0.4637868,-9.753559,33.656403,0,0,0,0,20
967139692,967139497,2490378,-0.9317036,0.5518635,-9.83574,33.66848,0,0,0,0,20
968137495,968137298,2490378,-0.8714894,0.46950296,-9.76966,33.550724,0,0,0,0,20
969137782,969137588,2490378,-0.87053174,0.5093664,-9.79432,33.635265,0,0,0,0,20
970138140,970137877,2490378,-0.9161413,0.5876568,-9.897271,33.565823,0,0,0,0,20
971140851,971140655,2490378,-0.9429563,0.48698062,-9.803298,33.70169,0,0,0,0,20
972136165,972135969,2490378,-0.92966855,0.52385134,-9.87261,33.689613,0,0,0,0,20
973138945,973138747,2490378,-0.928232,0.4782418,-9.959042,33.638287,0,0,0,0,20
974139235,974139038,2490378,-0.90752214,0.4866215,-9.813833,33.71075,0,0,0,0,20
975137109,975136840,2490378,-0.81438774,0.55916584,-9.86064,33.638287,0,0,0,0,20
976137326,976137130,2490378,-0.86299,0.5097256,-9.803537,33.746983,0,0,0,0,20
977140107,977139910,2490378,-0.8607155,0.5227739,-9.850464,33.786232,0,0,0,0,20
978140398,978140201,2490378,-0.8726865,0.5366603,-9.846274,33.75,0,0,0,0,20
979138198,979138003,2490378,-0.79056543,0.476087,-9.80665,33.71679,0,0,0,0,20
980138489,980138295,2490378,-0.9205107,0.5288193,-9.759665,33.795288,0,0,0,0,20
981138781,981138586,2490378,-0.8367735,0.6205771,-9.838373,33.704712,0,0,0,0,20
982136588,982136389,2490378,-0.7975086,0.55521536,-9.80665,33.843597,0,0,0,0,20
983136879,983136681,2490378,-0.9633071,0.5374983,-9.822691,33.75604,0,0,0,0,20
984139659,984139462,2490378,-0.91697925,0.54683566,-9.800904,33.88889,0,0,0,0,20
985139954,985139754,2490378,-0.8939949,0.62991446,-9.801743,33.725845,0,0,0,0,20
986137751,986137557,2490378,-0.9317036,0.5920861,-9.835381,33.746983,0,0,0,0,20
987138045,987137850,2490378,-0.83509755,0.56946087,-9.782828,33.774155,0,0,0,0,20
988138339,988138142,2490378,-0.9803059,0.5556942,-9.7751665,33.737923,0,0,0,0,20
989136144,989135947,2490378,-0.8540118,0.56156003,-9.895834,33.828503,0,0,0,0,20
990138926,990138728,2490378,-0.92966855,0.5092467,-9.88542,33.771137,0,0,0,0,20
991139218,991139021,2490378,-0.9197326,0.52899885,-9.793003,33.74396,0,0,0,0,20
992139511,992139314,2490378,-0.8807071,0.46962267,-9.7738495,33.79227,0,0,0,0,20
993137313,993137119,2490378,-0.8706215,0.50637364,-9.676675,33.913044,0,0,0,0,20
994137608,994137412,2490378,-0.88513637,0.5064934,-9.842204,33.87379,0,0,0,0,20
995140392,995140194,2490378,-0.8892065,0.5143942,-9.809882,33.934177,0,0,0,0,20
996135707,996135511,2490378,-0.90069866,0.48745948,-9.901221,33.810387,0,0,0,0,20
997138491,997138294,2490378,-0.9518149,0.524809,-9.808805,33.79831,0,0,0,0,20
998138785,998138588,2490378,-0.85054016,0.53007627,-9.778279,33.900967,0,0,0,0,20
999139099,999138882,2490378,-0.9437943,0.47884035,-9.791806,33.858696,0,0,0,0,20
1000136888,1000136688,2490378,-0.90381116,0.5359421,-9.837536,33.780193,0,0,0,0,20
1001137179,1001136983,2490378,-0.9442732,0.5024232,-9.834423,33.789253,0,0,0,0,20
1002139960,1002139766,2490378,-0.87986916,0.5030218,-9.830113,33.900967,0,0,0,0,20
1003137769,1003137572,2490378,-0.87077117,0.5172673,-9.784983,33.894928,0,0,0,0,20
1004138069,1004137867,2490378,-0.92021143,0.52049947,-9.80665,33.84058,0,0,0,0,20
1005138356,1005138162,2490378,-0.8824429,0.49733555,-9.76972,33.903984,0,0,0,0,20
1006138654,1006138457,2490378,-0.91901433,0.5485116,-9.886138,33.92512,0,0,0,0,20
1007136463,1007136264,2490378,-0.87005293,0.5465962,-9.7816305,33.89795,0,0,0,0,20
1008139242,1008139048,2490378,-0.8862138,0.5323508,-9.899665,33.910023,0,0,0,0,20
1009139540,1009139344,2490378,-0.86921495,0.5291186,-9.8133545,33.861713,0,0,0,0,20
1010137347,1010137151,2490378,-0.90033954,0.5295974,-9.784504,33.861713,0,0,0,0,20
1011137646,1011137447,2490378,-0.88705176,0.504578,-9.812157,33.822464,0,0,0,0,20
1012137941,1012137743,2490378,-0.93613285,0.5085285,-9.857527,33.949276,0,0,0,0,20
1013140722,1013140528,2490378,-0.8746019,0.529358,-9.91834,34.01872,0,0,0,0,20
1014138574,1014138335,2490378,-0.94642794,0.5152322,-9.803298,33.949276,0,0,0,0,20
1015138829,1015138632,2490378,-0.8534132,0.5331887,-9.82341,33.93116,0,0,0,0,20
1016139126,1016138928,2490378,-0.9422381,0.54683566,-9.914269,33.910023,0,0,0,0,20
1017136961,1017136737,2490378,-0.8447941,0.48578352,-9.813833,33.97947,0,0,0,0,20
1018137228,1018137034,2490378,-0.89830446,0.5061343,-9.783307,33.967392,0,0,0,0,20
1019140014,1019139819,2490378,-0.9011775,0.5021838,-9.822931,33.958332,0,0,0,0,20
1020140310,1020140116,2490378,-0.8614039,0.46674964,-9.761969,33.9372,0,0,0,0,20
1021138122,1021137925,2490378,-0.9513361,0.48207253,-9.861717,33.952293,0,0,0,0,20
1022138419,1022138222,2490378,-0.93460655,0.43544543,-9.762268,33.88889,0,0,0,0,20
1023138720,1023138520,2490378,-0.97898906,0.49320555,-9.914748,34.0157,0,0,0,0,20
1024136525,1024136329,2490378,-0.91302884,0.4581305,-9.899067,33.928143,0,0,0,0,20
1025136822,1025136626,2490378,-0.45848963,-0.53809685,-9.792524,34.003624,0,0,0,0,20
1026139609,1026139413,2490378,-0.8816648,0.08131307,-8.983523,34.003624,0,0,0,0,20
1027137417,1027137222,2490378,-0.89662856,0.5245696,-10.060555,33.949276,0,0,0,0,20
1028137716,1028137521,2490378,-0.7844602,0.5009867,-9.869378,33.900967,0,0,0,0,20
1029138014,1029137819,2490378,-0.86682075,0.5232528,-10.213185,33.997585,0,0,0,0,20
1030138312,1030138118,2490378,-0.7550115,0.50110644,-10.041042,34.051933,0,0,0,0,20
1031136123,1031135928,2490378,-0.9752781,0.724246,-11.130524,33.982487,0,0,0,0,20
1032138911,1032138715,2490378,-0.5245696,0.25773582,-10.004172,34.009663,0,0,0,0,20
1033139210,1033139015,2490378,-2.0588338,0.8542512,-8.282921,34.024757,0,0,0,0,20
1034139512,1034139314,2490378,-3.7098155,0.18806455,-10.62044,33.985508,0,0,0,0,20
1035137321,1035137125,2490378,-3.544915,-0.26551697,-8.515099,34.048912,0,0,0,0,20
1036137624,1036137425,2490378,-3.6400247,0.9076419,-9.48059,33.97343,0,0,0,0,20
1037140411,1037140214,2490378,-3.9477394,0.5323807,-9.479662,34.15157,0,0,0,0,20
1038135761,1038135538,2490378,-4.205385,0.30508116,-8.833527,34.045895,0,0,0,0,20
1039138524,1039138327,2490378,-2.9446287,0.2503437,-8.988222,34.169685,0,0,0,0,20
1040138825,1040138627,2490378,-3.0426114,1.0659585,-9.139506,34.11232,0,0,0,0,20
1041139126,1041138929,2490378,-3.541982,1.2807782,-13.30422,34.076088,0,0,0,0,20
1042136940,1042136742,2490378,-0.8485051,0.16472107,-11.8132305,34.091183,0,0,0,0,20
1043137238,1043137043,2490378,-0.19752164,0.31950623,-10.066541,34.133453,0,0,0,0,20
1044140028,1044139833,2490378,-0.07553706,-0.088585466,-9.83562,34.11836,0,0,0,0,20
1045137844,1045137647,2490378,-1.2017995,-0.17878701,-9.571031,34.082127,0,0,0,0,20
1046138145,1046137949,2490378,-2.2740428,0.18031332,-9.368032,34.169685,0,0,0,0,20
1047138448,1047138252,2490378,-2.501103,-0.12330139,-9.730156,34.073067,0,0,0,0,20
1048138753,1048138555,2490378,-1.4550163,0.75168955,-9.101139,34.142513,0,0,0,0,20
1049136567,1049136369,2490378,-2.6358964,-2.2664711,-9.867224,34.19384,0,0,0,0,20
1050139358,1050139161,2490378,-1.3272257,-0.8992023,-9.64552,34.16063,0,0,0,0,20
1051139662,1051139465,2490378,-0.9616311,-0.5813122,-10.5155735,34.09722,0,0,0,0,20
1052137478,1052137280,2490378,-1.0711658,-0.6575675,-11.979867,34.211956,0,0,0,0,20
1053137813,1053137584,2490378,-1.0019135,-0.012898762,-8.877371,34.127415,0,0,0,0,20
1054138088,1054137889,2490378,-1.0965145,-0.4631284,-8.993849,34.320652,0,0,0,0,20
1055140881,1055140682,2490378,-1.220205,-0.5840655,-10.22396,34.2029,0,0,0,0,20
1056136207,1056136011,2490378,-1.0758944,-0.59064955,-9.145282,34.175724,0,0,0,0,20
1057138999,1057138804,2490378,-0.8002619,-0.82204914,-10.959099,34.23611,0,0,0,0,20
1058139305,1058139110,2490378,-1.1907861,-1.0208876,-9.093508,34.317635,0,0,0,0,20
1059137122,1059136928,2490378,-1.9461268,-2.5826254,-9.873688,34.311596,0,0,0,0,20
1060137432,1060137235,2490378,-1.5506047,-0.014963761,-10.585843,34.347828,0,0,0,0,20
1061137741,1061137541,2490378,-2.0499156,-0.317531,-8.590665,34.344807,0,0,0,0,20
1062140533,1062140338,2490378,-2.1981466,-0.69722146,-9.508781,34.365944,0,0,0,0,20
1063138352,1063138157,2490378,-2.622848,-0.45657426,-11.286028,34.19384,0,0,0,0,20
1064138662,1064138465,2490378,-1.9506758,-0.04758476,-9.0519085,34.338768,0,0,0,0,20
1065138968,1065138773,2490378,-1.908089,-0.7476494,-8.881591,34.3901,0,0,0,0,20
1066136793,1066136594,2490378,-2.1382616,-1.5708357,-9.925043,34.408215,0,0,0,0,20
1067137104,1067136904,2490378,-2.5767596,-0.22050598,-10.540473,34.408215,0,0,0,0,20
1068139897,1068139702,2490378,-2.1732168,0.6527791,-9.851063,34.384056,0,0,0,0,20
1069140208,1069140012,2490378,-2.27922,0.9948507,-9.36917,34.480675,0,0,0,0,20
1070138029,1070137835,2490378,-2.2466292,0.7760805,-9.1198435,34.453503,0,0,0,0,20
1071138343,1071138146,2490378,-3.3175256,0.67049617,-10.146387,34.3901,0,0,0,0,20
1072138658,1072138458,2490378,-2.0949266,0.7385514,-9.018209,34.51389,0,0,0,0,20
1073136480,1073136282,2490378,-2.2757785,1.0932524,-9.580159,34.519928,0,0,0,0,20
1074136792,1074136595,2490378,-2.029894,0.5782895,-9.230905,34.565216,0,0,0,0,20
1075139591,1075139396,2490378,-2.331324,0.4866215,-9.607303,34.51691,0,0,0,0,20
1076137417,1076137222,2490378,-1.6599898,1.1506234,-9.446861,34.510868,0,0,0,0,20
1077137732,1077137536,2490378,-1.9337968,0.015682021,-10.295307,34.574276,0,0,0,0,20
1078138047,1078137851,2490378,-1.368406,0.18872295,-9.311529,34.63768,0,0,0,0,20
1079138364,1079138166,2490378,-1.5506047,-0.46698904,-9.791207,34.559177,0,0,0,0,20
1080136194,1080135994,2490378,-1.5438411,-0.081103586,-9.686312,34.525967,0,0,0,0,20
1081138996,1081138799,2490378,-1.1076775,-0.63215905,-8.97254,34.676933,0,0,0,0,20
1082139310,1082139116,2490378,-1.2058398,1.0396821,-10.329424,34.58937,0,0,0,0,20
1083139635,1083139433,2490378,-1.2898762,0.25378537,-9.788335,34.710144,0,0,0,0,20
1084137458,1084137263,2490378,-1.3674783,-0.39285856,-8.784206,34.65278,0,0,0,0,20
1085137776,1085137581,2490378,-1.2252028,-0.050637368,-8.6046715,34.77657,0,0,0,0,20
1086138136,1086137900,2490378,-1.2545617,0.45489833,-10.602124,34.6407,0,0,0,0,20
1087135928,1087135731,2490378,-1.5230714,0.9812636,-10.564415,34.81884,0,0,0,0,20
1088138736,1088138540,2490378,-1.4887446,0.7163751,-8.822663,34.764492,0,0,0,0,20
1089139058,1089138861,2490378,-1.4524425,0.72017586,-10.039247,34.842995,0,0,0,0,20
1090139378,1090139182,2490378,-1.5295956,0.91542304,-9.675508,34.87017,0,0,0,0,20
1091137210,1091137016,2490378,-1.3340193,0.7272687,-9.483792,34.897343,0,0,0,0,20
1092137537,1092137338,2490378,-1.2048521,0.28493994,-9.196249,34.773552,0,0,0,0,20
1093140345,1093140150,2490378,-1.9136854,0.08056489,-11.019314,34.852055,0,0,0,0,20
1094135697,1094135497,2490378,-1.3532028,1.2010514,-10.328945,34.930557,0,0,0,0,20
1095138505,1095138310,2490378,-0.84658974,0.26491842,-9.626606,34.972828,0,0,0,0,20
1096138885,1096138635,2490378,0.1372476,-0.9288605,-9.162131,35.00604,0,0,0,0,20
1097139154,1097138960,2490378,0.0207697,-1.6869246,-9.372552,34.91848,0,0,0,0,20
1098136994,1098136798,2490378,-0.59313357,-0.9236531,-9.618795,35.012077,0,0,0,0,20
1099137322,1099137125,2490378,-0.44771573,-0.34165257,-10.016263,35.063404,0,0,0,0,20
1100140140,1100139941,2490378,-0.32273838,-0.6908469,-11.272021,34.996983,0,0,0,0,20
1101137983,1101137780,2490378,-0.33854014,0.017836804,-9.906728,35.027176,0,0,0,0,20
1102138303,1102138109,2490378,-0.23639749,0.88959557,-9.65815,35.030193,0,0,0,0,20
1103138636,1103138439,2490378,-0.70341647,1.408868,-9.924086,35.190216,0,0,0,0,20
1104136477,1104136281,2490378,-0.40617633,0.78422076,-8.777114,35.274757,0,0,0,0,20
1105136810,1105136611,2490378,-0.090979666,1.0049661,-10.349416,35.1872,0,0,0,0,20
1106137142,1106136943,2490378,-0.14987703,-0.030166943,-10.284653,35.25664,0,0,0,0,20
1107139959,1107139764,2490378,0.8306084,1.2808081,-6.105813,35.19626,0,0,0,0,20
1108137808,1108137608,2490378,0.24097641,0.9004593,-10.076596,35.217392,0,0,0,0,20
1109138139,1109137942,2490378,-1.3838785,2.755457,-8.747545,35.27778,0,0,0,0,20
1110138479,1110138277,2490378,0.95983547,1.9235016,-9.175778,35.44988,0,0,0,0,20
1111138845,1111138612,2490378,0.26357168,0.147004,-6.2561088,35.283817,0,0,0,0,20
1112136657,1112136460,2490378,-0.411683,0.35793316,-13.2877,35.49215,0,0,0,0,20
1113139485,1113139285,2490378,-1.4528016,1.9458874,-9.383236,35.425724,0,0,0,0,20
1114139819,1114139623,2490378,0.08906431,5.7671533,-33.2982,35.434784,0,0,0,0,20
1115137671,1115137473,2490378,-7.491457,-3.5690365,-6.962698,35.477055,0,0,0,0,20
1116138006,1116137812,2490378,2.592621,-3.025433,-3.2097268,35.4378,0,0,0,0,20
1117138351,1117138152,2490378,-0.21897967,-0.75037277,7.119907,35.498188,0,0,0,0,20
1118138692,1118138493,2490378,-0.90033954,2.976352,-9.442971,35.510265,0,0,0,0,20
1119136541,1119136346,2490378,1.5009251,1.9859903,-13.7716875,35.54952,0,0,0,0,20
1120139376,1120139177,2490378,-0.41706994,2.985809,-7.396557,35.57669,0,0,0,0,20
1121139714,1121139520,2490378,-0.8985439,3.350446,-7.74638,35.664253,0,0,0,0,20
1122137573,1122137376,2490378,0.6277597,0.81726074,-9.401432,35.736717,0,0,0,0,20
1123137915,1123137720,2490378,-0.09588778,-0.032321725,-11.102512,35.646137,0,0,0,0,20
1124138265,1124138066,2490378,-0.69838864,0.25103205,-12.173917,35.836353,0,0,0,0,20
1125141102,1125140901,2490378,2.2967577,0.62991446,-4.944655,35.80314,0,0,0,0,20
1126136469,1126136271,2490378,-1.1653777,2.180998,-10.726862,35.775967,0,0,0,0,20
1127139304,1127139108,2490378,-0.97132766,0.99419224,-10.454402,35.818237,0,0,0,0,20
1128139654,1128139457,2490378,-0.9504083,1.7516878,-7.4480925,35.80616,0,0,0,0,20
1129137516,1129137318,2490378,-2.429636,0.99371344,-12.339356,35.863525,0,0,0,0,20
1130137865,1130137668,2490378,-0.50484735,1.022773,-8.040149,35.863525,0,0,0,0,20
1131138218,1131138020,2490378,-0.19710265,0.66932905,-8.899936,35.917873,0,0,0,0,20
1132141058,1132140860,2490378,-0.3858256,0.57137626,-9.078334,36.002415,0,0,0,0,20
1133136433,1133136236,2490378,-1.1725603,0.8046912,-11.048642,35.94505,0,0,0,0,20
1134139275,1134139079,2490378,-0.4866215,0.28455088,-12.820112,36.008453,0,0,0,0,20
1135139634,1135139433,2490378,-0.9489418,0.95480764,-9.24533,36.06884,0,0,0,0,20
1136137531,1136137300,2490378,0.36391866,0.13922283,-10.808145,35.999397,0,0,0,0,20
1137137857,1137137657,2490378,-0.5736208,0.2930503,-7.684879,36.156403,0,0,0,0,20
1138138209,1138138014,2490378,-0.7875727,2.3286006,-12.817598,35.9843,0,0,0,0,20
1139141062,1139140860,2490378,-0.10226234,0.83105737,-7.330477,36.20169,0,0,0,0,20
1140136436,1140136241,2490378,-1.2635698,1.1529578,-9.156505,36.192635,0,0,0,0,20
1141139286,1141139089,2490378,-1.5435419,0.5471948,-11.048762,36.171497,0,0,0,0,20
1142139649,1142139449,2490378,-0.5355829,1.5862783,-10.140641,36.183575,0,0,0,0,20
1143137520,1143137321,2490378,-0.5400721,1.1160871,-8.306354,36.29831,0,0,0,0,20
1144137879,1144137682,2490378,-0.5681441,-0.11013328,-10.494744,36.361713,0,0,0,0,20
1145138241,1145138044,2490378,-0.80756426,0.6135142,-8.051701,36.3436,0,0,0,0,20
1146141093,1146140895,2490378,-1.4198813,0.024899699,-9.272624,36.403988,0,0,0,0,20
1147136478,1147136281,2490378,-1.0445902,-0.16927007,-10.351451,36.286232,0,0,0,0,20
1148139329,1148139133,2490378,-1.108276,-0.17848773,-10.933242,36.38587,0,0,0,0,20
1149139692,1149139497,2490378,0.03902549,2.131917,-10.262147,36.376812,0,0,0,0,20
1150137570,1150137373,2490378,-0.39899373,0.842759,-9.431838,36.34058,0,0,0,0,20
1151137936,1151137739,2490378,-1.9659988,-1.0951079,-10.975619,36.38889,0,0,0,0,20
1152138301,1152138104,2490378,-1.6055517,0.2531569,-7.6325355,36.376812,0,0,0,0,20
1153138669,1153138470,2490378,-0.34081462,0.17034745,-10.773069,36.50664,0,0,0,0,20
1154136548,1154136349,2490378,-1.0074801,0.4474763,-10.646177,36.410023,0,0,0,0,20
1155139399,1155139204,2490378,-1.0583569,0.61758435,-10.788632,36.5157,0,0,0,0,20
1156139767,1156139571,2490378,-1.6791734,0.6121974,-11.639292,36.627415,0,0,0,0,20
1157137650,1157137451,2490378,-1.6178219,-0.3120842,-8.246349,36.545895,0,0,0,0,20
1158138014,1158137819,2490378,-1.1063607,1.0198102,-11.573212,36.4372,0,0,0,0,20
1159138381,1159138187,2490378,-1.5386038,0.14000094,-9.131037,36.5157,0,0,0,0,20
1160138752,1160138556,2490378,-1.916319,-0.035404257,-8.9645195,36.494564,0,0,0,0,20
1161136637,1161136437,2490378,-1.8313249,0.75429326,-11.312005,36.551933,0,0,0,0,20
1162139498,1162139295,2490378,-1.6060305,1.0552444,-10.276393,36.567028,0,0,0,0,20
1163139862,1163139665,2490378,-1.4841657,1.188003,-10.037571,36.55495,0,0,0,0,20
1164137745,1164137547,2490378,-1.1146206,1.0906786,-10.253169,36.717995,0,0,0,0,20
1165138113,1165137918,2490378,-1.4287698,0.4148553,-8.180269,36.7029,0,0,0,0,20
1166138486,1166138289,2490378,-1.8901025,0.68043214,-12.186846,36.678745,0,0,0,0,20
1167138858,1167138661,2490378,-2.0039468,0.5731719,-12.008837,36.772343,0,0,0,0,20
1168136745,1168136545,2490378,-1.4619595,0.54668605,-6.938187,36.681763,0,0,0,0,20
1169139603,1169139406,2490378,-1.6382326,0.5851429,-10.233058,36.690823,0,0,0,0,20
1170139976,1170139778,2490378,-1.3223176,0.533069,-10.02967,36.75121,0,0,0,0,20
1171137859,1171137663,2490378,-1.3295002,1.4050373,-10.114066,36.847828,0,0,0,0,20
1172138232,1172138037,2490378,-1.3195642,0.8816648,-10.056006,36.84179,0,0,0,0,20
1173138623,1173138411,2490378,-0.801459,2.9497762,-9.279327,36.757248,0,0,0,0,20
1174138980,1174138785,2490378,-0.89662856,2.598427,-7.999118,36.754227,0,0,0,0,20
1175136868,1175136672,2490378,-0.44675803,0.6858191,-9.986216,36.817635,0,0,0,0,20
1176137241,1176137047,2490378,-0.48566383,2.453189,-8.459283,36.77838,0,0,0,0,20
1177140109,1177139912,2490378,-0.73645645,0.41228154,-9.048766,36.862923,0,0,0,0,20
1178137998,1178137799,2490378,-1.0867282,0.42664674,-10.28166,36.920288,0,0,0,0,20
1179138371,1179138176,2490378,-1.6232089,0.49332526,-3.6516364,36.905193,0,0,0,0,20
1180138748,1180138553,2490378,-1.3524846,-0.48015717,-11.171944,36.79348,0,0,0,0,20
1181139129,1181138932,2490378,-1.2995727,-0.2160767,-8.564419,36.88104,0,0,0,0,20
1182137017,1182136820,2490378,-1.9385852,-0.09313445,-11.255142,36.97162,0,0,0,0,20
1183137393,1183137198,2490378,-1.5380052,2.8526914,-8.005193,36.896137,0,0,0,0,20
1184140260,1184140065,2490378,-0.8655039,-0.16232687,-10.230663,36.875,0,0,0,0,20
1185135664,1185135467,2490378,0.22409728,1.3487736,-10.9506,36.92331,0,0,0,0,20
1186138530,1186138335,2490378,-0.85257524,-1.8715475,-10.015065,37.053143,0,0,0,0,20
1187138909,1187138715,2490378,-0.7050325,3.0273783,-5.2406683,36.99879,0,0,0,0,20
1188139290,1188139095,2490378,-1.4035109,1.3141174,-7.98155,36.914253,0,0,0,0,20
1189137183,1189136987,2490378,-1.6458939,1.9707872,-9.334873,36.92331,0,0,0,0,20
1190137564,1190137369,2490378,-0.48578352,-0.9931149,-13.067673,37.077293,0,0,0,0,20
1191140436,1191140239,2490378,-0.97060937,-0.2741361,-10.438121,36.983696,0,0,0,0,20
1192135839,1192135643,2490378,0.5498284,0.36152446,-8.945695,37.04106,0,0,0,0,20
1193138712,1193138514,2490378,-1.1129447,2.0198684,-12.126512,37.032005,0,0,0,0,20
1194139091,1194138897,2490378,-1.7100586,-0.49583918,-10.662578,37.068237,0,0,0,0,20
1195139475,1195139280,2490378,-0.78529817,2.5790043,-8.329787,37.0622,0,0,0,0,20
1196137371,1196137175,2490378,0.35075057,0.29688102,-10.580457,37.092392,0,0,0,0,20
1197137755,1197137559,2490378,-0.5529409,-0.19680338,-11.927195,37.13768,0,0,0,0,20
1198138143,1198137943,2490378,-1.087207,-0.6813898,-10.672034,37.167873,0,0,0,0,20
1199136073,1199135839,2490378,-1.7312473,1.0933123,-10.787076,37.13768,0,0,0,0,20
1200138907,1200138712,2490378,-0.88944596,1.0423157,-13.193607,37.071255,0,0,0,0,20
1201139332,1201139097,2490378,-1.5184027,2.8571205,-10.036972,37.092392,0,0,0,0,20
1202139679,1202139482,2490378,-0.2266112,-0.5220557,-10.324157,37.134663,0,0,0,0,20
1203137574,1203137379,2490378,-0.92081,2.6677394,-12.299134,37.17995,0,0,0,0,20
1204137959,1204137765,2490378,-0.40869024,0.38498765,-9.032006,37.18901,0,0,0,0,20
1205138354,1205138151,2490378,-0.6464345,1.5801731,-12.305479,37.2343,0,0,0,0,20
1206136245,1206136049,2490378,0.23475148,0.85413146,-10.821313,37.213165,0,0,0,0,20
1207139120,1207138924,2490378,-1.4676456,0.6405687,-12.083177,37.207127,0,0,0,0,20
1208139509,1208139310,2490378,-0.5760449,-0.5433341,-8.962245,37.23732,0,0,0,0,20
1209139893,1209139697,2490378,-0.8447642,-0.04129998,-8.541076,37.246376,0,0,0,0,20
1210137794,1210137596,2490378,-0.21452047,0.06584055,-11.397957,37.192028,0,0,0,0,20
1211138179,1211137983,2490378,-1.0111911,2.3611917,-5.4875402,37.300724,0,0,0,0,20
1212138566,1212138370,2490378,-0.56413376,0.6330569,-5.247761,37.288647,0,0,0,0,20
1213136464,1213136269,2490378,-1.5734694,-0.8678981,-14.171998,37.2343,0,0,0,0,20
1214136853,1214136657,2490378,-1.0334572,-0.84946275,-12.583804,37.18599,0,0,0,0,20
1215139728,1215139533,2490378,-0.34213144,-0.81606364,-11.599548,37.339977,0,0,0,0,20
1216140116,1216139921,2490378,-1.8732234,-0.36355954,-14.099933,37.249397,0,0,0,0,20
1217138018,1217137821,2490378,-1.805707,0.22170308,-16.791374,37.24336,0,0,0,0,20
1218138409,1218138209,2490378,-0.18417397,1.9996971,-6.6886516,37.31884,0,0,0,0,20
1219138799,1219138598,2490378,-2.81199,-0.6675034,-13.119627,37.294685,0,0,0,0,20
1220136696,1220136498,2490378,-1.1056423,1.5960946,-7.598957,37.17995,0,0,0,0,20
1221137084,1221136887,2490378,-2.974676,-0.29927522,-11.83023,37.288647,0,0,0,0,20
1222139964,1222139764,2490378,-2.9434316,-0.7721301,-14.300447,37.27053,0,0,0,0,20
1223140351,1223140153,2490378,0.81337017,1.814775,-6.3949428,37.3279,0,0,0,0,20
1224138248,1224138054,2490378,-0.54785323,1.5666459,-7.3046794,37.2343,0,0,0,0,20
1225138644,1225138443,2490378,0.33378166,3.3725324,-6.033568,37.33394,0,0,0,0,20
1226139028,1226138832,2490378,1.0162189,0.99012214,-9.729917,37.37017,0,0,0,0,20
1227136930,1227136733,2490378,-0.908001,-0.1756147,-15.607082,37.31884,0,0,0,0,20
1228137317,1228137123,2490378,-1.3107058,3.4535162,-8.589318,37.315823,0,0,0,0,20
1229137716,1229137512,2490378,-1.0594343,0.4510676,-12.55304,37.349033,0,0,0,0,20
1230140587,1230140391,2490378,0.17064673,0.14053965,-5.585463,37.258453,0,0,0,0,20
1231138490,1231138292,2490378,-1.0222044,-1.3626599,-14.688189,37.309784,0,0,0,0,20
1232138880,1232138682,2490378,-1.4507666,-0.1091756,-14.0040455,37.27959,0,0,0,0,20
1233139267,1233139072,2490378,-0.55353945,-2.3421278,-11.79683,37.3128,0,0,0,0,20
1234137167,1234136973,2490378,-1.2265495,3.873938,-9.628283,37.36715,0,0,0,0,20
1235137558,1235137363,2490378,-0.04950012,1.209461,-8.007378,37.37017,0,0,0,0,20
1236137949,1236137753,2490378,-1.2824541,0.37576997,-10.522636,37.225243,0,0,0,0,20
1237140827,1237140632,2490378,2.02741,0.8228871,-9.498037,37.33394,0,0,0,0,20
1238136241,1238136045,2490378,0.67324954,0.7723695,-8.369531,37.300724,0,0,0,0,20
1239139120,1239138924,2490378,-0.6183026,2.401504,-9.300516,37.41848,0,0,0,0,20
1240139515,1240139314,2490378,-0.13347675,1.1235988,-11.145608,37.273552,0,0,0,0,20
1241137411,1241137216,2490378,0.16101007,0.757286,-12.88715,37.31884,0,0,0,0,20
1242137809,1242137610,2490378,1.6217126,0.73274547,-8.829098,37.309784,0,0,0,0,20
1243138237,1243137997,2490378,0.855568,0.9159019,-9.912594,37.255436,0,0,0,0,20
1244141073,1244140876,2490378,-0.64344174,0.88489693,-9.7227335,37.430557,0,0,0,0,20
1245136484,1245136289,2490378,0.17908628,0.99754417,-10.747092,37.33394,0,0,0,0,20
1246139365,1246139168,2490378,-0.4293103,-0.7118261,-9.339063,37.288647,0,0,0,0,20
1247139756,1247139559,2490378,0.47500962,-0.27964276,-8.8198805,37.37621,0,0,0,0,20
1248137660,1248137463,2490378,-0.39899373,1.6123153,-8.533114,37.394325,0,0,0,0,20
1249138049,1249137851,2490378,-0.8604761,0.9692926,-9.604699,37.288647,0,0,0,0,20
1250138438,1250138242,2490378,0.88307136,2.6443658,-9.376621,37.379227,0,0,0,0,20
1251138829,1251138633,2490378,-0.63542116,-0.43766007,-9.816227,37.303745,0,0,0,0,20
1252136735,1252136535,2490378,-0.5634754,0.8567651,-10.043077,37.31884,0,0,0,0,20
1253139589,1253139414,2490378,0.20554222,-0.6997354,-8.693137,37.273552,0,0,0,0,20
1254140000,1254139804,2490378,-2.136825,-0.1115698,-10.782766,37.406403,0,0,0,0,20
1255137952,1255137707,2490378,-0.56563014,2.1072567,-11.188105,37.400364,0,0,0,0,20
1256138291,1256138097,2490378,-0.15131354,0.31627405,-14.318763,37.258453,0,0,0,0,20
1257138745,1257138488,2490378,-1.5960946,0.39707837,-12.687713,37.306763,0,0,0,0,20
1258139073,1258138878,2490378,-1.2601881,1.9978416,-11.074619,37.358093,0,0,0,0,20
1259136975,1259136780,2490378,-1.637664,2.040189,-9.119005,37.41848,0,0,0,0,20
1260137370,1260137171,2490378,-1.3441049,1.4396036,-9.501479,37.339977,0,0,0,0,20
1261140252,1261140050,2490378,-0.9169194,0.6823774,-8.829217,37.32488,0,0,0,0,20
1262135661,1262135463,2490378,-2.0458155,0.4390966,-6.597223,37.27657,0,0,0,0,20
1263138536,1263138342,2490378,-1.1034876,1.2970588,-10.522516,37.330917,0,0,0,0,20
1264138927,1264138732,2490378,-0.18195933,0.006943185,-10.761218,37.37621,0,0,0,0,20
1265139319,1265139122,2490378,-3.06805,1.8279132,-1.4813824,37.273552,0,0,0,0,20
1266137267,1266137025,2490378,-0.8271967,-0.8865729,-18.521425,37.36715,0,0,0,0,20
1267137610,1267137414,2490378,-3.5984254,3.3240497,-4.964647,37.400364,0,0,0,0,20
1268140493,1268140293,2490378,-1.5390527,0.15439609,-7.2181892,37.24336,0,0,0,0,20
1269135910,1269135707,2490378,-2.581548,4.362116,-4.77323,37.382248,0,0,0,0,20
1270138781,1270138585,2490378,-2.25046,2.3294387,-2.183871,37.315823,0,0,0,0,20
1271139174,1271138976,2490378,-0.61435217,0.9247604,-9.432077,37.219204,0,0,0,0,20
1272139563,1272139366,2490378,0.6240487,-0.48207253,-12.984115,37.36715,0,0,0,0,20
1273137463,1273137268,2490378,-2.987485,0.38031894,-4.268772,37.315823,0,0,0,0,20
1274137852,1274137658,2490378,-0.92535895,1.1349714,-10.945811,37.349033,0,0,0,0,20
1275138246,1275138048,2490378,-1.0342952,0.6135142,-12.823344,37.3128,0,0,0,0,20
1276136145,1276135950,2490378,-1.8704102,0.9544186,-9.132862,37.32186,0,0,0,0,20
1277139026,1277138829,2490378,-2.4295762,0.73885065,-8.750328,37.207127,0,0,0,0,20
1278139414,1278139219,2490378,-1.7600675,1.1997045,-8.379376,37.385265,0,0,0,0,20
1279137317,1279137121,2490378,-1.7614142,0.38019922,-9.426571,37.349033,0,0,0,0,20
1280137709,1280137511,2490378,-1.6007633,0.83270335,-14.156316,37.336956,0,0,0,0,20
1281138106,1281137905,2490378,-1.7620127,0.21559787,-10.139085,37.342995,0,0,0,0,20
1282138488,1282138292,2490378,-1.9213768,0.25363573,-7.6068277,37.32186,0,0,0,0,20
1283136389,1283136194,2490378,-2.1306002,0.025019407,-9.018001,37.252415,0,0,0,0,20
1284136780,1284136584,2490378,-1.4261062,0.7037756,-10.52946,37.27053,0,0,0,0,20
1285139663,1285139463,2490378,-1.0374675,1.8427572,-9.178592,37.37621,0,0,0,0,20
1286140048,1286139853,2490378,-1.132218,0.6214151,-10.234255,37.358093,0,0,0,0,20
1287137952,1287137755,2490378,-1.3656527,0.35829228,-8.02728,37.379227,0,0,0,0,20
1288138342,1288138145,2490378,-2.1127036,-0.26916814,-8.247665,37.349033,0,0,0,0,20
1289138731,1289138535,2490378,-2.7687745,-1.1147404,-11.006385,37.291668,0,0,0,0,20
1290136640,1290136437,2490378,-1.3311762,-0.009696517,-11.609724,37.3128,0,0,0,0,20
1291137028,1291136827,2490378,-3.2761059,0.47417164,-11.612118,37.364132,0,0,0,0,20
1292139901,1292139706,2490378,-2.2319946,2.2841883,-10.242635,37.204105,0,0,0,0,20
1293140357,1293140096,2490378,-1.1619061,1.6881516,-8.662581,37.355072,0,0,0,0,20
1294138194,1294137998,2490378,-0.85377234,0.71131736,-11.326011,37.355072,0,0,0,0,20
1295138583,1295138387,2490378,-2.1997926,2.0982783,-13.0759325,37.32488,0,0,0,0,20
1296138974,1296138777,2490378,-3.13401,0.9388862,-14.882597,37.23128,0,0,0,0,20
1297136874,1297136679,2490378,-0.012090718,1.48237,-11.779353,37.309784,0,0,0,0,20
1298137263,1298137069,2490378,0.4780323,0.69105643,-8.428877,37.394325,0,0,0,0,20
1299137658,1299137459,2490378,-0.37541083,2.8609514,-6.5553246,37.306763,0,0,0,0,20
1300135557,1300135360,2490378,-1.0569204,-0.100795895,-12.804311,37.207127,0,0,0,0,20
1301138434,1301138238,2490378,-0.19297266,1.2665327,-13.555252,37.294685,0,0,0,0,20
1302138823,1302138628,2490378,-0.51810527,1.6031575,-12.072284,37.306763,0,0,0,0,20
1303139214,1303139017,2490378,-0.7093421,0.87555957,-8.420707,37.288647,0,0,0,0,20
1304137113,1304136918,2490378,-0.19114707,1.0030508,-7.50678,37.24336,0,0,0,0,20
1305137503,1305137308,2490378,-2.0163968,0.7134721,-15.041094,37.3279,0,0,0,0,20
1306137894,1306137698,2490378,-0.35170823,0.68623805,-7.7816944,37.31884,0,0,0,0,20
1307140773,1307140576,2490378,-0.35506013,1.1828554,-9.664315,37.297707,0,0,0,0,20
1308136195,1308135988,2490378,-2.635657,0.98090446,-13.106219,37.342995,0,0,0,0,20
1309139060,1309138866,2490378,-2.026572,0.060902506,-8.131008,37.261475,0,0,0,0,20
1310139451,1310139255,2490378,-1.067814,0.0973243,-10.070611,37.342995,0,0,0,0,20
1311137354,1311137156,2490378,-2.2335508,0.53103393,-12.253046,37.339977,0,0,0,0,20
1312137740,1312137545,2490378,-1.0334572,1.0078392,-10.2159395,37.31884,0,0,0,0,20
1313138131,1313137934,2490378,-1.6048034,0.09932944,-9.144684,37.349033,0,0,0,0,20
1314141009,1314140812,2490378,-0.022385785,2.1808784,-10.826819,37.213165,0,0,0,0,20
1315136421,1315136224,2490378,-2.557965,1.5058331,-11.266155,37.382248,0,0,0,0,20
1316139296,1316139102,2490378,-1.929128,0.70940197,-11.135552,37.23128,0,0,0,0,20
1317139686,1317139491,2490378,-0.85963815,-0.005865794,-11.312723,37.315823,0,0,0,0,20
1318137605,1318137392,2490378,-0.05614403,0.17753007,-10.967239,37.27959,0,0,0,0,20
1319137977,1319137781,2490378,-1.3239337,0.19815011,-6.148071,37.201088,0,0,0,0,20
1320138366,1320138171,2490378,-1.2077551,1.1583148,-10.075998,37.31884,0,0,0,0,20
1321138756,1321138560,2490378,-1.6248848,1.7055396,-7.9658084,37.282608,0,0,0,0,20
1322136661,1322136461,2490378,-0.9986215,-0.13599066,-11.165958,37.240337,0,0,0,0,20
1323139534,1323139338,2490378,-2.3629575,2.087744,-11.223299,37.303745,0,0,0,0,20
1324139904,1324139728,2490378,-1.045099,1.6929101,-7.781814,37.18599,0,0,0,0,20
1325137826,1325137628,2490378,-1.5193604,-0.98449576,-11.102153,37.3128,0,0,0,0,20
1326138214,1326138017,2490378,-1.1025299,1.2117054,-8.03554,37.267513,0,0,0,0,20
1327138604,1327138407,2490378,-0.57508725,0.40880996,-8.857589,37.155796,0,0,0,0,20
1328138992,1328138796,2490378,-1.7600974,1.5057135,-13.201748,37.249397,0,0,0,0,20
1329136891,1329136697,2490378,-0.9866505,0.99592805,-7.5135436,37.249397,0,0,0,0,20
1330137282,1330137086,2490378,-1.4971243,1.9879955,-9.1378,37.273552,0,0,0,0,20
1331140158,1331139964,2490378,-1.2919412,-0.08538322,-8.897602,37.33394,0,0,0,0,20
1332138125,1332137864,2490378,-1.779251,1.1631032,-9.481158,37.24336,0,0,0,0,20
1333138449,1333138254,2490378,-1.3383588,1.3723564,-9.45171,37.31884,0,0,0,0,20
1334138840,1334138643,2490378,-1.3227965,0.8793903,-9.825564,37.204105,0,0,0,0,20
1335139230,1335139033,2490378,-1.8558655,0.23906104,-12.17272,37.204105,0,0,0,0,20
1336137129,1336136934,2490378,-1.7022774,-1.2534844,-11.336306,37.22222,0,0,0,0,20
1337137517,1337137323,2490378,-1.3318645,2.1509807,-6.687993,37.288647,0,0,0,0,20
1338140400,1338140201,2490378,-1.1527183,0.41653123,-8.177456,37.388287,0,0,0,0,20
1339135816,1339135614,2490378,-1.6745046,1.8750191,-8.042722,37.309784,0,0,0,0,20
1340138689,1340138493,2490378,-1.9911379,-0.65110314,-12.38724,37.397343,0,0,0,0,20
1341139079,1341138883,2490378,-1.6628928,-1.7586609,-12.349412,37.33394,0,0,0,0,20
1342139471,1342139273,2490378,-0.0011971008,1.8871996,-9.182752,37.391304,0,0,0,0,20
1343137372,1343137175,2490378,0.095648356,0.3039439,-9.837894,37.3128,0,0,0,0,20
1344137766,1344137565,2490378,-0.4156334,0.43610385,-9.677124,37.382248,0,0,0,0,20
1345138152,1345137956,2490378,-0.09121908,0.093852706,-11.164402,37.24336,0,0,0,0,20
1346136055,1346135858,2490378,-1.0508151,1.7311275,-12.167932,37.364132,0,0,0,0,20
1347138932,1347138737,2490378,-0.46013564,1.376666,-7.6900563,37.382248,0,0,0,0,20
1348139327,1348139128,2490378,0.40934864,1.4777611,-7.822396,37.306763,0,0,0,0,20
1349139716,1349139519,2490378,-1.3237542,0.36990416,-11.353305,37.33394,0,0,0,0,20
1350137619,1350137421,2490378,-1.8025944,2.1155167,-10.17009,37.382248,0,0,0,0,20
1351138012,1351137813,2490378,-0.0066139824,1.4062942,-6.901137,37.445652,0,0,0,0,20
1352138401,1352138204,2490378,-0.604506,1.0255264,-8.932407,37.382248,0,0,0,0,20
1353136301,1353136107,2490378,-0.9842563,1.2738351,-10.425431,37.339977,0,0,0,0,20
1354136698,1354136498,2490378,-1.8303672,1.7988834,-13.112085,37.309784,0,0,0,0,20
1355139575,1355139378,2490378,-2.567063,2.0246568,-13.990278,37.400364,0,0,0,0,20
1356139963,1356139770,2490378,-0.19695301,0.0070329676,-5.407903,37.42452,0,0,0,0,20
1357137872,1357137673,2490378,-0.8925584,0.56790465,-9.242337,37.27959,0,0,0,0,20
1358138261,1358138064,2490378,-2.5891795,0.8068759,-8.933246,37.315823,0,0,0,0,20
1359138657,1359138456,2490378,-1.7981652,1.0799047,-9.594524,37.364132,0,0,0,0,20
1360136555,1360136359,2490378,-2.0667946,0.65936315,-10.881527,37.264492,0,0,0,0,20
1361139436,1361139240,2490378,-1.6210841,0.4192247,-7.5145016,37.32186,0,0,0,0,20
1362139830,1362139632,2490378,-2.4129963,1.005086,-11.371021,37.42452,0,0,0,0,20
1363140219,1363140024,2490378,-2.3565829,0.19066824,-8.438394,37.41848,0,0,0,0,20
1364138124,1364137927,2490378,-2.6420016,0.53223103,-13.39508,37.427536,0,0,0,0,20
1365138516,1365138320,2490378,-2.1849186,0.7547122,-7.9611397,37.524155,0,0,0,0,20
1366138905,1366138712,2490378,-2.1445763,0.40132806,-8.524495,37.37017,0,0,0,0,20
1367136816,1367136616,2490378,-2.3087287,0.49583918,-11.143094,37.385265,0,0,0,0,20
1368137207,1368137009,2490378,-1.9156008,1.208593,-9.621459,37.394325,0,0,0,0,20
1369140088,1369139890,2490378,-1.7580624,1.1312603,-9.778877,37.41244,0,0,0,0,20
1370140487,1370140288,2490378,-1.9703083,0.5920861,-11.605055,37.40338,0,0,0,0,20
1371138382,1371138188,2490378,-1.9170374,0.66379243,-10.39706,37.46679,0,0,0,0,20
1372138776,1372138581,2490378,-1.6745646,0.7207445,-6.5935416,37.427536,0,0,0,0,20
1373139170,1373138975,2490378,-1.9877859,0.7264008,-11.873684,37.45773,0,0,0,0,20
1374137077,1374136880,2490378,-1.7149367,0.7976882,-8.454016,37.463768,0,0,0,0,20
1375137468,1375137274,2490378,-2.0606894,0.4663905,-9.979392,37.40338,0,0,0,0,20
1376137868,1376137668,2490378,-1.595526,0.80220723,-9.306382,37.445652,0,0,0,0,20
1377140747,1377140550,2490378,-1.581011,1.28832,-10.031705,37.37017,0,0,0,0,20
1378136165,1378135968,2490378,-0.79966336,0.97623575,-10.969753,37.469807,0,0,0,0,20
1379139066,1379138851,2490378,-3.308308,9.666829,13.647668,37.427536,0,0,0,0,20
1380139445,1380139245,2490378,-2.702934,2.1741745,-10.243233,37.63285,0,0,0,0,20
1381137348,1381137152,2490378,-0.6477513,0.17405847,-7.923431,37.463768,0,0,0,0,20
1382137742,1382137547,2490378,-2.0339942,0.8987833,-10.861056,37.463768,0,0,0,0,20
1383138138,1383137942,2490378,-0.31744123,0.44678798,-8.466915,37.400364,0,0,0,0,20
1384141025,1384140826,2490378,-0.45142674,0.13694833,-13.657723,37.521137,0,0,0,0,20
1385136439,1385136245,2490378,-0.33602622,-0.33877954,-8.925225,37.54831,0,0,0,0,20
1386139324,1386139129,2490378,-0.26958713,-0.1453879,-9.702831,37.530193,0,0,0,0,20
1387139721,1387139525,2490378,-0.3523367,0.1186327,-9.502048,37.54529,0,0,0,0,20
1388137635,1388137433,2490378,-0.4724957,0.36008793,-10.177991,37.66606,0,0,0,0,20
1389138026,1389137829,2490378,-0.31663316,-0.20745759,-9.327271,37.475845,0,0,0,0,20
1390138422,1390138226,2490378,-0.10115502,-5.9064956,-14.023558,37.563408,0,0,0,0,20
1391138820,1391138623,2490378,-0.39360675,-0.3238158,-10.062949,37.644928,0,0,0,0,20
1392136726,1392136531,2490378,-0.49332526,-0.0037110127,-9.924564,37.58756,0,0,0,0,20
1393139669,1393139417,2490378,-0.47991773,-0.23678654,-10.332058,37.581524,0,0,0,0,20
1394140008,1394139814,2490378,-0.68043214,-0.16723499,-10.935995,37.560387,0,0,0,0,20
1395137919,1395137723,2490378,-0.24708162,-0.31423897,-10.048465,37.554348,0,0,0,0,20
1396138320,1396138121,2490378,-0.20045453,-0.100885674,-9.746197,37.620773,0,0,0,0,20
1397138754,1397138519,2490378,-0.13539211,-0.08774749,-9.5955715,37.611717,0,0,0,0,20
1398139115,1398138918,2490378,-0.29727006,-0.34853593,-9.7198305,37.58454,0,0,0,0,20
1399137025,1399136828,2490378,-0.42473137,-0.4000711,-10.395385,37.617752,0,0,0,0,20
1400137422,1400137226,2490378,-0.3752911,-0.22002713,-9.86028,37.617752,0,0,0,0,20
1401140308,1401140114,2490378,-0.25115177,-0.44580036,-9.509649,37.690216,0,0,0,0,20
1402135733,1402135536,2490378,-0.26602575,-0.39378634,-9.387036,37.67814,0,0,0,0,20
1403138620,1403138424,2490378,-0.111240596,-0.55778915,-9.153632,37.614735,0,0,0,0,20
1404139019,1404138824,2490378,-0.1719336,-1.1501147,-9.2923155,37.66606,0,0,0,0,20
1405139420,1405139223,2490378,-0.21344309,0.0925359,-10.098024,37.647945,0,0,0,0,20
1406137332,1406137135,2490378,-0.006584055,-0.34823665,-10.093835,37.753624,0,0,0,0,20
1407137799,1407137538,2490378,-0.2685995,0.5437232,-9.474126,37.71437,0,0,0,0,20
1408138131,1408137936,2490378,-0.26659435,-0.17992426,-10.259035,37.741547,0,0,0,0,20
1409136095,1409135848,2490378,0.33315316,0.8222886,-9.495523,37.72041,0,0,0,0,20
1410138932,1410138738,2490378,-0.56395423,1.1036073,-9.835022,37.71437,0,0,0,0,20
1411139337,1411139139,2490378,-0.7831434,0.8063971,-8.413225,37.647945,0,0,0,0,20
1412139740,1412139541,2490378,-0.6663662,1.942775,-9.432856,37.64191,0,0,0,0,20
1413137652,1413137454,2490378,-0.6567295,0.9490616,-10.890386,37.792873,0,0,0,0,20
1414138051,1414137856,2490378,-0.61890113,0.2954445,-10.812933,37.684177,0,0,0,0,20
1415138459,1415138258,2490378,-0.4460398,-0.2267309,-10.079589,37.72343,0,0,0,0,20
1416136369,1416136172,2490378,-0.43514615,-0.26994625,-11.027932,37.684177,0,0,0,0,20
1417136770,1417136575,2490378,-0.44256818,0.26408046,-13.461519,37.75664,0,0,0,0,20
1418139663,1418139466,2490378,-0.20554222,-0.32848448,-9.906967,37.705315,0,0,0,0,20
1419140066,1419139869,2490378,-0.07553706,-0.3605668,-9.983941,37.75664,0,0,0,0,20
1420137982,1420137784,2490378,-0.37942111,-0.110073425,-9.028235,37.832127,0,0,0,0,20
1421138386,1421138188,2490378,-0.4936844,-0.14604631,-10.053493,37.85628,0,0,0,0,20
1422138790,1422138592,2490378,-0.31028855,-0.49799395,-10.437523,37.841183,0,0,0,0,20
1423136708,1423136508,2490378,-0.18698716,-0.71012026,-9.965146,37.84722,0,0,0,0,20
1424137107,1424136912,2490378,-0.0329502,-0.81606364,-9.485168,37.877415,0,0,0,0,20
1425140001,1425139805,2490378,-0.3491644,-0.33988687,-9.393591,37.89553,0,0,0,0,20
1426140404,1426140210,2490378,-0.11013328,-0.26659435,-10.283575,37.916668,0,0,0,0,20
1427138321,1427138127,2490378,-0.3657143,-0.41437647,-9.680566,37.955917,0,0,0,0,20
1428138732,1428138532,2490378,-0.1495179,-1.0060436,-10.684245,37.925724,0,0,0,0,20
1429139136,1429138938,2490378,-0.1136348,-0.3862446,-9.697445,37.86232,0,0,0,0,20
1430137053,1430136856,2490378,-0.19141643,-0.47315413,-9.731233,37.913647,0,0,0,0,20
1431137460,1431137262,2490378,-0.21212627,-0.44699746,-9.493788,37.880436,0,0,0,0,20
1432137865,1432137669,2490378,-0.31812957,-0.8369231,-9.402539,37.94988,0,0,0,0,20
1433140761,1433140564,2490378,-0.3440468,-0.79331875,-9.868421,37.841183,0,0,0,0,20
1434136189,1434135994,2490378,-0.41455603,-0.40785226,-10.452127,37.86836,0,0,0,0,20
1435139087,1435138890,2490378,-0.25929204,-0.20015526,-11.100836,37.971016,0,0,0,0,20
1436139495,1436139298,2490378,-0.25387517,-0.4987122,-9.621279,37.94686,0,0,0,0,20
1437137415,1437137217,2490378,-0.23666684,-0.34871548,-9.771096,38.031403,0,0,0,0,20
1438137822,1438137626,2490378,-0.288621,-0.5874174,-9.809403,37.983093,0,0,0,0,20
1439138230,1439138034,2490378,-0.48075572,-0.5341464,-10.278308,38.013287,0,0,0,0,20
1440138641,1440138443,2490378,-0.32130188,-0.23977931,-10.627263,37.974033,0,0,0,0,20
1441136560,1441136364,2490378,-0.26324248,-0.3229778,-9.47658,37.841183,0,0,0,0,20
1442139463,1442139262,2490378,-0.108966105,-0.12479776,-9.066603,38.09179,0,0,0,0,20
1443139869,1443139672,2490378,-0.42943,-0.18136078,-9.347712,38.070652,0,0,0,0,20
1444137795,1444137594,2490378,-0.41814733,-0.21057004,-10.715968,38.152176,0,0,0,0,20
1445138199,1445138004,2490378,-0.36954504,-0.19704281,-10.436206,38.02838,0,0,0,0,20
1446138613,1446138415,2490378,-0.19479823,-0.25094226,-9.729168,38.121983,0,0,0,0,20
1447136539,1447136338,2490378,-0.2672827,-0.39432502,-9.669522,38.112923,0,0,0,0,20
1448136947,1448136749,2490378,-0.35194767,-0.33626562,-9.914509,38.17633,0,0,0,0,20
1449137361,1449137161,2490378,-0.38594532,-0.2622848,-10.402687,38.17029,0,0,0,0,20
1450140257,1450140062,2490378,-0.12761095,-0.31950623,-9.78187,38.13406,0,0,0,0,20
1451135694,1451135497,2490378,-0.35727474,-0.6118383,-9.640821,38.04952,0,0,0,0,20
1452138596,1452138398,2490378,-0.43523595,-0.48964417,-9.570343,38.073673,0,0,0,0,20
1453139008,1453138811,2490378,-0.4284424,-0.031244332,-10.8547125,38.22464,0,0,0,0,20
1454139420,1454139225,2490378,-0.15939398,-0.25800517,-9.70768,38.22162,0,0,0,0,20
1455137349,1455137150,2490378,-0.18576013,-0.36816838,-9.110416,38.058575,0,0,0,0,20
1456137759,1456137564,2490378,-0.430268,-0.29921535,-9.273881,38.188404,0,0,0,0,20
1457138174,1457137978,2490378,-0.63865334,1.0842142,-10.5887165,38.23068,0,0,0,0,20
1458136104,1458135904,2490378,-0.4687847,0.7381324,-9.796954,38.233696,0,0,0,0,20
1459139004,1459138808,2490378,-0.48560396,-0.42766428,-9.609279,38.233696,0,0,0,0,20
1460139418,1460139223,2490378,-0.0037110127,-1.2944251,-10.488997,38.227657,0,0,0,0,20
1461139836,1461139638,2490378,0.22475569,-1.3001413,-8.658181,38.242756,0,0,0,0,20
1462137761,1462137566,2490378,-1.188003,-0.69108635,-10.92594,38.278984,0,0,0,0,20
1463138241,1463137982,2490378,-0.6882133,-0.6997055,-10.222643,38.26087,0,0,0,0,20
1464138594,1464138398,2490378,-0.7975086,0.5681441,-11.2148,38.288044,0,0,0,0,20
1465136522,1465136327,2490378,-0.8747216,0.86813754,-9.759245,38.269928,0,0,0,0,20
1466136941,1466136743,2490378,-0.7334637,-0.8459912,-9.807368,38.242756,0,0,0,0,20
1467139853,1467139649,2490378,-0.8276456,-1.4736611,-9.617867,38.282005,0,0,0,0,20
1468140260,1468140067,2490378,-1.0160394,-0.98635125,-9.5266485,38.294083,0,0,0,0,20
1469138191,1469137996,2490378,-0.9987712,-0.86236155,-9.300695,38.34843,0,0,0,0,20
1470138611,1470138414,2490378,-1.9579781,0.5712565,-10.8689575,38.327293,0,0,0,0,20
1471139029,1471138832,2490378,-2.5045445,1.1641208,-9.485049,38.330315,0,0,0,0,20
1472136960,1472136762,2490378,-2.2982242,0.541329,-9.457545,38.330315,0,0,0,0,20
1473137376,1473137181,2490378,-2.1766286,0.7839814,-9.642378,38.227657,0,0,0,0,20
1474137801,1474137600,2490378,-3.2919075,2.0836737,-9.862794,38.366547,0,0,0,0,20
1475140703,1475140508,2490378,-3.3426647,1.410933,-8.374858,38.38768,0,0,0,0,20
1476136149,1476135951,2490378,-4.299388,1.2922704,-8.972151,38.414856,0,0,0,0,20
1477139089,1477138859,2490378,-3.463931,-1.3415909,-9.835979,38.38164,0,0,0,0,20
1478139473,1478139279,2490378,-3.116652,2.482069,-9.453146,38.39674,0,0,0,0,20
1479137408,1479137210,2490378,-2.526242,0.85257524,-10.265978,38.366547,0,0,0,0,20
1480137825,1480137631,2490378,-1.6084247,0.35805288,-9.011775,38.43599,0,0,0,0,20
1481138248,1481138051,2490378,-2.5808597,1.8615817,-8.578095,38.357487,0,0,0,0,20
1482138673,1482138472,2490378,-1.580233,1.726429,-8.169644,38.460144,0,0,0,0,20
1483136599,1483136404,2490378,-0.18282723,-0.3013103,-8.296088,38.463165,0,0,0,0,20
1484139509,1484139313,2490378,-1.4656106,-1.541866,-10.371323,38.43599,0,0,0,0,20
1485139931,1485139734,2490378,-1.0881647,-0.46339774,-11.312005,38.57186,0,0,0,0,20
1486137862,1486137667,2490378,-1.7933768,-0.44460326,-9.774807,38.372585,0,0,0,0,20
1487138285,1487138088,2490378,-2.0446482,0.5695806,-9.755205,38.432972,0,0,0,0,20
1488138706,1488138510,2490378,-1.8736424,0.48994344,-8.171949,38.420895,0,0,0,0,20
1489139128,1489138931,2490378,-2.4047363,0.75513124,-9.637739,38.457127,0,0,0,0,20
1490137058,1490136864,2490378,-2.7576716,-0.24768017,-8.652616,38.53563,0,0,0,0,20
1491137482,1491137286,2490378,-3.6996403,1.2419921,-7.924688,38.52053,0,0,0,0,20
1492140393,1492140196,2490378,-3.4080265,0.24301147,-9.992919,38.466183,0,0,0,0,20
1493135838,1493135641,2490378,-3.1240742,0.8360552,-11.233475,38.505436,0,0,0,0,20
1494138747,1494138551,2490378,-2.6837804,0.41584292,-8.845528,38.420895,0,0,0,0,20
1495139170,1495138973,2490378,-2.132336,0.0664391,-9.577346,38.605072,0,0,0,0,20
1496139594,1496139395,2490378,-2.33297,1.1880329,-9.374198,38.466183,0,0,0,0,20
1497137532,1497137329,2490378,-3.148136,0.4878186,-9.819698,38.384663,0,0,0,0,20
1498137948,1498137751,2490378,-2.8735209,0.96231943,-9.019945,38.448067,0,0,0,0,20
1499138372,1499138173,2490378,-2.4001274,1.8024747,-9.2107935,38.35447,0,0,0,0,20
1500136303,1500136106,2490378,-1.9141643,0.69479734,-9.842803,38.466183,0,0,0,0,20
1501136724,1501136528,2490378,-1.4623784,0.7828142,-9.485917,38.475243,0,0,0,0,20
1502139637,1502139439,2490378,-1.9251776,1.5397111,-14.506109,38.544685,0,0,0,0,20
1503137572,1503137373,2490378,-1.0196905,0.7680599,-10.0139885,38.565823,0,0,0,0,20
1504137989,1504137795,2490378,-1.071525,0.94151986,-9.809403,38.52053,0,0,0,0,20
1505138416,1505138217,2490378,-0.9981427,0.79592246,-9.732131,38.375603,0,0,0,0,20
1506138837,1506138639,2490378,-0.92404217,0.71538746,-9.85645,38.544685,0,0,0,0,20
1507136775,1507136573,2490378,-1.029387,0.79260045,-9.801622,38.49336,0,0,0,0,20
1508137195,1508136995,2490378,-1.0364499,0.8355764,-9.932825,38.475243,0,0,0,0,20
1509140102,1509139906,2490378,-1.0404902,0.7607576,-9.752571,38.52053,0,0,0,0,20
1510140522,1510140327,2490378,-1.0046071,0.87280625,-9.821733,38.414856,0,0,0,0,20
1511138464,1511138261,2490378,-1.176391,0.7714118,-10.011475,38.384663,0,0,0,0,20
1512138881,1512138683,2490378,-0.9838972,0.7891289,-9.791327,38.432972,0,0,0,0,20
1513139299,1513139105,2490378,-0.961272,0.8568848,-9.851063,38.5779,0,0,0,0,20
