timestamp,load,ram_usage
539326795,0.24555284,0.36639595
539827144,0.3013789,0.3664463
540326805,0.27181286,0.3664463
540826800,0.26180208,0.3664463
541326796,0.26084262,0.3664463
541826795,0.26037198,0.3664463
542326795,0.26012748,0.3664463
542826795,0.25955403,0.3664463
543326836,0.26076,0.3664463
543826796,0.26006794,0.3664463
544326796,0.260938,0.3664463
544826796,0.25939548,0.3664463
545327366,0.26220977,0.3664463
545826796,0.26047087,0.3664463
546326795,0.26141453,0.3664463
546826811,0.2613535,0.3664463
547326796,0.26046455,0.3664463
547826796,0.26151747,0.3664463
548326795,0.260136,0.3664463
548826796,0.260634,0.3664463
549326797,0.260826,0.3664463
549826819,0.26008654,0.3664463
550326795,0.261136,0.3664463
550827314,0.25988477,0.3664463
551326867,0.2593202,0.3664463
551827801,0.26007253,0.3664463
552327138,0.26044548,0.3664463
552827024,0.26103443,0.3664463
553326796,0.259821,0.3664463
553826968,0.26048636,0.3664463
554326920,0.26100105,0.3664463
554826885,0.2600562,0.3664463
555326827,0.26069677,0.3664463
555826796,0.25898552,0.3664463
556328106,0.26154476,0.3664463
556826863,0.26012516,0.3664463
557326804,0.2600342,0.3664463
557826796,0.26003617,0.3664463
558326796,0.25706202,0.3664463
558826796,0.25807798,0.3664463
559326796,0.26046854,0.3664463
559826795,0.26049697,0.3664463
560326796,0.25983852,0.3664463
560826846,0.26069593,0.3664463
561326796,0.25970596,0.3664463
561826907,0.2581737,0.3664463
562326795,0.2614215,0.3664463
562827549,0.25843418,0.3664463
563326795,0.26334834,0.3664463
563826795,0.258448,0.3664463
564326796,0.26301146,0.3664463
564826796,0.25838453,0.3664463
565326796,0.26299548,0.3664463
565826796,0.25858003,0.3664463
566326795,0.2625845,0.3664463
566826795,0.2589835,0.3664463
567327077,0.2623111,0.3664463
567826811,0.2587629,0.3664463
568327177,0.2610125,0.3664463
568826796,0.26556146,0.3664463
569326795,0.26204145,0.3664463
569826796,0.25952452,0.3664463
570326797,0.260998,0.3664463
570826821,0.25910932,0.3664463
571326796,0.26167524,0.3664463
571826797,0.25997096,0.3664463
572326797,0.26054853,0.3664463
572826798,0.25955147,0.3664463
573326796,0.2617765,0.3664463
573827587,0.2606876,0.3664463
574326837,0.26253092,0.3664463
574826809,0.25952756,0.3664463
575326795,0.2617188,0.3664463
575826796,0.25918198,0.3664463
576326796,0.26332003,0.3664463
576826796,0.25892252,0.3664463
577326796,0.263606,0.3664463
577826796,0.2588455,0.3664463
578327167,0.26222193,0.3664463
578826796,0.25867796,0.3664463
579327084,0.26094502,0.3664463
579826816,0.25996804,0.3664463
580326796,0.2611454,0.3664463
580826796,0.26018453,0.3664463
581326796,0.261882,0.3664463
581826796,0.26024997,0.3664463
582326801,0.2629394,0.3664463
582826796,0.25959557,0.3664463
583326796,0.26135707,0.3664463
583826797,0.26694798,0.3664463
584326795,0.26131052,0.3664463
584827369,0.2601319,0.3664463
585326795,0.26186812,0.3664463
585826795,0.258996,0.3664463
586326796,0.26205748,0.3664463
586826795,0.257792,0.3664463
587326797,0.26220852,0.3664463
587826796,0.25982547,0.3664463
588326796,0.25990403,0.3664463
588826795,0.260094,0.3664463
589326917,0.26177323,0.3664463
589826797,0.2553175,0.3664463
590327022,0.2596516,0.3664463
590826870,0.2607237,0.3664463
591326797,0.26081705,0.3664463
591826796,0.26004398,0.3664463
592326795,0.26832455,0.3664463
592826796,0.26102698,0.3664463
593326796,0.26105452,0.3664463
593826796,0.26978803,0.3664463
594326796,0.262798,0.3664463
594826796,0.26393002,0.3664463
595326796,0.26276052,0.3664463
595827301,0.26363713,0.3664463
596326931,0.2624693,0.3664463
596826878,0.26144147,0.3664463
597326840,0.26955885,0.3664463
597826796,0.2625391,0.3664463
598326795,0.26407856,0.3664463
598826797,0.26340145,0.3664463
599326796,0.263498,0.3664463
599826795,0.26257002,0.3664463
600326926,0.26213384,0.3664463
600826808,0.25866956,0.3664463
601326844,0.264049,0.3664463
601826809,0.2627259,0.3664463
602327516,0.268003,0.3664463
602826796,0.269624,0.3664463
603326809,0.26396316,0.3664463
603826796,0.26344883,0.3664463
604326796,0.26365548,0.3664463
604826796,0.26443255,0.3664463
605326796,0.26269603,0.3664463
605826795,0.2635805,0.3664463
606326796,0.26321203,0.3664463
606827061,0.26454777,0.3664463
607326796,0.26395738,0.3664463
607827181,0.26268023,0.3664463
608326810,0.26433957,0.3664463
608826795,0.26303798,0.3664463
609326796,0.2646035,0.3664463
609826795,0.26320946,0.3664463
610326796,0.26326907,0.3664463
610826797,0.26334947,0.3664463
611326797,0.26445198,0.3664463
611826830,0.26257414,0.3664463
612326797,0.26424545,0.3664463
612826795,0.26356453,0.3664463
613327243,0.263447,0.3664463
613826862,0.26775485,0.3664463
614326797,0.262434,0.3664463
614826796,0.27506256,0.3664463
615326797,0.25520098,0.3664463
615826796,0.26890457,0.3664463
616326795,0.26433855,0.3664463
616826796,0.267022,0.3664463
617326819,0.255875,0.3664463
617826980,0.26158625,0.3664463
618326796,0.26183182,0.3664463
618826914,0.26015294,0.3664463
619326825,0.27184236,0.3664463
619826796,0.26146334,0.3664463
620326796,0.26551652,0.3664463
620826795,0.26212198,0.3664463
621326796,0.2649629,0.3664463
621826795,0.26611507,0.3664463
622326796,0.26464403,0.3664463
622826815,0.25940162,0.3664463
623326796,0.26286,0.3664463
623826796,0.25987798,0.3664463
624327128,0.26456285,0.3664463
624826795,0.26016223,0.3664463
625327161,0.2627682,0.3664463
625826796,0.2598797,0.3664463
626326796,0.255212,0.3664463
626826796,0.26139253,0.3664463
627326796,0.26239496,0.3664463
627826797,0.25984305,0.3664463
628326796,0.26220948,0.3664463
628826796,0.26018202,0.3664463
629326817,0.262308,0.3664463
629826796,0.2594235,0.3664463
630326796,0.2616365,0.3664463
630827255,0.2612787,0.3664463
631326801,0.2625919,0.3664463
631826811,0.2601003,0.3664463
632326796,0.26181293,0.3664463
632826796,0.25993747,0.3664463
633326796,0.264018,0.3664463
633826795,0.258906,0.3664463
634326796,0.26364,0.3664463
634826795,0.26068854,0.3664463
635326796,0.26246947,0.3664463
635826796,0.25928253,0.3664463
636326795,0.26262546,0.3664463
636826829,0.26042598,0.3664463
637327671,0.262016,0.3664463
637827187,0.26042163,0.3664463
638327046,0.2616902,0.3664463
638826919,0.26013958,0.3664463
639326890,0.26237065,0.3664463
639826883,0.2615943,0.3664463
640326796,0.26215965,0.3664463
640826796,0.26141,0.3664463
641326797,0.261536,0.3664463
641827076,0.2600569,0.3664463
642326798,0.2629817,0.3664463
642826981,0.26099932,0.3664463
643326796,0.26219463,0.3664463
643826796,0.2590335,0.3664463
644326795,0.26307452,0.3664463
644826796,0.25979197,0.3664463
645326796,0.26283747,0.3664463
645826796,0.25895548,0.3664463
646326797,0.26186454,0.3664463
646826796,0.25924802,0.3664463
647326796,0.26231802,0.3664463
647826795,0.26010054,0.3664463
648327001,0.26249385,0.3664463
648826796,0.25956643,0.3664463
649327150,0.26175117,0.3664463
649826796,0.25981557,0.3664463
650326796,0.26165652,0.3664463
650826796,0.25959545,0.3664463
651326796,0.26098853,0.3664463
651826796,0.26065946,0.3664463
652326796,0.2606585,0.3664463
652826796,0.25879747,0.3664463
653326796,0.25718403,0.3664463
653826798,0.2605555,0.3664463
654326796,0.2603885,0.3664463
654827212,0.26181322,0.3664463
655326820,0.26185083,0.3664463
655827228,0.25949198,0.3664463
656326799,0.26142198,0.3664463
656826796,0.25996798,0.3664463
657326795,0.26239598,0.3664463
657826796,0.260094,0.3664463
658326795,0.2623105,0.3664463
658826797,0.25977546,0.3664463
659326796,0.26198202,0.3664463
659826796,0.259162,0.3664463
660326796,0.262258,0.3664463
660826796,0.26019454,0.3664463
661327240,0.264023,0.3664463
661826811,0.26193857,0.3664463
662326795,0.25986654,0.3664463
662826796,0.26066148,0.3664463
663326796,0.26094002,0.3664463
663826796,0.26104403,0.3664463
664326796,0.260678,0.3664463
664826797,0.26116747,0.3664463
665326796,0.26151103,0.3664463
665826797,0.2612275,0.3664463
666326795,0.26124,0.3664463
666826796,0.25929397,0.3664463
667326796,0.26072454,0.3664463
667827242,0.26068348,0.3664463
668326897,0.26163602,0.3664463
668826813,0.25940788,0.3664463
669326796,0.26299655,0.3664463
669826795,0.26097202,0.3664463
670326796,0.26219147,0.3664463
670826795,0.25930107,0.3664463
671326796,0.26041198,0.3664463
671826796,0.260212,0.3664463
672326796,0.2620715,0.3664463
672827137,0.2594865,0.3664463
673326855,0.26284236,0.3664463
673826796,0.26090896,0.3664463
674327536,0.26074612,0.3664463
674826863,0.26127666,0.3664463
675326796,0.26015198,0.3664463
675826795,0.26095653,0.3664463
676326797,0.2600655,0.3664463
676826818,0.262852,0.3664463
677326796,0.25922,0.3664463
677826816,0.2612325,0.3664463
678326824,0.26092887,0.3664463
678826832,0.2625442,0.3664463
679326796,0.26037043,0.3664463
679826797,0.262666,0.3664463
680326795,0.26106852,0.3664463
680827329,0.26205266,0.3664463
681326796,0.25250715,0.3664463
681826797,0.2622515,0.3664463
682326795,0.259566,0.3664463
682826796,0.26145148,0.3664463
683326798,0.26045853,0.3664463
683826797,0.260822,0.3664463
684326797,0.26016003,0.3664463
684826796,0.26097053,0.3664463
685326796,0.26127094,0.3664463
685826796,0.26136655,0.3664463
686326799,0.2599895,0.3664463
686826796,0.26040453,0.3664463
687327358,0.26040673,0.3664463
687826796,0.2627678,0.3664463
688326796,0.2613985,0.3664463
688826796,0.26311094,0.3664463
689326819,0.26048636,0.3664463
689826797,0.2636962,0.3664463
690326796,0.25942802,0.3664463
690826796,0.26164055,0.3664463
691326796,0.2599935,0.3664463
691826810,0.26199865,0.3664463
692326796,0.25941128,0.3664463
692826797,0.26114148,0.3664463
693326796,0.2599945,0.3664463
693827267,0.26133984,0.3664463
694326866,0.26139426,0.3664463
694826796,0.26086003,0.3664463
695326796,0.2608605,0.3664463
695826796,0.26049548,0.3664463
696326798,0.26062346,0.3664463
696826811,0.26102054,0.3664463
697326795,0.2602405,0.3664463
697826797,0.2603255,0.3664463
698326811,0.26143402,0.3664463
698826795,0.2607845,0.3664463
699326796,0.25968146,0.3664463
699826795,0.26132452,0.3664463
700327285,0.26114058,0.3664463
700826824,0.2619028,0.3664463
701326795,0.25959128,0.3664463
701826818,0.26175195,0.3664463
702326796,0.25987744,0.3664463
702826795,0.261846,0.3664463
703326795,0.25962198,0.3664463
703826796,0.26143998,0.3664463
704326796,0.25976598,0.3664463
704827156,0.26150078,0.3664463
705327066,0.2601843,0.3664463
705827017,0.26120192,0.3664463
706326894,0.25975722,0.3664463
706827666,0.2616635,0.3664463
707326811,0.26009226,0.3664463
707827183,0.25600767,0.3664463
708326796,0.25862598,0.3664463
708826796,0.2613185,0.3664463
709326795,0.26200598,0.3664463
709826795,0.26217198,0.3664463
710326796,0.2606715,0.3664463
710826795,0.2607925,0.3664463
711326797,0.26096296,0.3664463
711826796,0.26010704,0.3664463
712326796,0.26100945,0.3664463
712826796,0.26187998,0.3664463
713327037,0.26108468,0.3664463
713826796,0.26009685,0.3664463
714327092,0.26027435,0.3664463
714826795,0.26105064,0.3664463
715326795,0.260176,0.3664463
715826796,0.26307344,0.3664463
716326795,0.259484,0.3664463
716826796,0.2623505,0.3664463
717326796,0.26027346,0.3664463
717826797,0.262424,0.3664463
718326796,0.261724,0.3664463
718826797,0.26275653,0.3664463
719326796,0.26100945,0.3664463
719826926,0.26279968,0.3664463
720326796,0.26002163,0.3664463
720826980,0.2620474,0.3664463
721326803,0.25968868,0.3664463
721826796,0.26089716,0.3664463
722326795,0.26214254,0.3664463
722826804,0.2602533,0.3664463
723326798,0.2611401,0.3664463
723826799,0.26034403,0.3664463
724326796,0.2621321,0.3664463
724826795,0.2609145,0.3664463
725326795,0.2980054,0.36649662
725826796,0.2658745,0.3664463
726326796,0.25979298,0.3664463
726826796,0.26154202,0.3664463
727326800,0.26110095,0.3664463
727826841,0.26365435,0.3664463
728327309,0.26194727,0.3664463
728826795,0.26143777,0.3664463
729326795,0.259022,0.3664463
729826796,0.26228547,0.3664463
730326796,0.25936002,0.3664463
730826817,0.26253843,0.3664463
731326796,0.25970942,0.3664463
731826795,0.2616825,0.3664463
732326816,0.25901997,0.3664463
732826796,0.26199746,0.3664463
733326796,0.26023197,0.3664463
733826816,0.26029855,0.3664463
734326891,0.2602635,0.3664463
734827189,0.26190746,0.3664463
735327017,0.26120907,0.3664463
735826799,0.26083475,0.3664463
736326796,0.26124603,0.3664463
736826796,0.26212,0.3664463
737326795,0.261562,0.3664463
737826796,0.26092052,0.3664463
738326796,0.26132697,0.3664463
738826796,0.2609505,0.3664463
739326797,0.26025653,0.3664463
739826796,0.26052898,0.3664463
740326796,0.25784254,0.3664463
740826797,0.259816,0.3664463
741326881,0.26275933,0.3664463
741826860,0.26137555,0.3664463
742326918,0.26058125,0.3664463
742826796,0.25520778,0.3664463
743326796,0.2594965,0.3664463
743826796,0.261504,0.3664463
744326796,0.26038748,0.3664463
744826795,0.259647,0.3664463
745326796,0.26044148,0.3664463
745826796,0.26033002,0.3664463
746326794,0.2625265,0.3664463
746826795,0.261352,0.3664463
747326796,0.26043546,0.3664463
747826818,0.26124197,0.3664463
748326810,0.25988197,0.3664463
748826810,0.26068997,0.3664463
749326892,0.2596087,0.3664463
749827282,0.26065952,0.3664463
750326815,0.260202,0.3664463
750826796,0.26121747,0.3664463
751326796,0.26224107,0.3664463
751826797,0.2607875,0.3664463
752326795,0.26114398,0.3664463
752826811,0.26135802,0.3664463
753326796,0.25951803,0.3664463
753826796,0.26065397,0.3664463
754326851,0.2601679,0.3664463
754826796,0.25994557,0.3664463
755326795,0.26048905,0.3664463
755826798,0.26058894,0.3664463
756327359,0.26142365,0.3664463
756826938,0.26065654,0.3664463
757326796,0.2587955,0.3664463
757826797,0.26125497,0.3664463
758326797,0.2588725,0.3664463
758826794,0.262604,0.3664463
759326795,0.261896,0.3664463
759826795,0.26053852,0.3664463
760326795,0.2611435,0.3664463
760826795,0.260024,0.3664463
761326795,0.26180655,0.3664463
761827210,0.2623514,0.3664463
762327345,0.2606179,0.3664463
762827304,0.26117396,0.3664463
763327025,0.2614239,0.3664463
763826968,0.26014316,0.3664463
764327070,0.26021546,0.3664463
764826811,0.26254535,0.3664463
765326814,0.26233107,0.3664463
765826809,0.2612614,0.3664463
766326797,0.2613575,0.3664463
766826796,0.260262,0.3664463
767326796,0.26136398,0.3664463
767826798,0.25883746,0.3664463
768326796,0.2567485,0.3664463
768826796,0.257896,0.3664463
769326817,0.26305443,0.3664463
769826797,0.25961143,0.3664463
770326795,0.26132452,0.3664463
770826798,0.25954694,0.3664463
771327172,0.26201135,0.3664463
771827020,0.2585987,0.3664463
772326812,0.261926,0.3664463
772826796,0.259462,0.3664463
773326796,0.2607,0.3664463
773826797,0.25978655,0.3664463
774326795,0.26226348,0.3664463
774826795,0.26153255,0.3664463
775326810,0.26154345,0.3664463
775826795,0.259894,0.3664463
776326796,0.261832,0.3664463
776826796,0.25928003,0.3664463
777326797,0.26059747,0.3664463
777826863,0.26014727,0.3664463
778326797,0.2625149,0.3664463
778826883,0.25969934,0.3664463
779327130,0.26137894,0.3664463
779826795,0.26091903,0.3664463
780326796,0.26269346,0.3664463
780826796,0.25887054,0.3664463
781326795,0.2615,0.3664463
781826796,0.259116,0.3664463
782326796,0.26277947,0.3664463
782826796,0.259008,0.3664463
783326796,0.26174998,0.3664463
783826795,0.25886852,0.3664463
784326898,0.26123816,0.3664463
784826824,0.26057488,0.3664463
785326795,0.2612008,0.3664463
785826797,0.25876147,0.3664463
786327381,0.26251537,0.3664463
786827041,0.25897646,0.3664463
787326796,0.2619455,0.3664463
787826796,0.25895,0.3664463
788326904,0.26046997,0.3664463
788826815,0.26131713,0.3664463
789326796,0.26303744,0.3664463
789826796,0.25961947,0.3664463
790326796,0.26243454,0.3664463
790826796,0.2624535,0.3664463
791326796,0.2623685,0.3664463
791826795,0.25902402,0.3664463
792326796,0.26119947,0.3664463
792826920,0.26164615,0.3664463
793326797,0.26206392,0.3664463
793826849,0.26039642,0.3664463
794327015,0.2597986,0.3664463
794826812,0.26043898,0.3664463
795326796,0.26351708,0.3664463
795826795,0.25356603,0.3664463
796326797,0.26131898,0.3664463
796826795,0.25905102,0.3664463
797326796,0.263372,0.3664463
797826796,0.26029146,0.3664463
798326796,0.2597,0.3664463
798826796,0.261124,0.3664463
799326796,0.260732,0.3664463
799826796,0.260772,0.3664463
800326795,0.2608425,0.3664463
800826820,0.26104295,0.3664463
801327396,0.26134837,0.3664463
801827013,0.26029843,0.3664463
802326818,0.2613889,0.3664463
802826796,0.260998,0.3664463
803326796,0.259866,0.3664463
803826795,0.26188803,0.3664463
804326796,0.26105797,0.3664463
804826796,0.260606,0.3664463
805326816,0.26152802,0.3664463
805826796,0.26081747,0.3664463
806326795,0.26205403,0.3664463
806826796,0.260804,0.3664463
807326796,0.25888252,0.3664463
807826795,0.262842,0.3664463
808326820,0.261576,0.3664463
808826797,0.261284,0.3664463
809326971,0.25856692,0.3664463
809826796,0.26045406,0.3664463
810326796,0.26242346,0.3664463
810826796,0.260368,0.3664463
811326796,0.2597745,0.3664463
811826796,0.2616675,0.3664463
812326795,0.25991797,0.3664463
812826795,0.26095998,0.3664463
813326796,0.2601825,0.3664463
813826896,0.26209044,0.3664463
814327430,0.26195288,0.3664463
814826975,0.26024884,0.3664463
815327179,0.26104552,0.3664463
815826850,0.26032436,0.3664463
816327711,0.26068008,0.3664463
816827039,0.26124817,0.3664463
817327025,0.26216882,0.3664463
817826796,0.26107907,0.3664463
818326818,0.25920653,0.3664463
818826795,0.262708,0.3664463
819326796,0.2613575,0.3664463
819826796,0.2597195,0.3664463
820326795,0.26208705,0.3664463
820826810,0.26170945,0.3664463
821326796,0.26132798,0.3664463
821826797,0.25559652,0.3664463
822326796,0.258842,0.3664463
822826796,0.26105547,0.3664463
823326796,0.26044202,0.3664463
823826796,0.26114798,0.3664463
824326823,0.25998646,0.3664463
824827261,0.26130056,0.3664463
825327053,0.26108682,0.3664463
825826815,0.26067603,0.3664463
826326819,0.25981802,0.3664463
826826796,0.262434,0.3664463
827326795,0.26070654,0.3664463
827826795,0.26138347,0.3664463
828326796,0.26110202,0.3664463
828826795,0.2623325,0.3664463
829326806,0.26129293,0.3664463
829826796,0.26230454,0.3664463
830326795,0.2611305,0.3664463
830826796,0.26153946,0.3664463
831326870,0.26164764,0.3664463
831826796,0.2623279,0.3664463
832326797,0.26123303,0.3664463
832826906,0.2599308,0.3664463
833327260,0.26049334,0.3664463
833826796,0.26106745,0.3664463
834326796,0.262334,0.3664463
834826795,0.26000452,0.3664463
835326797,0.2614255,0.3664463
835826797,0.26264948,0.3664463
836326796,0.262098,0.3664463
836826795,0.26073307,0.3664463
837326797,0.26055896,0.3664463
837826801,0.2623204,0.3664463
838326818,0.25944006,0.3664463
838826869,0.26228368,0.3664463
839326797,0.26008195,0.3664463
839826983,0.26113164,0.3664463
840326860,0.2622202,0.3664463
840826900,0.26235598,0.3664463
841326796,0.25877833,0.3664463
841826796,0.26240295,0.3664463
842326810,0.26098704,0.3664463
842826796,0.262268,0.3664463
843326796,0.25957346,0.3664463
843826796,0.26154602,0.3664463
844326796,0.2605465,0.3664463
844826797,0.26093745,0.3664463
845326796,0.25943947,0.3664463
845826796,0.262304,0.3664463
846326796,0.2606905,0.3664463
846826796,0.2604965,0.3664463
847326830,0.26041776,0.3664463
847826797,0.26120573,0.3664463
848327003,0.2533822,0.3664463
848826941,0.26187557,0.3664463
849327098,0.25991833,0.3664463
849826818,0.26169288,0.3664463
850326817,0.26072615,0.3664463
850826796,0.26284748,0.3664463
851326796,0.259412,0.3664463
851826797,0.2627145,0.3664463
852326796,0.2596175,0.3664463
852826796,0.261496,0.3664463
853326796,0.26278198,0.3664463
853826796,0.26204652,0.3664463
854326816,0.260238,0.3664463
854826811,0.26303202,0.3664463
855326796,0.26092947,0.3664463
855826796,0.2611205,0.3664463
856326796,0.26022494,0.3664463
856827107,0.26142383,0.3664463
857327009,0.26061022,0.3664463
857826797,0.26043087,0.3664463
858326817,0.25992054,0.3664463
858826795,0.26232302,0.3664463
859326795,0.26024348,0.3664463
859826796,0.261402,0.3664463
860326795,0.260848,0.3664463
860826796,0.260962,0.3664463
861326796,0.261186,0.3664463
861826796,0.26097602,0.3664463
862327140,0.25893998,0.3664463
862827088,0.26175368,0.3664463
863327078,0.2597307,0.3664463
863826878,0.2623189,0.3664463
864326933,0.2581815,0.3664463
864826878,0.2608279,0.3664463
865327181,0.26177382,0.3664463
865827017,0.2601334,0.3664463
866326812,0.26127547,0.3664463
866826795,0.27502656,0.3664463
867326795,0.26215148,0.3664463
867826795,0.26375002,0.3664463
868326795,0.26004452,0.3664463
868826796,0.26194346,0.3664463
869326796,0.267668,0.3664463
869826814,0.26325852,0.3664463
870326796,0.2671591,0.3664463
870826825,0.26173735,0.3664463
871326796,0.26041913,0.3664463
871826796,0.26192546,0.3664463
872326797,0.25984251,0.3664463
872826809,0.26294202,0.3664463
873326799,0.26063293,0.3664463
873827734,0.26194966,0.3664463
874326796,0.26013255,0.3664463
874826796,0.2611295,0.3664463
875326797,0.260772,0.3664463
875826796,0.26027203,0.3664463
876326796,0.25971198,0.3664463
876826796,0.26135802,0.3664463
877326795,0.25969452,0.3664463
877826796,0.26325548,0.3664463
878326794,0.26101053,0.3664463
878826796,0.2618655,0.3664463
879326796,0.26012403,0.3664463
879826796,0.2605185,0.3664463
880326831,0.26097572,0.3664463
880826797,0.2619533,0.3664463
881326809,0.260033,0.3664463
881826803,0.26047033,0.3664463
882327254,0.25984436,0.3664463
882826796,0.2628119,0.3664463
883326795,0.25927746,0.3664463
883826795,0.26182997,0.3664463
884326795,0.25734854,0.3664463
884826795,0.26336598,0.3664463
885326869,0.25954145,0.3664463
885826796,0.26134598,0.3664463
886326796,0.26094002,0.3664463
886826816,0.262048,0.3664463
887326796,0.26099002,0.3664463
887826795,0.26151252,0.3664463
888326796,0.26053947,0.3664463
888826796,0.26255345,0.3664463
889326796,0.25968403,0.3664463
889826810,0.2556045,0.3664463
890326853,0.25859505,0.3664463
890827191,0.26346475,0.3664463
891326796,0.25907195,0.3664463
891826795,0.262358,0.3664463
892326796,0.260378,0.3664463
892826798,0.261472,0.3664463
893326796,0.26049,0.3664463
893826796,0.2622915,0.3664463
894326796,0.25772202,0.3664463
894826796,0.2610125,0.3664463
895326796,0.26037747,0.3664463
895826796,0.26238197,0.3664463
896326827,0.25890684,0.3664463
896826795,0.26071376,0.3664463
897326809,0.25890476,0.3664463
897826797,0.26152682,0.3664463
898326810,0.25821197,0.3664463
898826797,0.2603355,0.3664463
899327167,0.25804627,0.3664463
899827023,0.2618184,0.3664463
900326811,0.258538,0.3664463
900826796,0.26231998,0.3664463
901326797,0.25864202,0.3664463
901826795,0.26314902,0.3664463
902326813,0.25937498,0.3664463
902826832,0.26168966,0.3664463
903326796,0.25914067,0.3664463
903826795,0.2615425,0.3664463
904326796,0.259256,0.3664463
904826796,0.26128548,0.3664463
905326796,0.25984,0.3664463
905826795,0.26170802,0.3664463
906326799,0.26068598,0.3664463
906826795,0.26103252,0.3664463
907326797,0.26008296,0.3664463
907827638,0.26168543,0.3664463
908327311,0.26019764,0.3664463
908827190,0.2616232,0.3664463
909326851,0.25935817,0.3664463
909826796,0.26156878,0.3664463
910326796,0.26132,0.3664463
910826796,0.261644,0.3664463
911326797,0.2593925,0.3664463
911826796,0.26272148,0.3664463
912326796,0.260638,0.3664463
912826798,0.25993347,0.3664463
913326795,0.26055503,0.3664463
913826797,0.2609535,0.3664463
914326795,0.26154053,0.3664463
914826797,0.26061898,0.3664463
915326798,0.2574045,0.3664463
915826811,0.25785798,0.3664463
916327077,0.2607867,0.3664463
916827010,0.2599001,0.3664463
917326795,0.27583605,0.3664463
917826795,0.264112,0.3664463
918326797,0.26478547,0.3664463
918826817,0.26134402,0.3664463
919326797,0.26267803,0.3664463
919826796,0.25991,0.3664463
920326796,0.2604385,0.3664463
920826795,0.2622,0.3664463
921326796,0.2617035,0.3664463
921826810,0.26202655,0.3664463
922326796,0.26055145,0.3664463
922826796,0.26263398,0.3664463
923326796,0.26111603,0.3664463
923826795,0.2614845,0.3664463
924326796,0.26043898,0.3664463
924827107,0.2620414,0.3664463
925326923,0.2606486,0.3664463
925827009,0.26002753,0.3664463
926326812,0.25951147,0.3664463
926826796,0.26161504,0.3664463
927326795,0.259418,0.3664463
927826796,0.268906,0.3664463
928326796,0.25982946,0.3664463
928826817,0.26269746,0.3664463
929326795,0.258564,0.3664463
929826796,0.2617905,0.3664463
930326871,0.25830746,0.3664463
930826796,0.26180452,0.3664463
931326796,0.26119,0.3664463
931826797,0.26171398,0.3664463
932326796,0.26086652,0.3664463
932826797,0.2613535,0.3664463
933327126,0.26221895,0.3664463
933826911,0.26152098,0.3664463
934326983,0.26028347,0.3664463
934826795,0.2603799,0.3664463
935326796,0.26079655,0.3664463
935826795,0.26281345,0.3664463
936326796,0.26176602,0.3664463
936826795,0.2616645,0.3664463
937326796,0.26087397,0.3664463
937826796,0.2623775,0.3664463
938326797,0.259898,0.3664463
938826795,0.2621665,0.3664463
939326810,0.259754,0.3664463
939826795,0.26258546,0.3664463
940326796,0.259718,0.3664463
940826796,0.263178,0.3664463
941326832,0.25997198,0.3664463
941826982,0.26236427,0.3664463
942326853,0.26091212,0.3664463
942826959,0.26212347,0.3664463
943326795,0.26074356,0.3664463
943826797,0.260894,0.3664463
944326795,0.26117253,0.3664463
944826796,0.261324,0.3664463
945326796,0.26060295,0.3664463
945826796,0.26199704,0.3664463
946326795,0.26186597,0.3664463
946826796,0.2613455,0.3664463
947326796,0.25961453,0.3664463
947826796,0.2608195,0.3664463
948326796,0.25281602,0.3664463
948826796,0.260414,0.3664463
949326795,0.2604025,0.3664463
949826797,0.26236546,0.3664463
950326954,0.25846434,0.3664463
950826797,0.26220232,0.3664463
951326891,0.26039106,0.3664463
951827489,0.26001137,0.3664463
952326812,0.26011652,0.3664463
952827318,0.26242346,0.3664463
953327024,0.2611429,0.3664463
953826896,0.26114738,0.3664463
954326805,0.26160312,0.3664463
954826795,0.26165473,0.3664463
955326796,0.2621625,0.3664463
955826795,0.26141602,0.3664463
956326796,0.262044,0.3664463
956826795,0.2609135,0.3664463
957326824,0.25993127,0.3664463
957826795,0.26229537,0.3664463
958326797,0.25741947,0.3664463
958826884,0.2632982,0.3664463
959326797,0.25959468,0.3664463
959826858,0.26228398,0.3664463
960327008,0.2587629,0.3664463
960826796,0.2619065,0.3664463
961326795,0.25909746,0.3664463
961826796,0.2598465,0.3664463
962326806,0.2592523,0.3664463
962826795,0.26146376,0.3664463
963326796,0.260736,0.3664463
963826818,0.2614625,0.3664463
964326801,0.25946838,0.3664463
964826795,0.26141566,0.3664463
965326795,0.26018602,0.3664463
965826796,0.26250547,0.3664463
966326796,0.25915402,0.3664463
966826796,0.26202798,0.3664463
967326959,0.2603987,0.3664463
967826797,0.2627281,0.3664463
968326853,0.25918448,0.3664463
968826979,0.26182854,0.3664463
969326796,0.25978857,0.3664463
969826795,0.26329452,0.3664463
970326796,0.25766546,0.3664463
970826797,0.26344597,0.3664463
971326795,0.258348,0.3664463
971826795,0.263048,0.3664463
972326796,0.25804597,0.3664463
972826797,0.261904,0.3664463
973326797,0.26070398,0.3664463
973826811,0.26213616,0.3664463
974326796,0.25463563,0.3664463
974826796,0.26136,0.3664463
975326882,0.25993234,0.3664463
975826920,0.26265055,0.3664463
976326821,0.25798732,0.3664463
976826873,0.26254588,0.3664463
977326846,0.25839972,0.3664463
977826796,0.26317483,0.3664463
978326796,0.25844347,0.3664463
978826795,0.26221102,0.3664463
979326795,0.25781602,0.3664463
979826796,0.261052,0.3664463
980326794,0.26162398,0.3664463
980826795,0.26058346,0.3664463
981326795,0.2606405,0.3664463
981826796,0.26036602,0.3664463
982326795,0.26222748,0.3664463
982826797,0.26049602,0.3664463
983326796,0.26099002,0.3664463
983826795,0.25995654,0.3664463
984326884,0.26142454,0.3664463
984826831,0.25985652,0.3664463
985326795,0.2612583,0.3664463
985827071,0.259786,0.3664463
986326795,0.2608809,0.3664463
986826827,0.26108444,0.3664463
987326794,0.25956154,0.3664463
987826839,0.26095253,0.3664463
988326836,0.25819606,0.3664463
988826829,0.25895113,0.3664463
989326825,0.2579186,0.3664463
989826819,0.26225865,0.3664463
990326857,0.25891256,0.3664463
990826810,0.26246607,0.3664463
991326806,0.2592246,0.3664463
991826801,0.25809056,0.3664463
992326796,0.2581886,0.3664463
992826812,0.26060367,0.3664463
993326795,0.25790274,0.3664463
993826795,0.26275003,0.3664463
994326944,0.25738782,0.3664463
994826795,0.25865453,0.3664463
995326795,0.25907397,0.3664463
995826795,0.259234,0.3664463
996326795,0.25885397,0.3664463
996826795,0.26058602,0.3664463
997326794,0.26036602,0.3664463
997826795,0.259274,0.3664463
998327480,0.26207602,0.3664463
998827064,0.26045042,0.3664463
999326901,0.26213294,0.3664463
999826818,0.25342607,0.3664463
1000327143,0.261496,0.3664463
1000826796,0.2603982,0.3664463
1001327014,0.26192886,0.3664463
1001826797,0.26019895,0.3664463
1002326805,0.2621733,0.3664463
1002827016,0.2589932,0.3664463
1003326796,0.2618572,0.3664463
1003826795,0.259174,0.3664463
1004326795,0.26245397,0.3664463
1004826796,0.26005,0.3664463
1005326795,0.26046348,0.3664463
1005826804,0.25994986,0.3664463
1006326797,0.26103872,0.3664463
1006826795,0.25961798,0.3664463
1007326799,0.26071203,0.3664463
1007826794,0.25956398,0.3664463
1008326796,0.26182598,0.3664463
1008826794,0.25909,0.3664463
1009326796,0.26076,0.3664463
1009827047,0.2604847,0.3664463
1010326796,0.2625398,0.3664463
1010826848,0.26016092,0.3664463
1011326836,0.26194227,0.3664463
1011826796,0.2589892,0.3664463
1012326795,0.26195002,0.3664463
1012826796,0.26014745,0.3664463
1013326803,0.26171035,0.3664463
1013826796,0.25995362,0.3664463
1014326795,0.26283455,0.3664463
1014826796,0.2590195,0.3664463
1015326795,0.26075852,0.3664463
1015826795,0.260898,0.3664463
1016326829,0.26116008,0.3664463
1016826797,0.25914627,0.3664463
1017326796,0.26147854,0.3664463
1017826797,0.25906402,0.3664463
1018327221,0.2615162,0.3664463
1018826812,0.26022667,0.3664463
1019326847,0.2610854,0.3664463
1019827015,0.26069343,0.3664463
1020326804,0.26082754,0.3664463
1020826795,0.25965065,0.3664463
1021326816,0.26018202,0.3664463
1021826846,0.26048797,0.3664463
1022326795,0.26173162,0.3664463
1022826812,0.25999397,0.3664463
1023326796,0.262478,0.3664463
1023826796,0.25994003,0.3664463
1024326795,0.261712,0.3664463
1024826795,0.26097053,0.3664463
1025326795,0.26224202,0.3664463
1025826794,0.25342202,0.3664463
1026326829,0.26371652,0.3664463
1026826944,0.2612186,0.3664463
1027326815,0.26251918,0.3664463
1027826894,0.25999492,0.3664463
1028327017,0.2591948,0.3664463
1028826816,0.26040798,0.3664463
1029326796,0.26287597,0.3664463
1029826817,0.259264,0.3664463
1030326831,0.26014,0.3664463
1030826796,0.26143545,0.3664463
1031326795,0.26338255,0.3664463
1031826797,0.26021802,0.3664463
1032326795,0.263016,0.3664463
1032826797,0.26676,0.3664463
1033326824,0.262698,0.3664463
1033826796,0.26671344,0.3664463
1034326796,0.261778,0.3664463
1034826797,0.25915998,0.3664463
1035326948,0.26204568,0.3664463
1035826808,0.26091826,0.3664463
1036326940,0.26085663,0.3664463
1036826796,0.2592432,0.3664463
1037326795,0.2628575,0.3664463
1037826796,0.26036602,0.3664463
1038326796,0.26073998,0.3664463
1038826795,0.25985003,0.3664463
1039326796,0.260476,0.3664463
1039826795,0.25445253,0.3664463
1040326863,0.2616815,0.3664463
1040826796,0.2603085,0.3664463
1041326796,0.26197493,0.3664463
1041826825,0.26093853,0.3664463
1042326796,0.2635185,0.3664463
1042826796,0.26066548,0.3664463
1043326798,0.26159745,0.3664463
1043827414,0.26209074,0.3664463
1044326912,0.2618264,0.3664463
1044827297,0.25986284,0.3664463
1045327246,0.26227194,0.3664463
1045827034,0.2591424,0.3664463
1046326887,0.2621165,0.3664463
1046826796,0.2604615,0.3664463
1047326796,0.26169002,0.3664463
1047826796,0.259892,0.3664463
1048326796,0.26142597,0.3664463
1048826795,0.262222,0.3664463
1049326795,0.25929803,0.3664463
1049826812,0.26321,0.3664463
1050326796,0.259498,0.3664463
1050826797,0.26036602,0.3664463
1051326795,0.26217252,0.3664463
1051826797,0.258523,0.3664463
1052327288,0.2609098,0.3664463
1052826963,0.26633167,0.3664463
1053326796,0.2583843,0.3664463
1053826796,0.26930344,0.3664463
1054326796,0.257724,0.3664463
1054826796,0.262262,0.3664463
1055326796,0.25408,0.3664463
1055826817,0.26146603,0.3664463
1056326796,0.26299602,0.3664463
1056826817,0.26245654,0.3664463
1057326804,0.26001585,0.3664463
1057826797,0.2619117,0.3664463
1058326796,0.2590645,0.3664463
1058826797,0.2631355,0.3664463
1059326797,0.259192,0.3664463
1059826810,0.26011747,0.3664463
1060326797,0.25918603,0.3664463
1060827239,0.26231116,0.3664463
1061326795,0.25994778,0.3664463
1061826795,0.26282,0.3664463
1062326796,0.25783348,0.3664463
1062826795,0.2623055,0.3664463
1063326814,0.26060617,0.3664463
1063826796,0.26115036,0.3664463
1064326797,0.258704,0.3664463
1064826796,0.26205802,0.3664463
1065326796,0.25918603,0.3664463
1065826796,0.262868,0.3664463
1066326827,0.25948882,0.3664463
1066826795,0.26072776,0.3664463
1067327076,0.26148915,0.3664463
1067826796,0.2627225,0.3664463
1068326797,0.261832,0.3664463
1068827020,0.25974667,0.3664463
1069327362,0.26114845,0.3664463
1069826866,0.2609154,0.3664463
1070326796,0.25958258,0.3664463
1070826796,0.26296747,0.3664463
1071326796,0.26243,0.3664463
1071826798,0.26103747,0.3664463
1072326796,0.2615896,0.3664463
1072826796,0.2596295,0.3664463
1073326797,0.26068002,0.3664463
1073826796,0.260808,0.3664463
1074326798,0.26049602,0.3664463
1074826795,0.26174802,0.3664463
1075326797,0.26299798,0.3664463
1075826913,0.26091748,0.3664463
1076326797,0.26170474,0.3664463
1076826911,0.25973225,0.3664463
1077326797,0.26184225,0.3664463
1077826795,0.26093453,0.3664463
1078326817,0.26226747,0.3664463
1078826796,0.258776,0.3664463
1079326795,0.263224,0.3664463
1079826796,0.25945997,0.3664463
1080326795,0.26181,0.3664463
1080826796,0.26031852,0.3664463
1081326795,0.25551403,0.3664463
1081826810,0.2601875,0.3664463
1082326795,0.2618,0.3664463
1082826844,0.26078498,0.3664463
1083326795,0.2626292,0.3664463
1083826798,0.25906146,0.3664463
1084327161,0.2624064,0.3664463
1084826961,0.26008517,0.3664463
1085326795,0.2617904,0.3664463
1085826796,0.25976998,0.3664463
1086326797,0.2613135,0.3664463
1086826795,0.262226,0.3664463
1087326796,0.261554,0.3664463
1087826797,0.25992602,0.3664463
1088326796,0.2609185,0.3664463
1088826795,0.26147997,0.3664463
1089326796,0.26044947,0.3664463
1089826795,0.25998855,0.3664463
1090326796,0.2619915,0.3664463
1090826812,0.2615016,0.3664463
1091326797,0.2626204,0.3664463
1091826797,0.259004,0.3664463
1092326884,0.26120257,0.3664463
1092827708,0.26038128,0.3664463
1093326811,0.262428,0.3664463
1093826796,0.259732,0.3664463
1094327188,0.26233852,0.3664463
1094827100,0.26220804,0.3664463
1095327237,0.26212418,0.3664463
1095826862,0.26031828,0.3664463
1096326796,0.26248562,0.3664463
1096826796,0.261366,0.3664463
1097326796,0.26232147,0.3664463
1097826803,0.2597354,0.3664463
1098326810,0.26177114,0.3664463
1098826796,0.26037198,0.3664463
1099327381,0.2628525,0.3664463
1099826830,0.2596026,0.3664463
1100326997,0.26080835,0.3664463
1100826817,0.25902015,0.3664463
1101326797,0.2625125,0.3664463
1101826795,0.261456,0.3664463
1102326797,0.26273292,0.3664463
1102826795,0.25903702,0.3664463
1103326815,0.2622,0.3664463
1103826796,0.25979948,0.3664463
1104326796,0.261824,0.3664463
1104826795,0.25969452,0.3664463
1105326796,0.26264,0.3664463
1105826795,0.26053548,0.3664463
1106326797,0.261576,0.3664463
1106826811,0.25833452,0.3664463
1107326863,0.25985444,0.3664463
1107827285,0.26124096,0.3664463
1108326795,0.26331013,0.3664463
1108826798,0.260706,0.3664463
1109326795,0.26533252,0.3664463
1109826796,0.26238346,0.3664463
1110326795,0.26332802,0.3664463
1110826796,0.261342,0.3664463
1111326797,0.262402,0.3664463
1111826796,0.26120454,0.3664463
1112326795,0.26481003,0.3664463
1112826796,0.25951803,0.3664463
1113326796,0.25884348,0.3664463
1113826797,0.26183403,0.3664463
1114327016,0.262518,0.3664463
1114826861,0.26145607,0.3664463
1115327062,0.25958163,0.3664463
1115826811,0.24566418,0.3664463
1116326796,0.255068,0.3664463
1116826796,0.2412085,0.3664463
1117326795,0.25356603,0.3664463
1117826796,0.26065946,0.3664463
1118326796,0.26263,0.3664463
1118826795,0.26151454,0.3664463
1119326796,0.26759148,0.3664463
1119826839,0.26211,0.3664463
1120326796,0.2625606,0.3664463
1120826796,0.2633155,0.3664463
1121326932,0.26264328,0.3664463
1121826872,0.2615348,0.3664463
1122327073,0.26148707,0.3664463
1122826796,0.2609651,0.3664463
1123326795,0.263166,0.3664463
1123826796,0.2608015,0.3664463
1124326796,0.26408452,0.3664463
1124826797,0.26504546,0.3664463
1125326796,0.264834,0.3664463
1125826796,0.26121747,0.3664463
1126326796,0.262964,0.3664463
1126826796,0.26176798,0.3664463
1127326796,0.26222306,0.3664463
1127826796,0.26183748,0.3664463
1128326797,0.26254803,0.3664463
1128826797,0.261032,0.3664463
1129327307,0.2627455,0.3664463
1129827100,0.26197922,0.3664463
1130326812,0.2626285,0.3664463
1130826796,0.26635402,0.3664463
1131326797,0.261896,0.3664463
1131826818,0.26162255,0.3664463
1132326797,0.26071548,0.3664463
1132826796,0.259804,0.3664463
1133326796,0.26031,0.3664463
1133826796,0.26054853,0.3664463
1134326796,0.26009345,0.3664463
1134826795,0.2597605,0.3664463
1135326796,0.26053149,0.3664463
1135827067,0.2608546,0.3664463
1136326905,0.2600273,0.3664463
1136827005,0.25907546,0.3664463
1137326812,0.25960147,0.3664463
1137826796,0.2591325,0.3664463
1138326796,0.25958198,0.3664463
1138826796,0.26217598,0.3664463
1139326795,0.2640205,0.3664463
1139826795,0.26075202,0.3664463
1140326796,0.26509148,0.3664463
1140826796,0.26332998,0.3664463
1141326798,0.2633555,0.3664463
1141826809,0.26227772,0.3664463
1142326893,0.26331526,0.3664463
1142826797,0.26248145,0.3664463
1143326875,0.25662148,0.3664463
1143827027,0.2619154,0.3664463
1144326795,0.26917255,0.3664463
1144826796,0.2614115,0.3664463
1145326797,0.26244855,0.3664463
1145826795,0.26097798,0.3664463
1146326833,0.26382947,0.3664463
1146826795,0.26193798,0.3664463
1147326795,0.26255053,0.3664463
1147826795,0.26136148,0.3664463
1148326796,0.26189798,0.3664463
1148826850,0.2617697,0.3664463
1149326796,0.26180428,0.3664463
1149826796,0.2613275,0.3664463
1150327297,0.26091707,0.3664463
1150826796,0.25878328,0.3664463
1151327453,0.26238823,0.3664463
1151826976,0.25882858,0.3664463
1152326883,0.2622457,0.3664463
1152826857,0.25990605,0.3664463
1153326796,0.26178992,0.3664463
1153826797,0.25996,0.3664463
1154326795,0.2610265,0.3664463
1154826817,0.25827146,0.3664463
1155327081,0.26026016,0.3664463
1155826796,0.25858086,0.3664463
1156326805,0.2602713,0.3664463
1156826818,0.25839978,0.3664463
1157327309,0.26245123,0.3664463
1157826811,0.259735,0.3664463
1158326795,0.26309,0.3664463
1158826795,0.26062852,0.3664463
1159326796,0.25843346,0.3664463
1159826797,0.25695598,0.3664463
1160326796,0.2626,0.3664463
1160826795,0.2601025,0.3664463
1161326796,0.26198745,0.3664463
1161826795,0.26042002,0.3664463
1162326797,0.2629565,0.3664463
1162826796,0.26014602,0.3664463
1163326798,0.26206547,0.3664463
1163827182,0.26057363,0.3664463
1164326796,0.2621855,0.3664463
1164826795,0.2599125,0.3664463
1165326795,0.26192802,0.3664463
1165826796,0.26111746,0.3664463
1166326816,0.262424,0.3664463
1166826815,0.25847018,0.3664463
1167326796,0.26296598,0.3664463
1167826829,0.2601146,0.3664463
1168326796,0.26218945,0.3664463
1168826796,0.259862,0.3664463
1169326795,0.26915652,0.3664463
1169826815,0.26094592,0.3664463
1170327112,0.2690364,0.3664463
1170827060,0.26176327,0.3664463
1171326811,0.2764997,0.3664463
1171826796,0.2614255,0.3664463
1172326796,0.2575425,0.3664463
1172826795,0.26371002,0.3664463
1173326797,0.26869744,0.3664463
1173826796,0.261474,0.3664463
1174326796,0.26312602,0.3664463
1174826796,0.25741398,0.3664463
1175326796,0.25924653,0.3664463
1175826797,0.25978798,0.3664463
1176326797,0.26271492,0.3664463
1176827042,0.2607351,0.3664463
1177326829,0.26211876,0.3664463
1177826804,0.26014155,0.3664463
1178326796,0.2629677,0.3664463
1178826796,0.25991654,0.3664463
1179326796,0.26328546,0.3664463
1179826796,0.2608875,0.3664463
1180326796,0.26261652,0.3664463
1180826796,0.262056,0.3664463
1181326796,0.26325,0.3664463
1181826796,0.26143402,0.3664463
1182326817,0.26373798,0.3664463
1182826847,0.261608,0.3664463
1183327180,0.26515383,0.3664463
1183827073,0.26152903,0.3664463
1184326795,0.262739,0.3664463
1184826796,0.2597375,0.3664463
1185326796,0.26179397,0.3664463
1185826811,0.26071054,0.3664463
1186326796,0.2623825,0.3664463
1186826796,0.260328,0.3664463
1187326796,0.26192945,0.3664463
1187826795,0.26074803,0.3664463
1188326796,0.26189798,0.3664463
1188826795,0.2594725,0.3664463
1189326797,0.2617215,0.3664463
1189826979,0.26120174,0.3664463
1190326925,0.2609734,0.3664463
1190826795,0.26025313,0.3664463
1191326796,0.26171547,0.3664463
1191826796,0.261536,0.3664463
1192326795,0.2617365,0.3664463
1192826796,0.26161802,0.3664463
1193326795,0.26040602,0.3664463
1193826796,0.258434,0.3664463
1194326796,0.26240802,0.3664463
1194826795,0.26081002,0.3664463
1195326796,0.26051545,0.3664463
1195826797,0.26020998,0.3664463
1196326984,0.26201284,0.3664463
1196826924,0.26073653,0.3664463
1197326796,0.26117033,0.3664463
1197826796,0.26093853,0.3664463
1198326816,0.261558,0.3664463
1198826796,0.26265746,0.3664463
1199326816,0.26092255,0.3664463
1199826808,0.26117718,0.3664463
1200326796,0.26293832,0.3664463
1200826796,0.27011,0.3664463
1201326796,0.262578,0.3664463
1201826811,0.260664,0.3664463
1202326797,0.26049,0.3664463
1202827153,0.26171464,0.3664463
1203326934,0.2616611,0.3664463
1203826795,0.2601363,0.3664463
1204326795,0.26137745,0.3664463
1204826796,0.26137602,0.3664463
1205326796,0.26418054,0.3664463
1205826797,0.26156747,0.3664463
1206326795,0.26323652,0.3664463
1206826796,0.26237345,0.3664463
1207326795,0.261842,0.3664463
1207826796,0.260598,0.3664463
1208326795,0.26191455,0.3664463
1208826798,0.26087493,0.3664463
1209327092,0.26273835,0.3664463
1209827037,0.26137435,0.3664463
1210326796,0.26194727,0.3664463
1210826796,0.26223803,0.3664463
1211326796,0.26323456,0.3664463
1211826796,0.26180893,0.3664463
1212326796,0.2647665,0.3664463
1212826796,0.26389802,0.3664463
1213326796,0.26130855,0.3664463
1213826796,0.26214945,0.3664463
1214326796,0.26271653,0.3664463
1214826796,0.2611735,0.3664463
1215326797,0.26246202,0.3664463
1215827357,0.26289672,0.3664463
1216327503,0.26216823,0.3664463
1216827395,0.26185238,0.3664463
1217327040,0.2631325,0.3664463
1217827002,0.2626865,0.3664463
1218326946,0.26283544,0.3664463
1218826823,0.26150084,0.3664463
1219326796,0.26252967,0.3664463
1219826798,0.26105148,0.3664463
1220326849,0.2625987,0.3664463
1220826797,0.26205832,0.3664463
1221326907,0.26230776,0.3664463
1221826832,0.2620293,0.3664463
1222327226,0.26395947,0.3664463
1222827028,0.26210833,0.3664463
1223326812,0.2627774,0.3664463
1223826796,0.260234,0.3664463
1224326796,0.25637,0.3664463
1224826795,0.26151454,0.3664463
1225326814,0.26221246,0.3664463
1225826797,0.26052105,0.3664463
1226326797,0.26295346,0.3664463
1226826796,0.26202452,0.3664463
1227326796,0.26315147,0.3664463
1227826796,0.26215202,0.3664463
1228326798,0.262878,0.3664463
1228827179,0.26180798,0.3664463
1229326878,0.26247156,0.3664463
1229826797,0.2612235,0.3664463
1230326796,0.26326197,0.3664463
1230826795,0.26089197,0.3664463
1231326796,0.26428455,0.3664463
1231826797,0.2619155,0.3664463
1232326795,0.2646405,0.3664463
1232826796,0.260884,0.3664463
1233326796,0.26422948,0.3664463
1233826818,0.259804,0.3664463
1234326811,0.26281852,0.3664463
1234826797,0.2609815,0.3664463
1235327290,0.26321048,0.3664463
1235826796,0.2611435,0.3664463
1236326796,0.26376998,0.3664463
1236826796,0.25914,0.3664463
1237326823,0.2623157,0.3664463
1237826796,0.26049972,0.3664463
1238326795,0.2617445,0.3664463
1238826795,0.260158,0.3664463
1239326796,0.26187748,0.3664463
1239826798,0.2610225,0.3664463
1240326796,0.26386797,0.3664463
1240826806,0.26806062,0.3664463
1241326798,0.26242673,0.3664463
1241827264,0.26741624,0.3664463
1242326817,0.26177347,0.3664463
1242826795,0.2607901,0.3664463
1243326795,0.26133198,0.3664463
1243826797,0.26112497,0.3664463
1244326818,0.26466888,0.3664463
1244826824,0.2602449,0.3664463
1245326796,0.26197016,0.3664463
1245826796,0.25906402,0.3664463
1246326811,0.26098055,0.3664463
1246826796,0.260512,0.3664463
1247326802,0.26199687,0.3664463
1247826870,0.2600397,0.3664463
1248327431,0.26274562,0.3664463
1248826812,0.2536326,0.3664463
1249326796,0.26911002,0.3664463
1249826795,0.2601385,0.3664463
1250326796,0.26401198,0.3664463
1250826795,0.26178545,0.3664463
1251326796,0.263924,0.3664463
1251826880,0.26227927,0.3664463
1252326858,0.26301062,0.3664463
1252826796,0.26073378,0.3664463
1253326828,0.2626837,0.3664463
1253826797,0.25975412,0.3664463
1254326901,0.26319724,0.3664463
1254827404,0.26144385,0.3664463
1255326796,0.270306,0.3664463
1255826796,0.2598105,0.3664463
1256326795,0.26259655,0.3664463
1256826797,0.26038802,0.3664463
1257326795,0.26367748,0.3664463
1257826796,0.2619465,0.3664463
1258326807,0.26305568,0.3664463
1258826796,0.25933373,0.3664463
1259326796,0.26339197,0.3664463
1259826796,0.2592845,0.3664463
1260326796,0.26342547,0.3664463
1260826915,0.26066047,0.3664463
1261326796,0.26213986,0.3664463
1261826811,0.26175398,0.3664463
1262326796,0.26205653,0.3664463
1262826796,0.2604915,0.3664463
1263326796,0.26237798,0.3664463
1263826795,0.2601645,0.3664463
1264326797,0.27031147,0.3664463
1264826796,0.26134998,0.3664463
1265326814,0.2635005,0.3664463
1265826796,0.26224542,0.3664463
1266326800,0.26197243,0.3664463
1266826822,0.25996602,0.3664463
1267326966,0.2617771,0.3664463
1267826804,0.2614622,0.3664463
1268326796,0.26236218,0.3664463
1268826795,0.26232398,0.3664463
1269326831,0.26351202,0.3664463
1269826809,0.26114118,0.3664463
1270326796,0.26287335,0.3664463
1270826796,0.2616455,0.3664463
1271326796,0.26286453,0.3664463
1271826797,0.26745945,0.3664463
1272326905,0.26347458,0.3664463
1272826797,0.2612164,0.3664463
1273326803,0.26223886,0.3664463
1273827053,0.26375467,0.3664463
1274326812,0.26180553,0.3664463
1274826796,0.26246303,0.3664463
1275326796,0.26363403,0.3664463
1275826799,0.26257348,0.3664463
1276326796,0.26226854,0.3664463
1276826795,0.26250798,0.3664463
1277326796,0.26321948,0.3664463
1277826795,0.2614525,0.3664463
1278326796,0.26233798,0.3664463
1278826796,0.26156002,0.3664463
1279326797,0.26169747,0.3664463
1279826852,0.26030684,0.3664463
1280327035,0.2631175,0.3664463
1280826796,0.26197052,0.3664463
1281326810,0.2626375,0.3664463
1281826796,0.26058453,0.3664463
1282326796,0.2553615,0.3664463
1282826796,0.259862,0.3664463
1283326797,0.260998,0.3664463
1283826796,0.26082802,0.3664463
1284326810,0.26830304,0.3664463
1284826796,0.26093876,0.3664463
1285326841,0.26244986,0.3664463
1285826798,0.26024944,0.3664463
1286327214,0.2605819,0.3664463
1286826797,0.25877666,0.3664463
1287327644,0.26130694,0.3664463
1287827139,0.2612273,0.3664463
1288326950,0.26157337,0.3664463
1288827025,0.26218814,0.3664463
1289326869,0.2604853,0.3664463
1289826800,0.26039195,0.3664463
1290326796,0.26096207,0.3664463
1290826810,0.2607845,0.3664463
1291326802,0.26090443,0.3664463
1291827116,0.2619568,0.3664463
1292326833,0.26270312,0.3664463
1292826949,0.26044178,0.3664463
1293326801,0.26068914,0.3664463
1293826796,0.2611466,0.3664463
1294326816,0.268722,0.3664463
1294826796,0.260602,0.3664463
1295326795,0.26721054,0.3664463
1295826796,0.2604655,0.3664463
1296326796,0.26357198,0.3664463
1296826796,0.259508,0.3664463
1297326795,0.260796,0.3664463
1297826797,0.266634,0.3664463
1298326930,0.26168132,0.3664463
1298826828,0.25937396,0.3664463
1299326997,0.26088327,0.3664463
1299826812,0.26102543,0.3664463
1300326795,0.2597115,0.3664463
1300826817,0.25997,0.3664463
1301326796,0.25848198,0.3664463
1301826795,0.258146,0.3664463
1302326796,0.2558055,0.3664463
1302826811,0.260522,0.3664463
1303326796,0.26252455,0.3664463
1303826796,0.261468,0.3664463
1304326796,0.263996,0.3664463
1304827033,0.26034606,0.3664463
1305326911,0.26226306,0.3664463
1305826796,0.26000178,0.3664463
1306326796,0.26796347,0.3664463
1306826796,0.26689202,0.3664463
1307326796,0.264184,0.3664463
1307826797,0.26092,0.3664463
1308326796,0.2632295,0.3664463
1308826796,0.2602285,0.3664463
1309326796,0.26274455,0.3664463
1309826796,0.26072896,0.3664463
1310326796,0.26328802,0.3664463
1310826797,0.261392,0.3664463
1311327218,0.27138948,0.3664463
1311826796,0.26125103,0.3664463
1312326795,0.26256,0.3664463
1312826795,0.26078945,0.3664463
1313326796,0.26393652,0.3664463
1313826795,0.261356,0.3664463
1314326797,0.26340747,0.3664463
1314826795,0.2607805,0.3664463
1315326796,0.26371002,0.3664463
1315826795,0.26121145,0.3664463
1316326796,0.2627505,0.3664463
1316826795,0.260804,0.3664463
1317326798,0.2620995,0.3664463
1317827092,0.2611214,0.3664463
1318327012,0.26356435,0.3664463
1318826796,0.26071084,0.3664463
1319326795,0.26377654,0.3664463
1319826796,0.26057947,0.3664463
1320326807,0.2631517,0.3664463
1320826801,0.26048523,0.3664463
1321326796,0.26296705,0.3664463
1321826797,0.25988603,0.3664463
1322326907,0.26405692,0.3664463
1322826876,0.26089776,0.3664463
1323326796,0.26235145,0.3664463
1323826812,0.2599017,0.3664463
1324327304,0.26318955,0.3664463
1324826991,0.26153374,0.3664463
1325326811,0.26192963,0.3664463
1325826795,0.26186252,0.3664463
1326326796,0.2636695,0.3664463
1326826795,0.2620725,0.3664463
1327326814,0.26330602,0.3664463
1327826797,0.2614094,0.3664463
1328326796,0.26372254,0.3664463
1328826795,0.26180547,0.3664463
1329326796,0.26361197,0.3664463
1329826795,0.2598185,0.3664463
1330326798,0.26267493,0.3664463
1330827149,0.26169574,0.3664463
1331327027,0.26312876,0.3664463
1331826795,0.26135224,0.3664463
1332326796,0.26374602,0.3664463
1332826797,0.26115,0.3664463
1333326796,0.25686598,0.3664463
1333826797,0.26049,0.3664463
1334326795,0.27048254,0.3664463
1334826796,0.26018947,0.3664463
1335326796,0.27094603,0.3664463
1335826797,0.261752,0.3664463
1336326810,0.262798,0.3664463
1336826798,0.26647544,0.3664463
1337327162,0.26235086,0.3664463
1337827054,0.260507,0.3664463
1338326797,0.2635215,0.3664463
1338826796,0.26227802,0.3664463
1339326796,0.2620045,0.3664463
1339826816,0.26148748,0.3664463
1340326825,0.26187998,0.3664463
1340826796,0.259714,0.3664463
1341326796,0.26321548,0.3664463
1341826796,0.26125652,0.3664463
1342326796,0.26250547,0.3664463
1342826795,0.26172602,0.3664463
1343326849,0.26134747,0.3664463
1343827188,0.26076,0.3664463
1344326796,0.261351,0.3664463
1344826796,0.25459903,0.3664463
1345326796,0.261822,0.3664463
1345826796,0.26235545,0.3664463
1346326795,0.2629525,0.3664463
1346826796,0.261176,0.3664463
1347326796,0.26110148,0.3664463
1347826796,0.26023,0.3664463
1348326796,0.26219398,0.3664463
1348826809,0.26771504,0.3664463
1349326795,0.26354486,0.3664463
1349826798,0.26858944,0.3664463
1350327225,0.26136518,0.3664463
1350826822,0.26062918,0.3664463
1351326795,0.2609281,0.3664463
1351826795,0.26125747,0.3664463
1352326795,0.26284254,0.3664463
1352826799,0.2615654,0.3664463
1353326796,0.2615221,0.3664463
1353826795,0.26134253,0.3664463
1354326796,0.2618875,0.3664463
1354826798,0.261894,0.3664463
1355326797,0.26289147,0.3664463
1355826806,0.26170528,0.3664463
1356326860,0.26174825,0.3664463
1356827645,0.25912863,0.3664463
1357326796,0.26237255,0.3664463
1357827108,0.26113945,0.3664463
1358327073,0.2692274,0.3664463
1358827002,0.26004094,0.3664463
1359326986,0.26168185,0.3664463
1359826954,0.26118326,0.3664463
1360326836,0.26184326,0.3664463
1360826817,0.26112795,0.3664463
1361326937,0.26288688,0.3664463
1361826917,0.26241088,0.3664463
1362326833,0.26211017,0.3664463
1362826901,0.26144242,0.3664463
1363326796,0.2625466,0.3664463
1363826796,0.26129597,0.3664463
1364326795,0.26124454,0.3664463
1364826831,0.2626751,0.3664463
1365326796,0.2683468,0.3664463
1365826795,0.26088053,0.3664463
1366326796,0.261692,0.3664463
1366826795,0.2607115,0.3664463
1367326797,0.26173198,0.3664463
1367826796,0.261914,0.3664463
1368326812,0.264296,0.3664463
1368826796,0.2628805,0.3664463
1369326982,0.26153767,0.3664463
1369826796,0.2609976,0.3664463
1370326796,0.26157802,0.3664463
1370826796,0.26167053,0.3664463
1371326795,0.2618295,0.3664463
1371826797,0.26260853,0.3664463
1372326796,0.2625695,0.3664463
1372826828,0.25982934,0.3664463
1373326806,0.2626301,0.3664463
1373826796,0.25962865,0.3664463
1374326797,0.26443547,0.3664463
1374826797,0.26169997,0.3664463
1375326815,0.26238853,0.3664463
1375827055,0.2598558,0.3664463
1376326824,0.262195,0.3664463
1376826796,0.26079625,0.3664463
1377326796,0.26314002,0.3664463
1377826795,0.2609895,0.3664463
1378326796,0.25856853,0.3664463
1378826795,0.24868602,0.3664463
1379326796,0.2614305,0.3664463
1379826796,0.25999498,0.3664463
1380326796,0.26292598,0.3664463
1380826914,0.2614808,0.3664463
1381326796,0.25988084,0.3664463
1381826949,0.26227278,0.3664463
1382326797,0.2625063,0.3664463
1382826796,0.2598775,0.3664463
1383326795,0.25739998,0.3664463
1383826796,0.25971347,0.3664463
1384326795,0.26406252,0.3664463
1384826796,0.25980747,0.3664463
1385326797,0.26242906,0.3664463
1385826797,0.26040947,0.3664463
1386326796,0.261688,0.3664463
1386826797,0.25936747,0.3664463
1387326859,0.26196945,0.3664463
1387826828,0.2607848,0.3664463
1388327056,0.26293612,0.3664463
1388826809,0.25902468,0.3664463
1389326797,0.26071548,0.3664463
1389826795,0.26075053,0.3664463
1390326794,0.26263797,0.3664463
1390826796,0.26018548,0.3664463
1391326796,0.263188,0.3664463
1391826795,0.259816,0.3664463
1392326797,0.261778,0.3664463
1392826795,0.2603615,0.3664463
1393326797,0.26177853,0.3664463
1393827143,0.2606026,0.3664463
1394327017,0.26313537,0.3664463
1394826796,0.2583297,0.3664463
1395326900,0.2606886,0.3664463
1395826795,0.2593637,0.3664463
1396326796,0.26274097,0.3664463
1396826796,0.26050252,0.3664463
1397326796,0.2620455,0.3664463
1397826816,0.26206052,0.3664463
1398326807,0.262344,0.3664463
1398826797,0.25906998,0.3664463
1399326795,0.262412,0.3664463
1399826798,0.2594695,0.3664463
1400327117,0.2639357,0.3664463
1400826848,0.2601378,0.3664463
1401326811,0.26185524,0.3664463
1401826795,0.25884253,0.3664463
1402326795,0.262044,0.3664463
1402826806,0.26053375,0.3664463
1403326795,0.26282632,0.3664463
1403826796,0.262636,0.3664463
1404326796,0.26218945,0.3664463
1404826796,0.259116,0.3664463
1405326816,0.263502,0.3664463
1405826795,0.2611745,0.3664463
1406326798,0.26332897,0.3664463
1406827149,0.2606073,0.3664463
1407326795,0.26275122,0.3664463
1407826795,0.259602,0.3664463
1408326795,0.262156,0.3664463
1408826795,0.26539546,0.3664463
1409326795,0.26652455,0.3664463
1409826796,0.25176603,0.3664463
1410326796,0.26196545,0.3664463
1410826797,0.26045454,0.3664463
1411326817,0.26572746,0.3664463
1411826818,0.2660975,0.3664463
1412326812,0.26193213,0.3664463
1412826864,0.2591257,0.3664463
1413327285,0.26671022,0.3664463
1413826811,0.2644707,0.3664463
1414326825,0.26061088,0.3664463
1414826796,0.26228267,0.3664463
1415326796,0.26708704,0.3664463
1415826830,0.26197398,0.3664463
1416326829,0.25957465,0.3664463
1416826796,0.26247293,0.3664463
1417326796,0.27043802,0.3664463
1417826796,0.269296,0.3664463
1418326797,0.26380002,0.3664463
1418826797,0.26161802,0.3664463
1419326933,0.27145016,0.3664463
1419826796,0.26975793,0.3664463
1420326795,0.26532203,0.3664463
1420826796,0.25947547,0.3664463
1421326795,0.26142055,0.3664463
1421826796,0.2599755,0.3664463
1422326797,0.26277053,0.3664463
1422826796,0.25946146,0.3664463
1423326796,0.26031947,0.3664463
1423826796,0.25949,0.3664463
1424326804,0.2642703,0.3664463
1424826798,0.26185566,0.3664463
1425326860,0.2606097,0.3664463
1425826797,0.25971675,0.3664463
1426326796,0.26168,0.3664463
1426826796,0.26212198,0.3664463
1427326818,0.262702,0.3664463
1427826796,0.259184,0.3664463
1428326796,0.26153147,0.3664463
1428826796,0.26101106,0.3664463
1429326795,0.26122397,0.3664463
1429826796,0.2603615,0.3664463
1430326796,0.261962,0.3664463
1430826885,0.25984764,0.3664463
1431326796,0.2618572,0.3664463
1431827301,0.2608775,0.3664463
1432326819,0.26019734,0.3664463
1432827083,0.259856,0.3664463
1433327086,0.26345873,0.3664463
1433827023,0.26050436,0.3664463
1434327079,0.26105058,0.3664463
1434826843,0.26084453,0.3664463
1435326797,0.2545334,0.3664463
1435826796,0.2606905,0.3664463
1436326796,0.2644,0.3664463
1436826988,0.26217335,0.3664463
1437327157,0.26336753,0.3664463
1437827005,0.26159555,0.3664463
1438326811,0.26118118,0.3664463
1438826797,0.25991946,0.3664463
1439326795,0.26272053,0.3664463
1439826796,0.26086998,0.3664463
1440326797,0.26523238,0.3664463
1440826825,0.26326168,0.3664463
1441326796,0.26707548,0.3664463
1441826796,0.26392603,0.3664463
1442326815,0.26207805,0.3664463
1442826810,0.26070446,0.3664463
1443326797,0.26105297,0.3664463
1443827293,0.2608652,0.3664463
1444326796,0.26202697,0.3664463
1444826796,0.26016748,0.3664463
1445326795,0.26589853,0.3664463
1445826796,0.26485145,0.3664463
1446326797,0.264502,0.3664463
1446826796,0.26444054,0.3664463
1447326796,0.26304346,0.3664463
1447826796,0.26724398,0.3664463
1448326795,0.266764,0.3664463
1448826797,0.259758,0.3664463
1449326796,0.26084203,0.3664463
1449826936,0.2593444,0.3664463
1450326795,0.26177275,0.3664463
1450826797,0.26081443,0.3664463
1451326796,0.26147956,0.3664463
1451826795,0.260858,0.3664463
1452326818,0.26551294,0.3664463
1452826811,0.25983453,0.3664463
1453326809,0.261648,0.3664463
1453826796,0.26048547,0.3664463
1454326796,0.262546,0.3664463
1454826853,0.25962293,0.3664463
1455326798,0.2641496,0.3664463
1455826967,0.2603755,0.3664463
1456326796,0.26206964,0.3664463
1456826796,0.258308,0.3664463
1457326795,0.26359397,0.3664463
1457826795,0.26030803,0.3664463
1458326796,0.26336002,0.3664463
1458826795,0.2597645,0.3664463
1459326808,0.26380002,0.3664463
1459826796,0.25978547,0.3664463
1460326795,0.26166654,0.3664463
1460826817,0.26020348,0.3664463
1461327112,0.26608384,0.3664463
1461826795,0.25994283,0.3664463
1462326796,0.26102197,0.3664463
1462826797,0.25311148,0.3664463
1463326795,0.26405603,0.3664463
1463826795,0.26069254,0.3664463
1464326796,0.26242745,0.3664463
1464826796,0.26261002,0.3664463
1465326796,0.261692,0.3664463
1465826810,0.25926203,0.3664463
1466326798,0.262668,0.3664463
1466826795,0.26043653,0.3664463
1467326810,0.26258463,0.3664463
1467827199,0.26514918,0.3664463
1468326805,0.26281857,0.3664463
1468826795,0.25909972,0.3664463
1469326795,0.26151198,0.3664463
1469826795,0.26103598,0.3664463
1470326795,0.26308,0.3664463
1470826795,0.26136947,0.3664463
1471326796,0.26540548,0.3664463
1471826796,0.26018852,0.3664463
1472326795,0.261706,0.3664463
1472826818,0.2596795,0.3664463
1473326819,0.26216203,0.3664463
1473827042,0.25951135,0.3664463
1474326850,0.26473916,0.3664463
1474826809,0.26371163,0.3664463
1475326796,0.26740897,0.3664463
1475826795,0.25992602,0.3664463
1476326797,0.2640875,0.3664463
1476826795,0.26040107,0.3664463
1477326796,0.26253146,0.3664463
1477826796,0.260462,0.3664463
1478326797,0.26404798,0.3664463
1478826937,0.26613045,0.3664463
1479326808,0.26880842,0.3664463
1479826962,0.2639022,0.3664463
1480326810,0.2637741,0.3664463
1480826796,0.26243746,0.3664463
1481326795,0.264444,0.3664463
1481826795,0.26065803,0.3664463
1482326796,0.26262403,0.3664463
1482826795,0.2626745,0.3664463
1483326795,0.263878,0.3664463
1483826796,0.26101148,0.3664463
1484326797,0.26459855,0.3664463
1484826797,0.26228893,0.3664463
1485327059,0.26249778,0.3664463
1485827052,0.26415682,0.3664463
1486326796,0.26191956,0.3664463
1486826796,0.26158,0.3664463
1487326796,0.26301855,0.3664463
1487826796,0.261496,0.3664463
1488326797,0.2570355,0.3664463
1488826795,0.2621125,0.3664463
1489326796,0.2624495,0.3664463
1489826812,0.26262867,0.3664463
1490326798,0.26278734,0.3664463
1490826795,0.26081598,0.3664463
1491326850,0.2620002,0.3664463
1491827312,0.2623698,0.3664463
1492326817,0.263996,0.3664463
1492826796,0.260642,0.3664463
1493326796,0.26244253,0.3664463
1493826797,0.26077098,0.3664463
1494326795,0.26321507,0.3664463
1494826817,0.261122,0.3664463
1495326810,0.26252598,0.3664463
1495826796,0.2610355,0.3664463
1496326859,0.2627489,0.3664463
1496826798,0.2613324,0.3664463
1497326975,0.2632448,0.3664463
1497826796,0.2601031,0.3664463
1498326798,0.26220745,0.3664463
1498826796,0.262362,0.3664463
1499326796,0.26302147,0.3664463
1499826796,0.26106054,0.3664463
1500326797,0.2625075,0.3664463
1500826797,0.26175052,0.3664463
1501326810,0.26282197,0.3664463
1501826795,0.26349252,0.3664463
1502326796,0.26439345,0.3664463
1502827025,0.26183206,0.3664463
1503326988,0.2624538,0.3664463
1503826797,0.26220882,0.3664463
1504326796,0.26269603,0.3664463
1504826795,0.26170802,0.3664463
1505326797,0.2627995,0.3664463
1505826796,0.26159,0.3664463
1506326795,0.26247,0.3664463
1506826797,0.26169598,0.3664463
1507326795,0.26257998,0.3664463
1507826796,0.26167,0.3664463
1508326795,0.2628085,0.3664463
1508826797,0.2605675,0.3664463
1509327283,0.26255828,0.3664463
1509826811,0.26192313,0.3664463
1510326796,0.26239002,0.3664463
1510826796,0.260886,0.3664463
1511326795,0.264054,0.3664463
1511826809,0.26167,0.3664463
1512326800,0.262002,0.3664463
1512826795,0.26131052,0.3664463
1513326796,0.26277602,0.3664463
