timestamp,imbalanced_prop_metric,fd_roll,fd_pitch,fd_alt,fd_ext,fd_arm_escs,fd_high_wind,fd_battery,fd_imbalanced_prop
538972375,nan,0,0,0,0,0,0,0,0
539475057,nan,0,0,0,0,0,0,0,0
539985127,nan,0,0,0,0,0,0,0,0
540494648,nan,0,0,0,0,0,0,0,0
541004489,nan,0,0,0,0,0,0,0,0
541513220,nan,0,0,0,0,0,0,0,0
542022916,nan,0,0,0,0,0,0,0,0
542532847,nan,0,0,0,0,0,0,0,0
543033666,nan,0,0,0,0,0,0,0,0
543543728,nan,0,0,0,0,0,0,0,0
544053997,nan,0,0,0,0,0,0,0,0
544564093,nan,0,0,0,0,0,0,0,0
545074493,nan,0,0,0,0,0,0,0,0
545583757,nan,0,0,0,0,0,0,0,0
546094288,nan,0,0,0,0,0,0,0,0
546604097,nan,0,0,0,0,0,0,0,0
547113140,nan,0,0,0,0,0,0,0,0
547622636,nan,0,0,0,0,0,0,0,0
548132578,nan,0,0,0,0,0,0,0,0
548641138,nan,0,0,0,0,0,0,0,0
549151276,nan,0,0,0,0,0,0,0,0
549661082,nan,0,0,0,0,0,0,0,0
550170846,nan,0,0,0,0,0,0,0,0
550680887,nan,0,0,0,0,0,0,0,0
551191246,nan,0,0,0,0,0,0,0,0
551701352,nan,0,0,0,0,0,0,0,0
552210794,nan,0,0,0,0,0,0,0,0
552720765,nan,0,0,0,0,0,0,0,0
553230558,nan,0,0,0,0,0,0,0,0
553741258,nan,0,0,0,0,0,0,0,0
554250535,nan,0,0,0,0,0,0,0,0
554759884,nan,0,0,0,0,0,0,0,0
555269932,nan,0,0,0,0,0,0,0,0
555780034,nan,0,0,0,0,0,0,0,0
556290388,nan,0,0,0,0,0,0,0,0
556799769,nan,0,0,0,0,0,0,0,0
557310236,nan,0,0,0,0,0,0,0,0
557819431,nan,0,0,0,0,0,0,0,0
558329266,nan,0,0,0,0,0,0,0,0
558839146,nan,0,0,0,0,0,0,0,0
559349021,nan,0,0,0,0,0,0,0,0
559858743,nan,0,0,0,0,0,0,0,0
560369085,nan,0,0,0,0,0,0,0,0
560878898,nan,0,0,0,0,0,0,0,0
561388749,nan,0,0,0,0,0,0,0,0
561898761,nan,0,0,0,0,0,0,0,0
562408513,nan,0,0,0,0,0,0,0,0
562919036,nan,0,0,0,0,0,0,0,0
563418593,nan,0,0,0,0,0,0,0,0
563927822,nan,0,0,0,0,0,0,0,0
564437947,nan,0,0,0,0,0,0,0,0
564948066,nan,0,0,0,0,0,0,0,0
565458085,nan,0,0,0,0,0,0,0,0
565968133,nan,0,0,0,0,0,0,0,0
566477841,nan,0,0,0,0,0,0,0,0
566987392,nan,0,0,0,0,0,0,0,0
567497283,nan,0,0,0,0,0,0,0,0
568007195,nan,0,0,0,0,0,0,0,0
568516725,nan,0,0,0,0,0,0,0,0
568708472,nan,0,0,0,0,0,0,0,0
569217452,nan,0,0,0,0,0,0,0,0
569727501,nan,0,0,0,0,0,0,0,0
569918915,nan,0,0,0,0,0,0,0,0
570429047,nan,0,0,0,0,0,0,0,0
570938835,nan,0,0,0,0,0,0,0,0
571449129,nan,0,0,0,0,0,0,0,0
571959164,nan,0,0,0,0,0,0,0,0
572468920,nan,0,0,0,0,0,0,0,0
572978619,nan,0,0,0,0,0,0,0,0
573488222,nan,0,0,0,0,0,0,0,0
573998101,nan,0,0,0,0,0,0,0,0
574508272,nan,0,0,0,0,0,0,0,0
575018125,nan,0,0,0,0,0,0,0,0
575527860,nan,0,0,0,0,0,0,0,0
576037988,nan,0,0,0,0,0,0,0,0
576548373,nan,0,0,0,0,0,0,0,0
577057861,nan,0,0,0,0,0,0,0,0
577567880,nan,0,0,0,0,0,0,0,0
578078057,nan,0,0,0,0,0,0,0,0
578588348,nan,0,0,0,0,0,0,0,0
579097614,nan,0,0,0,0,0,0,0,0
579608081,nan,0,0,0,0,0,0,0,0
580117316,nan,0,0,0,0,0,0,0,0
580627299,nan,0,0,0,0,0,0,0,0
581137948,nan,0,0,0,0,0,0,0,0
581647893,nan,0,0,0,0,0,0,0,0
582157744,nan,0,0,0,0,0,0,0,0
582502093,nan,0,0,0,0,0,0,0,0
583011497,nan,0,0,0,0,0,0,0,0
583521526,nan,0,0,0,0,0,0,0,0
583711232,nan,0,0,0,0,0,0,0,0
584220912,nan,0,0,0,0,0,0,0,0
584731110,nan,0,0,0,0,0,0,0,0
585240553,nan,0,0,0,0,0,0,0,0
585750685,nan,0,0,0,0,0,0,0,0
586260844,nan,0,0,0,0,0,0,0,0
586770896,nan,0,0,0,0,0,0,0,0
587280233,nan,0,0,0,0,0,0,0,0
587789637,nan,0,0,0,0,0,0,0,0
588300349,nan,0,0,0,0,0,0,0,0
588809946,nan,0,0,0,0,0,0,0,0
589319916,nan,0,0,0,0,0,0,0,0
589829717,nan,0,0,0,0,0,0,0,0
590340455,nan,0,0,0,0,0,0,0,0
590849987,nan,0,0,0,0,0,0,0,0
591359981,nan,0,0,0,0,0,0,0,0
591869115,nan,0,0,0,0,0,0,0,0
592092861,nan,0,0,0,0,0,0,0,0
592594026,nan,0,0,0,0,0,0,0,0
593103582,nan,0,0,0,0,0,0,0,0
593613170,nan,0,0,0,0,0,0,0,0
593628154,nan,0,0,0,0,0,0,0,0
594137834,nan,0,0,0,0,0,0,0,0
594647684,nan,0,0,0,0,0,0,0,0
595147772,nan,0,0,0,0,0,0,0,0
595657169,nan,0,0,0,0,0,0,0,0
596166679,nan,0,0,0,0,0,0,0,0
596676888,nan,0,0,0,0,0,0,0,0
597087673,nan,0,0,0,0,0,0,0,0
597268720,nan,0,0,0,0,0,0,0,0
597778791,nan,0,0,0,0,0,0,0,0
598289079,nan,0,0,0,0,0,0,0,0
598798772,nan,0,0,0,0,0,0,0,0
599308670,nan,0,0,0,0,0,0,0,0
599818009,nan,0,0,0,0,0,0,0,0
600327887,nan,0,0,0,0,0,0,0,0
600837869,nan,0,0,0,0,0,0,0,0
601347749,nan,0,0,0,0,0,0,0,0
601847478,nan,0,0,0,0,0,0,0,0
602049057,nan,0,0,0,0,0,0,0,0
602558995,nan,0,0,0,0,0,0,0,0
602628990,nan,0,0,0,0,0,0,0,0
603138697,nan,0,0,0,0,0,0,0,0
603638619,nan,0,0,0,0,0,0,0,0
604148183,nan,0,0,0,0,0,0,0,0
604657706,nan,0,0,0,0,0,0,0,0
605167983,nan,0,0,0,0,0,0,0,0
605677657,nan,0,0,0,0,0,0,0,0
606187848,nan,0,0,0,0,0,0,0,0
606697936,nan,0,0,0,0,0,0,0,0
607208142,nan,0,0,0,0,0,0,0,0
607717173,nan,0,0,0,0,0,0,0,0
608226757,nan,0,0,0,0,0,0,0,0
608736510,nan,0,0,0,0,0,0,0,0
609245098,nan,0,0,0,0,0,0,0,0
609754821,nan,0,0,0,0,0,0,0,0
610264846,nan,0,0,0,0,0,0,0,0
610774622,nan,0,0,0,0,0,0,0,0
611284636,nan,0,0,0,0,0,0,0,0
611794673,nan,0,0,0,0,0,0,0,0
612304940,nan,0,0,0,0,0,0,0,0
612804784,nan,0,0,0,0,0,0,0,0
613314513,nan,0,0,0,0,0,0,0,0
613515305,nan,0,0,0,0,0,0,0,0
613584572,nan,0,0,0,0,0,0,0,0
614094480,nan,0,0,0,0,0,0,0,0
614604228,nan,0,0,0,0,0,0,0,0
614751143,nan,0,0,0,0,0,0,0,0
614821143,nan,0,0,0,0,0,0,0,0
615331279,nan,0,0,0,0,0,0,0,0
615422797,nan,0,0,0,0,0,0,0,0
615910879,nan,0,0,0,0,0,0,0,0
616421417,nan,0,0,0,0,0,0,0,0
616820454,nan,0,0,0,0,0,0,0,0
617331518,nan,0,0,0,0,0,0,0,0
617840515,nan,0,0,0,0,0,0,0,0
618350737,nan,0,0,0,0,0,0,0,0
618860472,nan,0,0,0,0,0,0,0,0
618908634,nan,0,0,0,0,0,0,0,0
619418066,nan,0,0,0,0,0,0,0,0
619927882,nan,0,0,0,0,0,0,0,0
620437815,nan,0,0,0,0,0,0,0,0
620947655,nan,0,0,0,0,0,0,0,0
621457685,nan,0,0,0,0,0,0,0,0
621747412,nan,0,0,0,0,0,0,0,0
622257008,nan,0,0,0,0,0,0,0,0
622766965,nan,0,0,0,0,0,0,0,0
623276657,nan,0,0,0,0,0,0,0,0
623786743,nan,0,0,0,0,0,0,0,0
624296218,nan,0,0,0,0,0,0,0,0
624806380,nan,0,0,0,0,0,0,0,0
625316030,nan,0,0,0,0,0,0,0,0
625825604,nan,0,0,0,0,0,0,0,0
626335750,nan,0,0,0,0,0,0,0,0
626846033,nan,0,0,0,0,0,0,0,0
627355898,nan,0,0,0,0,0,0,0,0
627865704,nan,0,0,0,0,0,0,0,0
628375626,nan,0,0,0,0,0,0,0,0
628887241,nan,0,0,0,0,0,0,0,0
629397023,nan,0,0,0,0,0,0,0,0
629906759,nan,0,0,0,0,0,0,0,0
630416707,nan,0,0,0,0,0,0,0,0
630927194,nan,0,0,0,0,0,0,0,0
631436996,nan,0,0,0,0,0,0,0,0
631946109,nan,0,0,0,0,0,0,0,0
632455554,nan,0,0,0,0,0,0,0,0
632964570,nan,0,0,0,0,0,0,0,0
633473280,nan,0,0,0,0,0,0,0,0
633983117,nan,0,0,0,0,0,0,0,0
634492963,nan,0,0,0,0,0,0,0,0
635002076,nan,0,0,0,0,0,0,0,0
635511324,nan,0,0,0,0,0,0,0,0
636020727,nan,0,0,0,0,0,0,0,0
636531436,nan,0,0,0,0,0,0,0,0
637041029,nan,0,0,0,0,0,0,0,0
637550546,nan,0,0,0,0,0,0,0,0
638059853,nan,0,0,0,0,0,0,0,0
638569958,nan,0,0,0,0,0,0,0,0
639080351,nan,0,0,0,0,0,0,0,0
639590136,nan,0,0,0,0,0,0,0,0
640100050,nan,0,0,0,0,0,0,0,0
640609828,nan,0,0,0,0,0,0,0,0
641120150,nan,0,0,0,0,0,0,0,0
641630233,nan,0,0,0,0,0,0,0,0
642129386,nan,0,0,0,0,0,0,0,0
642638797,nan,0,0,0,0,0,0,0,0
643148816,nan,0,0,0,0,0,0,0,0
643659218,nan,0,0,0,0,0,0,0,0
644169284,nan,0,0,0,0,0,0,0,0
644678977,nan,0,0,0,0,0,0,0,0
645188920,nan,0,0,0,0,0,0,0,0
645699249,nan,0,0,0,0,0,0,0,0
646210157,nan,0,0,0,0,0,0,0,0
646719920,nan,0,0,0,0,0,0,0,0
647229659,nan,0,0,0,0,0,0,0,0
647740749,nan,0,0,0,0,0,0,0,0
648250793,nan,0,0,0,0,0,0,0,0
648760562,nan,0,0,0,0,0,0,0,0
649269475,nan,0,0,0,0,0,0,0,0
649778814,nan,0,0,0,0,0,0,0,0
650289533,nan,0,0,0,0,0,0,0,0
650799051,nan,0,0,0,0,0,0,0,0
651298591,nan,0,0,0,0,0,0,0,0
651808059,nan,0,0,0,0,0,0,0,0
652317725,nan,0,0,0,0,0,0,0,0
652828400,nan,0,0,0,0,0,0,0,0
653337901,nan,0,0,0,0,0,0,0,0
653847626,nan,0,0,0,0,0,0,0,0
654357710,nan,0,0,0,0,0,0,0,0
654868058,nan,0,0,0,0,0,0,0,0
655378199,nan,0,0,0,0,0,0,0,0
655887998,nan,0,0,0,0,0,0,0,0
656397844,nan,0,0,0,0,0,0,0,0
656908402,nan,0,0,0,0,0,0,0,0
657418123,nan,0,0,0,0,0,0,0,0
657928526,nan,0,0,0,0,0,0,0,0
658437892,nan,0,0,0,0,0,0,0,0
658948200,nan,0,0,0,0,0,0,0,0
659458046,nan,0,0,0,0,0,0,0,0
659967522,nan,0,0,0,0,0,0,0,0
660476900,nan,0,0,0,0,0,0,0,0
660987127,nan,0,0,0,0,0,0,0,0
661488065,nan,0,0,0,0,0,0,0,0
661997900,nan,0,0,0,0,0,0,0,0
662508694,nan,0,0,0,0,0,0,0,0
663018059,nan,0,0,0,0,0,0,0,0
663528248,nan,0,0,0,0,0,0,0,0
664037769,nan,0,0,0,0,0,0,0,0
664548795,nan,0,0,0,0,0,0,0,0
665058254,nan,0,0,0,0,0,0,0,0
665567850,nan,0,0,0,0,0,0,0,0
666077782,nan,0,0,0,0,0,0,0,0
666587182,nan,0,0,0,0,0,0,0,0
667097030,nan,0,0,0,0,0,0,0,0
667606910,nan,0,0,0,0,0,0,0,0
668117129,nan,0,0,0,0,0,0,0,0
668627100,nan,0,0,0,0,0,0,0,0
669137292,nan,0,0,0,0,0,0,0,0
669646784,nan,0,0,0,0,0,0,0,0
670156811,nan,0,0,0,0,0,0,0,0
670666925,nan,0,0,0,0,0,0,0,0
671176107,nan,0,0,0,0,0,0,0,0
671685679,nan,0,0,0,0,0,0,0,0
672185961,nan,0,0,0,0,0,0,0,0
672696524,nan,0,0,0,0,0,0,0,0
673206159,nan,0,0,0,0,0,0,0,0
673706219,nan,0,0,0,0,0,0,0,0
674215962,nan,0,0,0,0,0,0,0,0
674726084,nan,0,0,0,0,0,0,0,0
675236014,nan,0,0,0,0,0,0,0,0
675745574,nan,0,0,0,0,0,0,0,0
676254894,nan,0,0,0,0,0,0,0,0
676755111,nan,0,0,0,0,0,0,0,0
677265053,nan,0,0,0,0,0,0,0,0
677775376,nan,0,0,0,0,0,0,0,0
678285031,nan,0,0,0,0,0,0,0,0
678794869,nan,0,0,0,0,0,0,0,0
679305286,nan,0,0,0,0,0,0,0,0
679815212,nan,0,0,0,0,0,0,0,0
680314953,nan,0,0,0,0,0,0,0,0
680824861,nan,0,0,0,0,0,0,0,0
681335233,nan,0,0,0,0,0,0,0,0
681844932,nan,0,0,0,0,0,0,0,0
682355655,nan,0,0,0,0,0,0,0,0
682865921,nan,0,0,0,0,0,0,0,0
683375978,nan,0,0,0,0,0,0,0,0
683886057,nan,0,0,0,0,0,0,0,0
684395207,nan,0,0,0,0,0,0,0,0
684904436,nan,0,0,0,0,0,0,0,0
685414460,nan,0,0,0,0,0,0,0,0
685924252,nan,0,0,0,0,0,0,0,0
686434109,nan,0,0,0,0,0,0,0,0
686943897,nan,0,0,0,0,0,0,0,0
687453826,nan,0,0,0,0,0,0,0,0
687963295,nan,0,0,0,0,0,0,0,0
688473060,nan,0,0,0,0,0,0,0,0
688983131,nan,0,0,0,0,0,0,0,0
689492815,nan,0,0,0,0,0,0,0,0
690002704,nan,0,0,0,0,0,0,0,0
690513186,nan,0,0,0,0,0,0,0,0
691023131,nan,0,0,0,0,0,0,0,0
691533118,nan,0,0,0,0,0,0,0,0
692043008,nan,0,0,0,0,0,0,0,0
692553862,nan,0,0,0,0,0,0,0,0
693064092,nan,0,0,0,0,0,0,0,0
693564622,nan,0,0,0,0,0,0,0,0
694074777,nan,0,0,0,0,0,0,0,0
694585038,nan,0,0,0,0,0,0,0,0
695094942,nan,0,0,0,0,0,0,0,0
695604620,nan,0,0,0,0,0,0,0,0
696114699,nan,0,0,0,0,0,0,0,0
696625008,nan,0,0,0,0,0,0,0,0
697134970,nan,0,0,0,0,0,0,0,0
697644378,nan,0,0,0,0,0,0,0,0
698153710,nan,0,0,0,0,0,0,0,0
698663312,nan,0,0,0,0,0,0,0,0
699172916,nan,0,0,0,0,0,0,0,0
699682806,nan,0,0,0,0,0,0,0,0
700183739,nan,0,0,0,0,0,0,0,0
700693703,nan,0,0,0,0,0,0,0,0
701204252,nan,0,0,0,0,0,0,0,0
701714018,nan,0,0,0,0,0,0,0,0
702223578,nan,0,0,0,0,0,0,0,0
702732464,nan,0,0,0,0,0,0,0,0
703241569,nan,0,0,0,0,0,0,0,0
703750092,nan,0,0,0,0,0,0,0,0
704261180,nan,0,0,0,0,0,0,0,0
704770650,nan,0,0,0,0,0,0,0,0
705280728,nan,0,0,0,0,0,0,0,0
705790700,nan,0,0,0,0,0,0,0,0
706301171,nan,0,0,0,0,0,0,0,0
706810893,nan,0,0,0,0,0,0,0,0
707320570,nan,0,0,0,0,0,0,0,0
707829843,nan,0,0,0,0,0,0,0,0
708340457,nan,0,0,0,0,0,0,0,0
708850275,nan,0,0,0,0,0,0,0,0
709359495,nan,0,0,0,0,0,0,0,0
709868809,nan,0,0,0,0,0,0,0,0
710378841,nan,0,0,0,0,0,0,0,0
710889167,nan,0,0,0,0,0,0,0,0
711399286,nan,0,0,0,0,0,0,0,0
711898695,nan,0,0,0,0,0,0,0,0
712408813,nan,0,0,0,0,0,0,0,0
712918983,nan,0,0,0,0,0,0,0,0
713429356,nan,0,0,0,0,0,0,0,0
713938135,nan,0,0,0,0,0,0,0,0
714447738,nan,0,0,0,0,0,0,0,0
714957697,nan,0,0,0,0,0,0,0,0
715469363,nan,0,0,0,0,0,0,0,0
715969592,nan,0,0,0,0,0,0,0,0
716478710,nan,0,0,0,0,0,0,0,0
716988564,nan,0,0,0,0,0,0,0,0
717498144,nan,0,0,0,0,0,0,0,0
718008412,nan,0,0,0,0,0,0,0,0
718517840,nan,0,0,0,0,0,0,0,0
719028039,nan,0,0,0,0,0,0,0,0
719537366,nan,0,0,0,0,0,0,0,0
720048170,nan,0,0,0,0,0,0,0,0
720557591,nan,0,0,0,0,0,0,0,0
721066901,nan,0,0,0,0,0,0,0,0
721576930,nan,0,0,0,0,0,0,0,0
722087303,nan,0,0,0,0,0,0,0,0
722597272,nan,0,0,0,0,0,0,0,0
723107210,nan,0,0,0,0,0,0,0,0
723616924,nan,0,0,0,0,0,0,0,0
724127082,nan,0,0,0,0,0,0,0,0
724637068,nan,0,0,0,0,0,0,0,0
724995356,nan,0,0,0,0,0,0,0,0
725505155,nan,0,0,0,0,0,0,0,0
726014597,nan,0,0,0,0,0,0,0,0
726524554,nan,0,0,0,0,0,0,0,0
727034465,nan,0,0,0,0,0,0,0,0
727544507,nan,0,0,0,0,0,0,0,0
728054069,nan,0,0,0,0,0,0,0,0
728563939,nan,0,0,0,0,0,0,0,0
729074293,nan,0,0,0,0,0,0,0,0
729585314,nan,0,0,0,0,0,0,0,0
730094903,nan,0,0,0,0,0,0,0,0
730604960,nan,0,0,0,0,0,0,0,0
731115171,nan,0,0,0,0,0,0,0,0
731625382,nan,0,0,0,0,0,0,0,0
732135169,nan,0,0,0,0,0,0,0,0
732644921,nan,0,0,0,0,0,0,0,0
733155282,nan,0,0,0,0,0,0,0,0
733665252,nan,0,0,0,0,0,0,0,0
734165130,nan,0,0,0,0,0,0,0,0
734674531,nan,0,0,0,0,0,0,0,0
735183931,nan,0,0,0,0,0,0,0,0
735694008,nan,0,0,0,0,0,0,0,0
736204529,nan,0,0,0,0,0,0,0,0
736714140,nan,0,0,0,0,0,0,0,0
737223786,nan,0,0,0,0,0,0,0,0
737733913,nan,0,0,0,0,0,0,0,0
738244245,nan,0,0,0,0,0,0,0,0
738754025,nan,0,0,0,0,0,0,0,0
739264046,nan,0,0,0,0,0,0,0,0
739774332,nan,0,0,0,0,0,0,0,0
740284139,nan,0,0,0,0,0,0,0,0
740793558,nan,0,0,0,0,0,0,0,0
741303201,nan,0,0,0,0,0,0,0,0
741812943,nan,0,0,0,0,0,0,0,0
742323087,nan,0,0,0,0,0,0,0,0
742834105,nan,0,0,0,0,0,0,0,0
743343836,nan,0,0,0,0,0,0,0,0
743853857,nan,0,0,0,0,0,0,0,0
744364288,nan,0,0,0,0,0,0,0,0
744874302,nan,0,0,0,0,0,0,0,0
745383777,nan,0,0,0,0,0,0,0,0
745894015,nan,0,0,0,0,0,0,0,0
746404140,nan,0,0,0,0,0,0,0,0
746914108,nan,0,0,0,0,0,0,0,0
747423693,nan,0,0,0,0,0,0,0,0
747934075,nan,0,0,0,0,0,0,0,0
748443961,nan,0,0,0,0,0,0,0,0
748954038,nan,0,0,0,0,0,0,0,0
749463112,nan,0,0,0,0,0,0,0,0
749972741,nan,0,0,0,0,0,0,0,0
750482906,nan,0,0,0,0,0,0,0,0
750993266,nan,0,0,0,0,0,0,0,0
751503101,nan,0,0,0,0,0,0,0,0
752012850,nan,0,0,0,0,0,0,0,0
752522766,nan,0,0,0,0,0,0,0,0
753032935,nan,0,0,0,0,0,0,0,0
753543128,nan,0,0,0,0,0,0,0,0
754052439,nan,0,0,0,0,0,0,0,0
754561554,nan,0,0,0,0,0,0,0,0
755070746,nan,0,0,0,0,0,0,0,0
755581020,nan,0,0,0,0,0,0,0,0
756091176,nan,0,0,0,0,0,0,0,0
756600897,nan,0,0,0,0,0,0,0,0
757110941,nan,0,0,0,0,0,0,0,0
757621128,nan,0,0,0,0,0,0,0,0
758131749,nan,0,0,0,0,0,0,0,0
758641468,nan,0,0,0,0,0,0,0,0
759150530,nan,0,0,0,0,0,0,0,0
759659779,nan,0,0,0,0,0,0,0,0
760170142,nan,0,0,0,0,0,0,0,0
760680138,nan,0,0,0,0,0,0,0,0
761190003,nan,0,0,0,0,0,0,0,0
761699599,nan,0,0,0,0,0,0,0,0
762210196,nan,0,0,0,0,0,0,0,0
762720438,nan,0,0,0,0,0,0,0,0
763229846,nan,0,0,0,0,0,0,0,0
763739795,nan,0,0,0,0,0,0,0,0
764249462,nan,0,0,0,0,0,0,0,0
764759100,nan,0,0,0,0,0,0,0,0
765269560,nan,0,0,0,0,0,0,0,0
765778948,nan,0,0,0,0,0,0,0,0
766288841,nan,0,0,0,0,0,0,0,0
766799022,nan,0,0,0,0,0,0,0,0
767309350,nan,0,0,0,0,0,0,0,0
767818823,nan,0,0,0,0,0,0,0,0
768329194,nan,0,0,0,0,0,0,0,0
768839013,nan,0,0,0,0,0,0,0,0
769349069,nan,0,0,0,0,0,0,0,0
769858885,nan,0,0,0,0,0,0,0,0
770369017,nan,0,0,0,0,0,0,0,0
770879740,nan,0,0,0,0,0,0,0,0
771389779,nan,0,0,0,0,0,0,0,0
771899648,nan,0,0,0,0,0,0,0,0
772409508,nan,0,0,0,0,0,0,0,0
772918989,nan,0,0,0,0,0,0,0,0
773428773,nan,0,0,0,0,0,0,0,0
773938854,nan,0,0,0,0,0,0,0,0
774448951,nan,0,0,0,0,0,0,0,0
774958643,nan,0,0,0,0,0,0,0,0
775468771,nan,0,0,0,0,0,0,0,0
775978781,nan,0,0,0,0,0,0,0,0
776478581,nan,0,0,0,0,0,0,0,0
776987851,nan,0,0,0,0,0,0,0,0
777497588,nan,0,0,0,0,0,0,0,0
778007360,nan,0,0,0,0,0,0,0,0
778517784,nan,0,0,0,0,0,0,0,0
779027663,nan,0,0,0,0,0,0,0,0
779537496,nan,0,0,0,0,0,0,0,0
780047259,nan,0,0,0,0,0,0,0,0
780557048,nan,0,0,0,0,0,0,0,0
781067018,nan,0,0,0,0,0,0,0,0
781576998,nan,0,0,0,0,0,0,0,0
782087206,nan,0,0,0,0,0,0,0,0
782597190,nan,0,0,0,0,0,0,0,0
783107103,nan,0,0,0,0,0,0,0,0
783616731,nan,0,0,0,0,0,0,0,0
784127743,nan,0,0,0,0,0,0,0,0
784637744,nan,0,0,0,0,0,0,0,0
785137694,nan,0,0,0,0,0,0,0,0
785647725,nan,0,0,0,0,0,0,0,0
786158071,nan,0,0,0,0,0,0,0,0
786667814,nan,0,0,0,0,0,0,0,0
787177311,nan,0,0,0,0,0,0,0,0
787686623,nan,0,0,0,0,0,0,0,0
788196646,nan,0,0,0,0,0,0,0,0
788707321,nan,0,0,0,0,0,0,0,0
789216862,nan,0,0,0,0,0,0,0,0
789726737,nan,0,0,0,0,0,0,0,0
790236801,nan,0,0,0,0,0,0,0,0
790747092,nan,0,0,0,0,0,0,0,0
791256901,nan,0,0,0,0,0,0,0,0
791766786,nan,0,0,0,0,0,0,0,0
792266814,nan,0,0,0,0,0,0,0,0
792776423,nan,0,0,0,0,0,0,0,0
793286113,nan,0,0,0,0,0,0,0,0
793796182,nan,0,0,0,0,0,0,0,0
794305738,nan,0,0,0,0,0,0,0,0
794815733,nan,0,0,0,0,0,0,0,0
795326151,nan,0,0,0,0,0,0,0,0
795836045,nan,0,0,0,0,0,0,0,0
796345624,nan,0,0,0,0,0,0,0,0
796855648,nan,0,0,0,0,0,0,0,0
797366044,nan,0,0,0,0,0,0,0,0
797875834,nan,0,0,0,0,0,0,0,0
798385718,nan,0,0,0,0,0,0,0,0
798895332,nan,0,0,0,0,0,0,0,0
799404606,nan,0,0,0,0,0,0,0,0
799915212,nan,0,0,0,0,0,0,0,0
800425057,nan,0,0,0,0,0,0,0,0
800934890,nan,0,0,0,0,0,0,0,0
801444690,nan,0,0,0,0,0,0,0,0
801954964,nan,0,0,0,0,0,0,0,0
802465090,nan,0,0,0,0,0,0,0,0
802974657,nan,0,0,0,0,0,0,0,0
803485403,nan,0,0,0,0,0,0,0,0
803994807,nan,0,0,0,0,0,0,0,0
804505132,nan,0,0,0,0,0,0,0,0
805014771,nan,0,0,0,0,0,0,0,0
805514465,nan,0,0,0,0,0,0,0,0
806023627,nan,0,0,0,0,0,0,0,0
806534208,nan,0,0,0,0,0,0,0,0
807044176,nan,0,0,0,0,0,0,0,0
807553703,nan,0,0,0,0,0,0,0,0
808063636,nan,0,0,0,0,0,0,0,0
808573830,nan,0,0,0,0,0,0,0,0
809083997,nan,0,0,0,0,0,0,0,0
809593785,nan,0,0,0,0,0,0,0,0
810103739,nan,0,0,0,0,0,0,0,0
810613929,nan,0,0,0,0,0,0,0,0
811124238,nan,0,0,0,0,0,0,0,0
811633772,nan,0,0,0,0,0,0,0,0
812143371,nan,0,0,0,0,0,0,0,0
812652576,nan,0,0,0,0,0,0,0,0
813161136,nan,0,0,0,0,0,0,0,0
813670767,nan,0,0,0,0,0,0,0,0
814181260,nan,0,0,0,0,0,0,0,0
814690765,nan,0,0,0,0,0,0,0,0
815200866,nan,0,0,0,0,0,0,0,0
815710997,nan,0,0,0,0,0,0,0,0
816220797,nan,0,0,0,0,0,0,0,0
816730591,nan,0,0,0,0,0,0,0,0
817239903,nan,0,0,0,0,0,0,0,0
817749624,nan,0,0,0,0,0,0,0,0
818259787,nan,0,0,0,0,0,0,0,0
818769543,nan,0,0,0,0,0,0,0,0
819278911,nan,0,0,0,0,0,0,0,0
819789081,nan,0,0,0,0,0,0,0,0
820299118,nan,0,0,0,0,0,0,0,0
820809167,nan,0,0,0,0,0,0,0,0
821319130,nan,0,0,0,0,0,0,0,0
821829057,nan,0,0,0,0,0,0,0,0
822339337,nan,0,0,0,0,0,0,0,0
822849182,nan,0,0,0,0,0,0,0,0
823358733,nan,0,0,0,0,0,0,0,0
823869043,nan,0,0,0,0,0,0,0,0
824379336,nan,0,0,0,0,0,0,0,0
824889174,nan,0,0,0,0,0,0,0,0
825398427,nan,0,0,0,0,0,0,0,0
825908019,nan,0,0,0,0,0,0,0,0
826417814,nan,0,0,0,0,0,0,0,0
826928669,nan,0,0,0,0,0,0,0,0
827428234,nan,0,0,0,0,0,0,0,0
827938010,nan,0,0,0,0,0,0,0,0
828447844,nan,0,0,0,0,0,0,0,0
828958219,nan,0,0,0,0,0,0,0,0
829468295,nan,0,0,0,0,0,0,0,0
829977426,nan,0,0,0,0,0,0,0,0
830486994,nan,0,0,0,0,0,0,0,0
830997006,nan,0,0,0,0,0,0,0,0
831507438,nan,0,0,0,0,0,0,0,0
832017143,nan,0,0,0,0,0,0,0,0
832526906,nan,0,0,0,0,0,0,0,0
833036944,nan,0,0,0,0,0,0,0,0
833547397,nan,0,0,0,0,0,0,0,0
834057242,nan,0,0,0,0,0,0,0,0
834566899,nan,0,0,0,0,0,0,0,0
835076758,nan,0,0,0,0,0,0,0,0
835587168,nan,0,0,0,0,0,0,0,0
836097241,nan,0,0,0,0,0,0,0,0
836607757,nan,0,0,0,0,0,0,0,0
837117651,nan,0,0,0,0,0,0,0,0
837628090,nan,0,0,0,0,0,0,0,0
838138186,nan,0,0,0,0,0,0,0,0
838647659,nan,0,0,0,0,0,0,0,0
839157559,nan,0,0,0,0,0,0,0,0
839666427,nan,0,0,0,0,0,0,0,0
840176912,nan,0,0,0,0,0,0,0,0
840686785,nan,0,0,0,0,0,0,0,0
841196534,nan,0,0,0,0,0,0,0,0
841705638,nan,0,0,0,0,0,0,0,0
842215747,nan,0,0,0,0,0,0,0,0
842726150,nan,0,0,0,0,0,0,0,0
843235309,nan,0,0,0,0,0,0,0,0
843744828,nan,0,0,0,0,0,0,0,0
844254848,nan,0,0,0,0,0,0,0,0
844765181,nan,0,0,0,0,0,0,0,0
845274979,nan,0,0,0,0,0,0,0,0
845784734,nan,0,0,0,0,0,0,0,0
846294485,nan,0,0,0,0,0,0,0,0
846804360,nan,0,0,0,0,0,0,0,0
847314293,nan,0,0,0,0,0,0,0,0
847824067,nan,0,0,0,0,0,0,0,0
848333678,nan,0,0,0,0,0,0,0,0
848843704,nan,0,0,0,0,0,0,0,0
849354037,nan,0,0,0,0,0,0,0,0
849863796,nan,0,0,0,0,0,0,0,0
850374260,nan,0,0,0,0,0,0,0,0
850883146,nan,0,0,0,0,0,0,0,0
851393109,nan,0,0,0,0,0,0,0,0
851903204,nan,0,0,0,0,0,0,0,0
852412850,nan,0,0,0,0,0,0,0,0
852922993,nan,0,0,0,0,0,0,0,0
853433075,nan,0,0,0,0,0,0,0,0
853943119,nan,0,0,0,0,0,0,0,0
854452335,nan,0,0,0,0,0,0,0,0
854962177,nan,0,0,0,0,0,0,0,0
855471919,nan,0,0,0,0,0,0,0,0
855982058,nan,0,0,0,0,0,0,0,0
856492092,nan,0,0,0,0,0,0,0,0
857001842,nan,0,0,0,0,0,0,0,0
857511907,nan,0,0,0,0,0,0,0,0
858022142,nan,0,0,0,0,0,0,0,0
858532120,nan,0,0,0,0,0,0,0,0
859041629,nan,0,0,0,0,0,0,0,0
859551696,nan,0,0,0,0,0,0,0,0
860061203,nan,0,0,0,0,0,0,0,0
860571102,nan,0,0,0,0,0,0,0,0
861080965,nan,0,0,0,0,0,0,0,0
861590829,nan,0,0,0,0,0,0,0,0
862100987,nan,0,0,0,0,0,0,0,0
862611226,nan,0,0,0,0,0,0,0,0
863121006,nan,0,0,0,0,0,0,0,0
863630781,nan,0,0,0,0,0,0,0,0
864140590,nan,0,0,0,0,0,0,0,0
864649597,nan,0,0,0,0,0,0,0,0
865160457,nan,0,0,0,0,0,0,0,0
865669579,nan,0,0,0,0,0,0,0,0
866178856,nan,0,0,0,0,0,0,0,0
866688956,nan,0,0,0,0,0,0,0,0
866758962,nan,0,0,0,0,0,0,0,0
866784532,nan,0,0,0,0,0,0,0,0
867293632,nan,0,0,0,0,0,0,0,0
867793751,nan,0,0,0,0,0,0,0,0
868182611,nan,0,0,0,0,0,0,0,0
868692836,nan,0,0,0,0,0,0,0,0
869202687,nan,0,0,0,0,0,0,0,0
869283826,nan,0,0,0,0,0,0,0,0
869793816,nan,0,0,0,0,0,0,0,0
870281681,nan,0,0,0,0,0,0,0,0
870297333,nan,0,0,0,0,0,0,0,0
870807197,nan,0,0,0,0,0,0,0,0
870976337,nan,0,0,0,0,0,0,0,0
871485947,nan,0,0,0,0,0,0,0,0
871996184,nan,0,0,0,0,0,0,0,0
872506350,nan,0,0,0,0,0,0,0,0
873015740,nan,0,0,0,0,0,0,0,0
873526002,nan,0,0,0,0,0,0,0,0
874035673,nan,0,0,0,0,0,0,0,0
874546435,nan,0,0,0,0,0,0,0,0
875055586,nan,0,0,0,0,0,0,0,0
875564995,nan,0,0,0,0,0,0,0,0
876074941,nan,0,0,0,0,0,0,0,0
876585284,nan,0,0,0,0,0,0,0,0
877095412,nan,0,0,0,0,0,0,0,0
877604882,nan,0,0,0,0,0,0,0,0
878114811,nan,0,0,0,0,0,0,0,0
878625401,nan,0,0,0,0,0,0,0,0
879125315,nan,0,0,0,0,0,0,0,0
879634790,nan,0,0,0,0,0,0,0,0
880144866,nan,0,0,0,0,0,0,0,0
880655379,nan,0,0,0,0,0,0,0,0
881165177,nan,0,0,0,0,0,0,0,0
881674973,nan,0,0,0,0,0,0,0,0
882184655,nan,0,0,0,0,0,0,0,0
882694549,nan,0,0,0,0,0,0,0,0
883204142,nan,0,0,0,0,0,0,0,0
883714095,nan,0,0,0,0,0,0,0,0
884223939,nan,0,0,0,0,0,0,0,0
884733813,nan,0,0,0,0,0,0,0,0
885244341,nan,0,0,0,0,0,0,0,0
885754143,nan,0,0,0,0,0,0,0,0
886264099,nan,0,0,0,0,0,0,0,0
886774007,nan,0,0,0,0,0,0,0,0
887284202,nan,0,0,0,0,0,0,0,0
887794078,nan,0,0,0,0,0,0,0,0
888304137,nan,0,0,0,0,0,0,0,0
888813619,nan,0,0,0,0,0,0,0,0
889323538,nan,0,0,0,0,0,0,0,0
889833075,nan,0,0,0,0,0,0,0,0
890343365,nan,0,0,0,0,0,0,0,0
890853073,nan,0,0,0,0,0,0,0,0
891362916,nan,0,0,0,0,0,0,0,0
891873087,nan,0,0,0,0,0,0,0,0
892383035,nan,0,0,0,0,0,0,0,0
892892846,nan,0,0,0,0,0,0,0,0
893402914,nan,0,0,0,0,0,0,0,0
893913041,nan,0,0,0,0,0,0,0,0
894423031,nan,0,0,0,0,0,0,0,0
894932825,nan,0,0,0,0,0,0,0,0
895443027,nan,0,0,0,0,0,0,0,0
895953113,nan,0,0,0,0,0,0,0,0
896463005,nan,0,0,0,0,0,0,0,0
896972674,nan,0,0,0,0,0,0,0,0
897482688,nan,0,0,0,0,0,0,0,0
897992629,nan,0,0,0,0,0,0,0,0
898502839,nan,0,0,0,0,0,0,0,0
899012688,nan,0,0,0,0,0,0,0,0
899522464,nan,0,0,0,0,0,0,0,0
900032718,nan,0,0,0,0,0,0,0,0
900542990,nan,0,0,0,0,0,0,0,0
901052715,nan,0,0,0,0,0,0,0,0
901562415,nan,0,0,0,0,0,0,0,0
902071923,nan,0,0,0,0,0,0,0,0
902582351,nan,0,0,0,0,0,0,0,0
903091966,nan,0,0,0,0,0,0,0,0
903601873,nan,0,0,0,0,0,0,0,0
904111516,nan,0,0,0,0,0,0,0,0
904620921,nan,0,0,0,0,0,0,0,0
905131264,nan,0,0,0,0,0,0,0,0
905641002,nan,0,0,0,0,0,0,0,0
906151153,nan,0,0,0,0,0,0,0,0
906660787,nan,0,0,0,0,0,0,0,0
907171025,nan,0,0,0,0,0,0,0,0
907681290,nan,0,0,0,0,0,0,0,0
908190848,nan,0,0,0,0,0,0,0,0
908700800,nan,0,0,0,0,0,0,0,0
909211091,nan,0,0,0,0,0,0,0,0
909720842,nan,0,0,0,0,0,0,0,0
910230228,nan,0,0,0,0,0,0,0,0
910739750,nan,0,0,0,0,0,0,0,0
911249698,nan,0,0,0,0,0,0,0,0
911760310,nan,0,0,0,0,0,0,0,0
912270224,nan,0,0,0,0,0,0,0,0
912779853,nan,0,0,0,0,0,0,0,0
913289828,nan,0,0,0,0,0,0,0,0
913800140,nan,0,0,0,0,0,0,0,0
914310118,nan,0,0,0,0,0,0,0,0
914819455,nan,0,0,0,0,0,0,0,0
915329287,nan,0,0,0,0,0,0,0,0
915838455,nan,0,0,0,0,0,0,0,0
916348250,nan,0,0,0,0,0,0,0,0
916858140,nan,0,0,0,0,0,0,0,0
916990133,nan,0,0,0,0,0,0,0,0
917499379,nan,0,0,0,0,0,0,0,0
918008263,nan,0,0,0,0,0,0,0,0
918518549,nan,0,0,0,0,0,0,0,0
919028545,nan,0,0,0,0,0,0,0,0
919538016,nan,0,0,0,0,0,0,0,0
920047815,nan,0,0,0,0,0,0,0,0
920558148,nan,0,0,0,0,0,0,0,0
921068220,nan,0,0,0,0,0,0,0,0
921578019,nan,0,0,0,0,0,0,0,0
922088063,nan,0,0,0,0,0,0,0,0
922597895,nan,0,0,0,0,0,0,0,0
923108472,nan,0,0,0,0,0,0,0,0
923617418,nan,0,0,0,0,0,0,0,0
924126823,nan,0,0,0,0,0,0,0,0
924636861,nan,0,0,0,0,0,0,0,0
925147234,nan,0,0,0,0,0,0,0,0
925657071,nan,0,0,0,0,0,0,0,0
926166895,nan,0,0,0,0,0,0,0,0
926676858,nan,0,0,0,0,0,0,0,0
927187231,nan,0,0,0,0,0,0,0,0
927697206,nan,0,0,0,0,0,0,0,0
927777945,nan,0,0,0,0,0,0,0,0
928287516,nan,0,0,0,0,0,0,0,0
928796591,nan,0,0,0,0,0,0,0,0
928953912,nan,0,0,0,0,0,0,0,0
929463836,nan,0,0,0,0,0,0,0,0
929974092,nan,0,0,0,0,0,0,0,0
930484584,nan,0,0,0,0,0,0,0,0
930993911,nan,0,0,0,0,0,0,0,0
931504046,nan,0,0,0,0,0,0,0,0
932014625,nan,0,0,0,0,0,0,0,0
932524815,nan,0,0,0,0,0,0,0,0
933034636,nan,0,0,0,0,0,0,0,0
933544774,nan,0,0,0,0,0,0,0,0
934055407,nan,0,0,0,0,0,0,0,0
934565081,nan,0,0,0,0,0,0,0,0
935074793,nan,0,0,0,0,0,0,0,0
935585006,nan,0,0,0,0,0,0,0,0
936095053,nan,0,0,0,0,0,0,0,0
936605118,nan,0,0,0,0,0,0,0,0
937115421,nan,0,0,0,0,0,0,0,0
937624598,nan,0,0,0,0,0,0,0,0
938134936,nan,0,0,0,0,0,0,0,0
938644912,nan,0,0,0,0,0,0,0,0
939154684,nan,0,0,0,0,0,0,0,0
939664325,nan,0,0,0,0,0,0,0,0
940173760,nan,0,0,0,0,0,0,0,0
940683864,nan,0,0,0,0,0,0,0,0
941194013,nan,0,0,0,0,0,0,0,0
941704709,nan,0,0,0,0,0,0,0,0
942214282,nan,0,0,0,0,0,0,0,0
942723987,nan,0,0,0,0,0,0,0,0
943234115,nan,0,0,0,0,0,0,0,0
943743532,nan,0,0,0,0,0,0,0,0
944252869,nan,0,0,0,0,0,0,0,0
944762489,nan,0,0,0,0,0,0,0,0
945271941,nan,0,0,0,0,0,0,0,0
945782492,nan,0,0,0,0,0,0,0,0
946291945,nan,0,0,0,0,0,0,0,0
946801798,nan,0,0,0,0,0,0,0,0
947311864,nan,0,0,0,0,0,0,0,0
947822002,nan,0,0,0,0,0,0,0,0
948331996,nan,0,0,0,0,0,0,0,0
948841782,nan,0,0,0,0,0,0,0,0
949352012,nan,0,0,0,0,0,0,0,0
949861789,nan,0,0,0,0,0,0,0,0
950371868,nan,0,0,0,0,0,0,0,0
950881687,nan,0,0,0,0,0,0,0,0
951391204,nan,0,0,0,0,0,0,0,0
951900861,nan,0,0,0,0,0,0,0,0
952410938,nan,0,0,0,0,0,0,0,0
952920770,nan,0,0,0,0,0,0,0,0
953430889,nan,0,0,0,0,0,0,0,0
953941027,nan,0,0,0,0,0,0,0,0
954450858,nan,0,0,0,0,0,0,0,0
954960798,nan,0,0,0,0,0,0,0,0
955470605,nan,0,0,0,0,0,0,0,0
955980780,nan,0,0,0,0,0,0,0,0
956490696,nan,0,0,0,0,0,0,0,0
957000474,nan,0,0,0,0,0,0,0,0
957509791,nan,0,0,0,0,0,0,0,0
958019664,nan,0,0,0,0,0,0,0,0
958529907,nan,0,0,0,0,0,0,0,0
959039660,nan,0,0,0,0,0,0,0,0
959549775,nan,0,0,0,0,0,0,0,0
960059564,nan,0,0,0,0,0,0,0,0
960569814,nan,0,0,0,0,0,0,0,0
961079818,nan,0,0,0,0,0,0,0,0
961589537,nan,0,0,0,0,0,0,0,0
962098757,nan,0,0,0,0,0,0,0,0
962609196,nan,0,0,0,0,0,0,0,0
963119227,nan,0,0,0,0,0,0,0,0
963628311,nan,0,0,0,0,0,0,0,0
964137940,nan,0,0,0,0,0,0,0,0
964647842,nan,0,0,0,0,0,0,0,0
965158101,nan,0,0,0,0,0,0,0,0
965668296,nan,0,0,0,0,0,0,0,0
966177837,nan,0,0,0,0,0,0,0,0
966687745,nan,0,0,0,0,0,0,0,0
967198052,nan,0,0,0,0,0,0,0,0
967708603,nan,0,0,0,0,0,0,0,0
968218344,nan,0,0,0,0,0,0,0,0
968727516,nan,0,0,0,0,0,0,0,0
969236541,nan,0,0,0,0,0,0,0,0
969746135,nan,0,0,0,0,0,0,0,0
970256438,nan,0,0,0,0,0,0,0,0
970765880,nan,0,0,0,0,0,0,0,0
971275685,nan,0,0,0,0,0,0,0,0
971786391,nan,0,0,0,0,0,0,0,0
972296260,nan,0,0,0,0,0,0,0,0
972806851,nan,0,0,0,0,0,0,0,0
973316661,nan,0,0,0,0,0,0,0,0
973826748,nan,0,0,0,0,0,0,0,0
974337108,nan,0,0,0,0,0,0,0,0
974846775,nan,0,0,0,0,0,0,0,0
975356757,nan,0,0,0,0,0,0,0,0
975866932,nan,0,0,0,0,0,0,0,0
976377382,nan,0,0,0,0,0,0,0,0
976886774,nan,0,0,0,0,0,0,0,0
977397100,nan,0,0,0,0,0,0,0,0
977907284,nan,0,0,0,0,0,0,0,0
978416866,nan,0,0,0,0,0,0,0,0
978926411,nan,0,0,0,0,0,0,0,0
979435652,nan,0,0,0,0,0,0,0,0
979945578,nan,0,0,0,0,0,0,0,0
980455346,nan,0,0,0,0,0,0,0,0
980965013,nan,0,0,0,0,0,0,0,0
981474558,nan,0,0,0,0,0,0,0,0
981984167,nan,0,0,0,0,0,0,0,0
982493931,nan,0,0,0,0,0,0,0,0
983004197,nan,0,0,0,0,0,0,0,0
983514363,nan,0,0,0,0,0,0,0,0
984023943,nan,0,0,0,0,0,0,0,0
984533975,nan,0,0,0,0,0,0,0,0
985044323,nan,0,0,0,0,0,0,0,0
985554225,nan,0,0,0,0,0,0,0,0
986063738,nan,0,0,0,0,0,0,0,0
986573708,nan,0,0,0,0,0,0,0,0
987084034,nan,0,0,0,0,0,0,0,0
987593789,nan,0,0,0,0,0,0,0,0
988103241,nan,0,0,0,0,0,0,0,0
988612735,nan,0,0,0,0,0,0,0,0
989122871,nan,0,0,0,0,0,0,0,0
989633554,nan,0,0,0,0,0,0,0,0
990142988,nan,0,0,0,0,0,0,0,0
990652664,nan,0,0,0,0,0,0,0,0
991162539,nan,0,0,0,0,0,0,0,0
991671531,nan,0,0,0,0,0,0,0,0
992181222,nan,0,0,0,0,0,0,0,0
992691202,nan,0,0,0,0,0,0,0,0
993200911,nan,0,0,0,0,0,0,0,0
993710778,nan,0,0,0,0,0,0,0,0
994221183,nan,0,0,0,0,0,0,0,0
994731291,nan,0,0,0,0,0,0,0,0
995240865,nan,0,0,0,0,0,0,0,0
995750831,nan,0,0,0,0,0,0,0,0
996261059,nan,0,0,0,0,0,0,0,0
996771051,nan,0,0,0,0,0,0,0,0
997280985,nan,0,0,0,0,0,0,0,0
997790694,nan,0,0,0,0,0,0,0,0
998301189,nan,0,0,0,0,0,0,0,0
998811219,nan,0,0,0,0,0,0,0,0
999321200,nan,0,0,0,0,0,0,0,0
999830654,nan,0,0,0,0,0,0,0,0
1000340126,nan,0,0,0,0,0,0,0,0
1000850240,nan,0,0,0,0,0,0,0,0
1001360268,nan,0,0,0,0,0,0,0,0
1001869917,nan,0,0,0,0,0,0,0,0
1002379878,nan,0,0,0,0,0,0,0,0
1002890027,nan,0,0,0,0,0,0,0,0
1003400166,nan,0,0,0,0,0,0,0,0
1003909996,nan,0,0,0,0,0,0,0,0
1004419706,nan,0,0,0,0,0,0,0,0
1004930743,nan,0,0,0,0,0,0,0,0
1005440808,nan,0,0,0,0,0,0,0,0
1005951349,nan,0,0,0,0,0,0,0,0
1006460771,nan,0,0,0,0,0,0,0,0
1006971019,nan,0,0,0,0,0,0,0,0
1007480804,nan,0,0,0,0,0,0,0,0
1007990561,nan,0,0,0,0,0,0,0,0
1008499401,nan,0,0,0,0,0,0,0,0
1009008938,nan,0,0,0,0,0,0,0,0
1009518988,nan,0,0,0,0,0,0,0,0
1010028765,nan,0,0,0,0,0,0,0,0
1010538570,nan,0,0,0,0,0,0,0,0
1011047830,nan,0,0,0,0,0,0,0,0
1011557728,nan,0,0,0,0,0,0,0,0
1012068136,nan,0,0,0,0,0,0,0,0
1012578093,nan,0,0,0,0,0,0,0,0
1013087816,nan,0,0,0,0,0,0,0,0
1013597812,nan,0,0,0,0,0,0,0,0
1014108308,nan,0,0,0,0,0,0,0,0
1014617671,nan,0,0,0,0,0,0,0,0
1015127660,nan,0,0,0,0,0,0,0,0
1015637450,nan,0,0,0,0,0,0,0,0
1016147271,nan,0,0,0,0,0,0,0,0
1016657219,nan,0,0,0,0,0,0,0,0
1017167025,nan,0,0,0,0,0,0,0,0
1017676640,nan,0,0,0,0,0,0,0,0
1018186679,nan,0,0,0,0,0,0,0,0
1018696724,nan,0,0,0,0,0,0,0,0
1019206809,nan,0,0,0,0,0,0,0,0
1019716452,nan,0,0,0,0,0,0,0,0
1020225824,nan,0,0,0,0,0,0,0,0
1020736284,nan,0,0,0,0,0,0,0,0
1021246466,nan,0,0,0,0,0,0,0,0
1021756514,nan,0,0,0,0,0,0,0,0
1022265902,nan,0,0,0,0,0,0,0,0
1022776054,nan,0,0,0,0,0,0,0,0
1023286104,nan,0,0,0,0,0,0,0,0
1023795354,nan,0,0,0,0,0,0,0,0
1024305224,nan,0,0,0,0,0,0,0,0
1024814882,nan,0,0,0,0,0,0,0,0
1025325644,nan,0,0,0,0,0,0,0,0
1025835541,nan,0,0,0,0,0,0,0,0
1026345043,nan,0,0,0,0,0,0,0,0
1026854783,nan,0,0,0,0,0,0,0,0
1027365205,nan,0,0,0,0,0,0,0,0
1027874984,nan,0,0,0,0,0,0,0,0
1028384664,nan,0,0,0,0,0,0,0,0
1028894680,nan,0,0,0,0,0,0,0,0
1029404772,nan,0,0,0,0,0,0,0,0
1029915296,nan,0,0,0,0,0,0,0,0
1030424710,nan,0,0,0,0,0,0,0,0
1030934469,nan,0,0,0,0,0,0,0,0
1031443810,nan,0,0,0,0,0,0,0,0
1031954016,nan,0,0,0,0,0,0,0,0
1032463898,nan,0,0,0,0,0,0,0,0
1032522729,nan,0,0,0,0,0,0,0,0
1033032846,nan,0,0,0,0,0,0,0,0
1033542641,nan,0,0,0,0,0,0,0,0
1033712133,nan,0,0,0,0,0,0,0,0
1034222156,nan,0,0,0,0,0,0,0,0
1034731999,nan,0,0,0,0,0,0,0,0
1035242889,nan,0,0,0,0,0,0,0,0
1035752945,nan,0,0,0,0,0,0,0,0
1036263123,nan,0,0,0,0,0,0,0,0
1036772896,nan,0,0,0,0,0,0,0,0
1037282727,nan,0,0,0,0,0,0,0,0
1037792587,nan,0,0,0,0,0,0,0,0
1038301713,nan,0,0,0,0,0,0,0,0
1038812028,nan,0,0,0,0,0,0,0,0
1039323171,nan,0,0,0,0,0,0,0,0
1039832285,nan,0,0,0,0,0,0,0,0
1040341838,nan,0,0,0,0,0,0,0,0
1040851961,nan,0,0,0,0,0,0,0,0
1041361987,nan,0,0,0,0,0,0,0,0
1041871721,nan,0,0,0,0,0,0,0,0
1042381472,nan,0,0,0,0,0,0,0,0
1042891784,nan,0,0,0,0,0,0,0,0
1043401797,nan,0,0,0,0,0,0,0,0
1043912722,nan,0,0,0,0,0,0,0,0
1044422548,nan,0,0,0,0,0,0,0,0
1044931148,nan,0,0,0,0,0,0,0,0
1045440761,nan,0,0,0,0,0,0,0,0
1045950857,nan,0,0,0,0,0,0,0,0
1046460689,nan,0,0,0,0,0,0,0,0
1046970544,nan,0,0,0,0,0,0,0,0
1047480139,nan,0,0,0,0,0,0,0,0
1047990220,nan,0,0,0,0,0,0,0,0
1048499835,nan,0,0,0,0,0,0,0,0
1049009895,nan,0,0,0,0,0,0,0,0
1049519625,nan,0,0,0,0,0,0,0,0
1050030173,nan,0,0,0,0,0,0,0,0
1050539536,nan,0,0,0,0,0,0,0,0
1051048900,nan,0,0,0,0,0,0,0,0
1051558819,nan,0,0,0,0,0,0,0,0
1052069139,nan,0,0,0,0,0,0,0,0
1052579715,nan,0,0,0,0,0,0,0,0
1052594269,nan,0,0,0,0,0,0,0,0
1053104104,nan,0,0,0,0,0,0,0,0
1053614001,nan,0,0,0,0,0,0,0,0
1053804383,nan,0,0,0,0,0,0,0,0
1054313709,nan,0,0,0,0,0,0,0,0
1054823902,nan,0,0,0,0,0,0,0,0
1055334172,nan,0,0,0,0,0,0,0,0
1055843916,nan,0,0,0,0,0,0,0,0
1056353593,nan,0,0,0,0,0,0,0,0
1056862359,nan,0,0,0,0,0,0,0,0
1057371650,nan,0,0,0,0,0,0,0,0
1057881907,nan,0,0,0,0,0,0,0,0
1058392164,nan,0,0,0,0,0,0,0,0
1058901629,nan,0,0,0,0,0,0,0,0
1059411695,nan,0,0,0,0,0,0,0,0
1059922059,nan,0,0,0,0,0,0,0,0
1060431858,nan,0,0,0,0,0,0,0,0
1060941562,nan,0,0,0,0,0,0,0,0
1061450219,nan,0,0,0,0,0,0,0,0
1061959847,nan,0,0,0,0,0,0,0,0
1062470106,nan,0,0,0,0,0,0,0,0
1062980072,nan,0,0,0,0,0,0,0,0
1063489622,nan,0,0,0,0,0,0,0,0
1063999684,nan,0,0,0,0,0,0,0,0
1064509334,nan,0,0,0,0,0,0,0,0
1065019080,nan,0,0,0,0,0,0,0,0
1065528883,nan,0,0,0,0,0,0,0,0
1066038475,nan,0,0,0,0,0,0,0,0
1066547306,nan,0,0,0,0,0,0,0,0
1067056365,nan,0,0,0,0,0,0,0,0
1067566532,nan,0,0,0,0,0,0,0,0
1068076339,nan,0,0,0,0,0,0,0,0
1068585909,nan,0,0,0,0,0,0,0,0
1069095940,nan,0,0,0,0,0,0,0,0
1069606324,nan,0,0,0,0,0,0,0,0
1070116213,nan,0,0,0,0,0,0,0,0
1070625482,nan,0,0,0,0,0,0,0,0
1071134919,nan,0,0,0,0,0,0,0,0
1071644977,nan,0,0,0,0,0,0,0,0
1072155372,nan,0,0,0,0,0,0,0,0
1072665325,nan,0,0,0,0,0,0,0,0
1073174990,nan,0,0,0,0,0,0,0,0
1073684917,nan,0,0,0,0,0,0,0,0
1074195283,nan,0,0,0,0,0,0,0,0
1074705294,nan,0,0,0,0,0,0,0,0
1075214926,nan,0,0,0,0,0,0,0,0
1075724946,nan,0,0,0,0,0,0,0,0
1076235066,nan,0,0,0,0,0,0,0,0
1076744962,nan,0,0,0,0,0,0,0,0
1077254459,nan,0,0,0,0,0,0,0,0
1077764090,nan,0,0,0,0,0,0,0,0
1078273788,nan,0,0,0,0,0,0,0,0
1078784240,nan,0,0,0,0,0,0,0,0
1079294143,nan,0,0,0,0,0,0,0,0
1079803962,nan,0,0,0,0,0,0,0,0
1080313925,nan,0,0,0,0,0,0,0,0
1080824125,nan,0,0,0,0,0,0,0,0
1081334687,nan,0,0,0,0,0,0,0,0
1081844901,nan,0,0,0,0,0,0,0,0
1082354458,nan,0,0,0,0,0,0,0,0
1082863128,nan,0,0,0,0,0,0,0,0
1083372952,nan,0,0,0,0,0,0,0,0
1083882915,nan,0,0,0,0,0,0,0,0
1084392842,nan,0,0,0,0,0,0,0,0
1084902954,nan,0,0,0,0,0,0,0,0
1085412988,nan,0,0,0,0,0,0,0,0
1085923714,nan,0,0,0,0,0,0,0,0
1086433348,nan,0,0,0,0,0,0,0,0
1086942588,nan,0,0,0,0,0,0,0,0
1087451463,nan,0,0,0,0,0,0,0,0
1087961138,nan,0,0,0,0,0,0,0,0
1088470984,nan,0,0,0,0,0,0,0,0
1088980761,nan,0,0,0,0,0,0,0,0
1089491101,nan,0,0,0,0,0,0,0,0
1090001037,nan,0,0,0,0,0,0,0,0
1090511376,nan,0,0,0,0,0,0,0,0
1091020722,nan,0,0,0,0,0,0,0,0
1091531058,nan,0,0,0,0,0,0,0,0
1092041165,nan,0,0,0,0,0,0,0,0
1092550964,nan,0,0,0,0,0,0,0,0
1093060483,nan,0,0,0,0,0,0,0,0
1093569952,nan,0,0,0,0,0,0,0,0
1094079909,nan,0,0,0,0,0,0,0,0
1094590360,nan,0,0,0,0,0,0,0,0
1095100268,nan,0,0,0,0,0,0,0,0
1095609889,nan,0,0,0,0,0,0,0,0
1096119687,nan,0,0,0,0,0,0,0,0
1096630313,nan,0,0,0,0,0,0,0,0
1097140060,nan,0,0,0,0,0,0,0,0
1097649820,nan,0,0,0,0,0,0,0,0
1098159861,nan,0,0,0,0,0,0,0,0
1098670184,nan,0,0,0,0,0,0,0,0
1099180260,nan,0,0,0,0,0,0,0,0
1099689985,nan,0,0,0,0,0,0,0,0
1100199508,nan,0,0,0,0,0,0,0,0
1100708992,nan,0,0,0,0,0,0,0,0
1101219203,nan,0,0,0,0,0,0,0,0
1101729898,nan,0,0,0,0,0,0,0,0
1102239462,nan,0,0,0,0,0,0,0,0
1102748801,nan,0,0,0,0,0,0,0,0
1103259277,nan,0,0,0,0,0,0,0,0
1103769526,nan,0,0,0,0,0,0,0,0
1104278828,nan,0,0,0,0,0,0,0,0
1104788858,nan,0,0,0,0,0,0,0,0
1105299264,nan,0,0,0,0,0,0,0,0
1105809279,nan,0,0,0,0,0,0,0,0
1106319148,nan,0,0,0,0,0,0,0,0
1106828462,nan,0,0,0,0,0,0,0,0
1107337772,nan,0,0,0,0,0,0,0,0
1107848422,nan,0,0,0,0,0,0,0,0
1108358100,nan,0,0,0,0,0,0,0,0
1108867786,nan,0,0,0,0,0,0,0,0
1109377748,nan,0,0,0,0,0,0,0,0
1109888244,nan,0,0,0,0,0,0,0,0
1110398066,nan,0,0,0,0,0,0,0,0
1110908032,nan,0,0,0,0,0,0,0,0
1111417655,nan,0,0,0,0,0,0,0,0
1111928839,nan,0,0,0,0,0,0,0,0
1112438911,nan,0,0,0,0,0,0,0,0
1112948835,nan,0,0,0,0,0,0,0,0
1113459417,nan,0,0,0,0,0,0,0,0
1113968893,nan,0,0,0,0,0,0,0,0
1114478811,nan,0,0,0,0,0,0,0,0
1114988742,nan,0,0,0,0,0,0,0,0
1115498682,nan,0,0,0,0,0,0,0,0
1116008150,nan,0,0,0,0,0,0,0,0
1116517933,nan,0,0,0,0,0,0,0,0
1117027883,nan,0,0,0,0,0,0,0,0
1117537706,nan,0,0,0,0,0,0,0,0
1118047780,nan,0,0,0,0,0,0,0,0
1118557790,nan,0,0,0,0,0,0,0,0
1119067862,nan,0,0,0,0,0,0,0,0
1119116220,nan,0,0,0,0,0,0,0,0
1119626127,nan,0,0,0,0,0,0,0,0
1120135822,nan,0,0,0,0,0,0,0,0
1120645920,nan,0,0,0,0,0,0,0,0
1121156258,nan,0,0,0,0,0,0,0,0
1121666148,nan,0,0,0,0,0,0,0,0
1122065932,nan,0,0,0,0,0,0,0,0
1122575858,nan,0,0,0,0,0,0,0,0
1123085601,nan,0,0,0,0,0,0,0,0
1123595723,nan,0,0,0,0,0,0,0,0
1124096651,nan,0,0,0,0,0,0,0,0
1124606843,nan,0,0,0,0,0,0,0,0
1125116976,nan,0,0,0,0,0,0,0,0
1125627316,nan,0,0,0,0,0,0,0,0
1126136389,nan,0,0,0,0,0,0,0,0
1126645544,nan,0,0,0,0,0,0,0,0
1127154809,nan,0,0,0,0,0,0,0,0
1127665326,nan,0,0,0,0,0,0,0,0
1128175131,nan,0,0,0,0,0,0,0,0
1128685689,nan,0,0,0,0,0,0,0,0
1129195675,nan,0,0,0,0,0,0,0,0
1129431100,nan,0,0,0,0,0,0,0,0
1129940255,nan,0,0,0,0,0,0,0,0
1130449458,nan,0,0,0,0,0,0,0,0
1130584728,nan,0,0,0,0,0,0,0,0
1131094840,nan,0,0,0,0,0,0,0,0
1131604674,nan,0,0,0,0,0,0,0,0
1132114782,nan,0,0,0,0,0,0,0,0
1132624796,nan,0,0,0,0,0,0,0,0
1133134396,nan,0,0,0,0,0,0,0,0
1133643722,nan,0,0,0,0,0,0,0,0
1134153425,nan,0,0,0,0,0,0,0,0
1134663138,nan,0,0,0,0,0,0,0,0
1135173078,nan,0,0,0,0,0,0,0,0
1135682761,nan,0,0,0,0,0,0,0,0
1136192935,nan,0,0,0,0,0,0,0,0
1136703117,nan,0,0,0,0,0,0,0,0
1137212975,nan,0,0,0,0,0,0,0,0
1137723662,nan,0,0,0,0,0,0,0,0
1138233610,nan,0,0,0,0,0,0,0,0
1138743918,nan,0,0,0,0,0,0,0,0
1139253849,nan,0,0,0,0,0,0,0,0
1139763786,nan,0,0,0,0,0,0,0,0
1140273935,nan,0,0,0,0,0,0,0,0
1140784879,nan,0,0,0,0,0,0,0,0
1141295178,nan,0,0,0,0,0,0,0,0
1141804825,nan,0,0,0,0,0,0,0,0
1142314630,nan,0,0,0,0,0,0,0,0
1142824941,nan,0,0,0,0,0,0,0,0
1143334919,nan,0,0,0,0,0,0,0,0
1143844669,nan,0,0,0,0,0,0,0,0
1144233720,nan,0,0,0,0,0,0,0,0
1144743680,nan,0,0,0,0,0,0,0,0
1145253912,nan,0,0,0,0,0,0,0,0
1145763968,nan,0,0,0,0,0,0,0,0
1146273668,nan,0,0,0,0,0,0,0,0
1146783590,nan,0,0,0,0,0,0,0,0
1147292672,nan,0,0,0,0,0,0,0,0
1147802754,nan,0,0,0,0,0,0,0,0
1148312730,nan,0,0,0,0,0,0,0,0
1148822441,nan,0,0,0,0,0,0,0,0
1149133732,nan,0,0,0,0,0,0,0,0
1149643882,nan,0,0,0,0,0,0,0,0
1150153997,nan,0,0,0,0,0,0,0,0
1150663713,nan,0,0,0,0,0,0,0,0
1151173527,nan,0,0,0,0,0,0,0,0
1151682277,nan,0,0,0,0,0,0,0,0
1152191773,nan,0,0,0,0,0,0,0,0
1152701924,nan,0,0,0,0,0,0,0,0
1153212539,nan,0,0,0,0,0,0,0,0
1153721494,nan,0,0,0,0,0,0,0,0
1154230481,nan,0,0,0,0,0,0,0,0
1154739959,nan,0,0,0,0,0,0,0,0
1155250145,nan,0,0,0,0,0,0,0,0
1155759969,nan,0,0,0,0,0,0,0,0
1156269872,nan,0,0,0,0,0,0,0,0
1156780091,nan,0,0,0,0,0,0,0,0
1157290980,nan,0,0,0,0,0,0,0,0
1157800545,nan,0,0,0,0,0,0,0,0
1158309608,nan,0,0,0,0,0,0,0,0
1158819567,nan,0,0,0,0,0,0,0,0
1159329155,nan,0,0,0,0,0,0,0,0
1159839128,nan,0,0,0,0,0,0,0,0
1160348887,nan,0,0,0,0,0,0,0,0
1160858957,nan,0,0,0,0,0,0,0,0
1161368990,nan,0,0,0,0,0,0,0,0
1161879020,nan,0,0,0,0,0,0,0,0
1162388872,nan,0,0,0,0,0,0,0,0
1162899265,nan,0,0,0,0,0,0,0,0
1163409387,nan,0,0,0,0,0,0,0,0
1163918971,nan,0,0,0,0,0,0,0,0
1164428369,nan,0,0,0,0,0,0,0,0
1164937721,nan,0,0,0,0,0,0,0,0
1165447937,nan,0,0,0,0,0,0,0,0
1165958107,nan,0,0,0,0,0,0,0,0
1166468156,nan,0,0,0,0,0,0,0,0
1166978349,nan,0,0,0,0,0,0,0,0
1167487956,nan,0,0,0,0,0,0,0,0
1167998175,nan,0,0,0,0,0,0,0,0
1168508215,nan,0,0,0,0,0,0,0,0
1168897215,nan,0,0,0,0,0,0,0,0
1169109407,nan,0,0,0,0,0,0,0,0
1169618571,nan,0,0,0,0,0,0,0,0
1170128078,nan,0,0,0,0,0,0,0,0
1170286365,nan,0,0,0,0,0,0,0,0
1170796337,nan,0,0,0,0,0,0,0,0
1171108440,nan,0,0,0,0,0,0,0,0
1171315476,nan,0,0,0,0,0,0,0,0
1171825028,nan,0,0,0,0,0,0,0,0
1172334513,nan,0,0,0,0,0,0,0,0
1172843930,nan,0,0,0,0,0,0,0,0
1173298708,nan,0,0,0,0,0,0,0,0
1173809565,nan,0,0,0,0,0,0,0,0
1174318943,nan,0,0,0,0,0,0,0,0
1174828947,nan,0,0,0,0,0,0,0,0
1175338120,nan,0,0,0,0,0,0,0,0
1175848497,nan,0,0,0,0,0,0,0,0
1176357448,nan,0,0,0,0,0,0,0,0
1176867205,nan,0,0,0,0,0,0,0,0
1177377250,nan,0,0,0,0,0,0,0,0
1177887428,nan,0,0,0,0,0,0,0,0
1178396490,nan,0,0,0,0,0,0,0,0
1178861416,nan,0,0,0,0,0,0,0,0
1179370668,nan,0,0,0,0,0,0,0,0
1179880519,nan,0,0,0,0,0,0,0,0
1180389253,nan,0,0,0,0,0,0,0,0
1180898995,nan,0,0,0,0,0,0,0,0
1181408856,nan,0,0,0,0,0,0,0,0
1181918584,nan,0,0,0,0,0,0,0,0
1182427498,nan,0,0,0,0,0,0,0,0
1182936646,nan,0,0,0,0,0,0,0,0
1183447002,nan,0,0,0,0,0,0,0,0
1183956836,nan,0,0,0,0,0,0,0,0
1184466937,nan,0,0,0,0,0,0,0,0
1184976722,nan,0,0,0,0,0,0,0,0
1185486471,nan,0,0,0,0,0,0,0,0
1185995931,nan,0,0,0,0,0,0,0,0
1186505856,nan,0,0,0,0,0,0,0,0
1187015644,nan,0,0,0,0,0,0,0,0
1187525607,nan,0,0,0,0,0,0,0,0
1188035772,nan,0,0,0,0,0,0,0,0
1188545799,nan,0,0,0,0,0,0,0,0
1189055614,nan,0,0,0,0,0,0,0,0
1189565914,nan,0,0,0,0,0,0,0,0
1190075943,nan,0,0,0,0,0,0,0,0
1190585992,nan,0,0,0,0,0,0,0,0
1191085535,nan,0,0,0,0,0,0,0,0
1191595362,nan,0,0,0,0,0,0,0,0
1192104822,nan,0,0,0,0,0,0,0,0
1192615013,nan,0,0,0,0,0,0,0,0
1193124742,nan,0,0,0,0,0,0,0,0
1193634556,nan,0,0,0,0,0,0,0,0
1194143805,nan,0,0,0,0,0,0,0,0
1194653716,nan,0,0,0,0,0,0,0,0
1195164099,nan,0,0,0,0,0,0,0,0
1195674011,nan,0,0,0,0,0,0,0,0
1196184036,nan,0,0,0,0,0,0,0,0
1196572808,nan,0,0,0,0,0,0,0,0
1197082588,nan,0,0,0,0,0,0,0,0
1197592281,nan,0,0,0,0,0,0,0,0
1198102245,nan,0,0,0,0,0,0,0,0
1198611703,nan,0,0,0,0,0,0,0,0
1199121825,nan,0,0,0,0,0,0,0,0
1199632200,nan,0,0,0,0,0,0,0,0
1199933193,nan,0,0,0,0,0,0,0,0
1200384465,nan,0,0,0,0,0,0,0,0
1200893598,nan,0,0,0,0,0,0,0,0
1201404130,nan,0,0,0,0,0,0,0,0
1201914063,nan,0,0,0,0,0,0,0,0
1202423163,nan,0,0,0,0,0,0,0,0
1202932669,nan,0,0,0,0,0,0,0,0
1203442814,nan,0,0,0,0,0,0,0,0
1203953257,nan,0,0,0,0,0,0,0,0
1204463072,nan,0,0,0,0,0,0,0,0
1204972719,nan,0,0,0,0,0,0,0,0
1205482744,nan,0,0,0,0,0,0,0,0
1205992902,nan,0,0,0,0,0,0,0,0
1206493564,nan,0,0,0,0,0,0,0,0
1207002571,nan,0,0,0,0,0,0,0,0
1207511591,nan,0,0,0,0,0,0,0,0
1208020852,nan,0,0,0,0,0,0,0,0
1208531174,nan,0,0,0,0,0,0,0,0
1209041041,nan,0,0,0,0,0,0,0,0
1209550863,nan,0,0,0,0,0,0,0,0
1210060946,nan,0,0,0,0,0,0,0,0
1210570693,nan,0,0,0,0,0,0,0,0
1211081280,nan,0,0,0,0,0,0,0,0
1211590585,nan,0,0,0,0,0,0,0,0
1212099744,nan,0,0,0,0,0,0,0,0
1212610036,nan,0,0,0,0,0,0,0,0
1213119996,nan,0,0,0,0,0,0,0,0
1213630456,nan,0,0,0,0,0,0,0,0
1214139757,nan,0,0,0,0,0,0,0,0
1214649924,nan,0,0,0,0,0,0,0,0
1215160288,nan,0,0,0,0,0,0,0,0
1215670475,nan,0,0,0,0,0,0,0,0
1216179671,nan,0,0,0,0,0,0,0,0
1216689817,nan,0,0,0,0,0,0,0,0
1217199533,nan,0,0,0,0,0,0,0,0
1217709343,nan,0,0,0,0,0,0,0,0
1218219165,nan,0,0,0,0,0,0,0,0
1218728823,nan,0,0,0,0,0,0,0,0
1219238903,nan,0,0,0,0,0,0,0,0
1219749310,nan,0,0,0,0,0,0,0,0
1220259183,nan,0,0,0,0,0,0,0,0
1220768646,nan,0,0,0,0,0,0,0,0
1221278654,nan,0,0,0,0,0,0,0,0
1221788585,nan,0,0,0,0,0,0,0,0
1222298208,nan,0,0,0,0,0,0,0,0
1222808536,nan,0,0,0,0,0,0,0,0
1223317695,nan,0,0,0,0,0,0,0,0
1223827951,nan,0,0,0,0,0,0,0,0
1224338123,nan,0,0,0,0,0,0,0,0
1224849578,nan,0,0,0,0,0,0,0,0
1225358769,nan,0,0,0,0,0,0,0,0
1225868924,nan,0,0,0,0,0,0,0,0
1226379209,nan,0,0,0,0,0,0,0,0
1226889960,nan,0,0,0,0,0,0,0,0
1227389041,nan,0,0,0,0,0,0,0,0
1227898776,nan,0,0,0,0,0,0,0,0
1228409157,nan,0,0,0,0,0,0,0,0
1228919058,nan,0,0,0,0,0,0,0,0
1229428756,nan,0,0,0,0,0,0,0,0
1229938622,nan,0,0,0,0,0,0,0,0
1230448558,nan,0,0,0,0,0,0,0,0
1230958185,nan,0,0,0,0,0,0,0,0
1231468476,nan,0,0,0,0,0,0,0,0
1231977754,nan,0,0,0,0,0,0,0,0
1232488142,nan,0,0,0,0,0,0,0,0
1232998016,nan,0,0,0,0,0,0,0,0
1233508319,nan,0,0,0,0,0,0,0,0
1234017892,nan,0,0,0,0,0,0,0,0
1234527639,nan,0,0,0,0,0,0,0,0
1235037545,nan,0,0,0,0,0,0,0,0
1235547333,nan,0,0,0,0,0,0,0,0
1236057275,nan,0,0,0,0,0,0,0,0
1236567075,nan,0,0,0,0,0,0,0,0
1237077218,nan,0,0,0,0,0,0,0,0
1237587131,nan,0,0,0,0,0,0,0,0
1238097203,nan,0,0,0,0,0,0,0,0
1238607007,nan,0,0,0,0,0,0,0,0
1239117079,nan,0,0,0,0,0,0,0,0
1239626711,nan,0,0,0,0,0,0,0,0
1240137455,nan,0,0,0,0,0,0,0,0
1240646745,nan,0,0,0,0,0,0,0,0
1240793936,nan,0,0,0,0,0,0,0,0
1241303784,nan,0,0,0,0,0,0,0,0
1241700728,nan,0,0,0,0,0,0,0,0
1242210455,nan,0,0,0,0,0,0,0,0
1242719373,nan,0,0,0,0,0,0,0,0
1243228642,nan,0,0,0,0,0,0,0,0
1243738999,nan,0,0,0,0,0,0,0,0
1244248946,nan,0,0,0,0,0,0,0,0
1244758492,nan,0,0,0,0,0,0,0,0
1245267446,nan,0,0,0,0,0,0,0,0
1245776787,nan,0,0,0,0,0,0,0,0
1246288044,nan,0,0,0,0,0,0,0,0
1246798009,nan,0,0,0,0,0,0,0,0
1247307786,nan,0,0,0,0,0,0,0,0
1247817503,nan,0,0,0,0,0,0,0,0
1248326482,nan,0,0,0,0,0,0,0,0
1248836404,nan,0,0,0,0,0,0,0,0
1249301287,nan,0,0,0,0,0,0,0,0
1249810849,nan,0,0,0,0,0,0,0,0
1250320929,nan,0,0,0,0,0,0,0,0
1250490164,nan,0,0,0,0,0,0,0,0
1250999235,nan,0,0,0,0,0,0,0,0
1251508649,nan,0,0,0,0,0,0,0,0
1252018490,nan,0,0,0,0,0,0,0,0
1252527967,nan,0,0,0,0,0,0,0,0
1253038058,nan,0,0,0,0,0,0,0,0
1253547389,nan,0,0,0,0,0,0,0,0
1254056720,nan,0,0,0,0,0,0,0,0
1254566922,nan,0,0,0,0,0,0,0,0
1255077180,nan,0,0,0,0,0,0,0,0
1255092052,nan,0,0,0,0,0,0,0,0
1255601873,nan,0,0,0,0,0,0,0,0
1255870049,nan,0,0,0,0,0,0,0,0
1256379388,nan,0,0,0,0,0,0,0,0
1256889253,nan,0,0,0,0,0,0,0,0
1257398846,nan,0,0,0,0,0,0,0,0
1257908730,nan,0,0,0,0,0,0,0,0
1258418600,nan,0,0,0,0,0,0,0,0
1258928969,nan,0,0,0,0,0,0,0,0
1259438804,nan,0,0,0,0,0,0,0,0
1259948654,nan,0,0,0,0,0,0,0,0
1260458862,nan,0,0,0,0,0,0,0,0
1260968269,nan,0,0,0,0,0,0,0,0
1261478169,nan,0,0,0,0,0,0,0,0
1261987891,nan,0,0,0,0,0,0,0,0
1262497517,nan,0,0,0,0,0,0,0,0
1263006901,nan,0,0,0,0,0,0,0,0
1263516315,nan,0,0,0,0,0,0,0,0
1263931673,nan,0,0,0,0,0,0,0,0
1264441709,nan,0,0,0,0,0,0,0,0
1264952063,nan,0,0,0,0,0,0,0,0
1265462021,nan,0,0,0,0,0,0,0,0
1265971708,nan,0,0,0,0,0,0,0,0
1266482079,nan,0,0,0,0,0,0,0,0
1266992229,nan,0,0,0,0,0,0,0,0
1267502140,nan,0,0,0,0,0,0,0,0
1268011694,nan,0,0,0,0,0,0,0,0
1268521441,nan,0,0,0,0,0,0,0,0
1269030675,nan,0,0,0,0,0,0,0,0
1269540890,nan,0,0,0,0,0,0,0,0
1270051085,nan,0,0,0,0,0,0,0,0
1270560648,nan,0,0,0,0,0,0,0,0
1271070818,nan,0,0,0,0,0,0,0,0
1271581275,nan,0,0,0,0,0,0,0,0
1271694051,nan,0,0,0,0,0,0,0,0
1272203247,nan,0,0,0,0,0,0,0,0
1272712987,nan,0,0,0,0,0,0,0,0
1273223319,nan,0,0,0,0,0,0,0,0
1273666627,nan,0,0,0,0,0,0,0,0
1274176590,nan,0,0,0,0,0,0,0,0
1274685868,nan,0,0,0,0,0,0,0,0
1275195788,nan,0,0,0,0,0,0,0,0
1275706826,nan,0,0,0,0,0,0,0,0
1276216519,nan,0,0,0,0,0,0,0,0
1276725546,nan,0,0,0,0,0,0,0,0
1277234976,nan,0,0,0,0,0,0,0,0
1277744797,nan,0,0,0,0,0,0,0,0
1278254833,nan,0,0,0,0,0,0,0,0
1278764730,nan,0,0,0,0,0,0,0,0
1279274837,nan,0,0,0,0,0,0,0,0
1279784916,nan,0,0,0,0,0,0,0,0
1280294199,nan,0,0,0,0,0,0,0,0
1280803990,nan,0,0,0,0,0,0,0,0
1281313725,nan,0,0,0,0,0,0,0,0
1281823944,nan,0,0,0,0,0,0,0,0
1282333829,nan,0,0,0,0,0,0,0,0
1282843415,nan,0,0,0,0,0,0,0,0
1283352442,nan,0,0,0,0,0,0,0,0
1283861566,nan,0,0,0,0,0,0,0,0
1284018827,nan,0,0,0,0,0,0,0,0
1284528906,nan,0,0,0,0,0,0,0,0
1285039146,nan,0,0,0,0,0,0,0,0
1285504660,nan,0,0,0,0,0,0,0,0
1286014765,nan,0,0,0,0,0,0,0,0
1286524915,nan,0,0,0,0,0,0,0,0
1287034837,nan,0,0,0,0,0,0,0,0
1287544817,nan,0,0,0,0,0,0,0,0
1288054937,nan,0,0,0,0,0,0,0,0
1288564958,nan,0,0,0,0,0,0,0,0
1289074677,nan,0,0,0,0,0,0,0,0
1289584790,nan,0,0,0,0,0,0,0,0
1290095039,nan,0,0,0,0,0,0,0,0
1290605015,nan,0,0,0,0,0,0,0,0
1291114411,nan,0,0,0,0,0,0,0,0
1291623959,nan,0,0,0,0,0,0,0,0
1292123834,nan,0,0,0,0,0,0,0,0
1292633909,nan,0,0,0,0,0,0,0,0
1293143926,nan,0,0,0,0,0,0,0,0
1293653902,nan,0,0,0,0,0,0,0,0
1293863273,nan,0,0,0,0,0,0,0,0
1294372492,nan,0,0,0,0,0,0,0,0
1294881334,nan,0,0,0,0,0,0,0,0
1295093719,nan,0,0,0,0,0,0,0,0
1295603399,nan,0,0,0,0,0,0,0,0
1296112559,nan,0,0,0,0,0,0,0,0
1296622542,nan,0,0,0,0,0,0,0,0
1297131416,nan,0,0,0,0,0,0,0,0
1297641078,nan,0,0,0,0,0,0,0,0
1297754660,nan,0,0,0,0,0,0,0,0
1298264731,nan,0,0,0,0,0,0,0,0
1298776563,nan,0,0,0,0,0,0,0,0
1299286712,nan,0,0,0,0,0,0,0,0
1299785949,nan,0,0,0,0,0,0,0,0
1300295793,nan,0,0,0,0,0,0,0,0
1300806553,nan,0,0,0,0,0,0,0,0
1301316069,nan,0,0,0,0,0,0,0,0
1301825848,nan,0,0,0,0,0,0,0,0
1302335947,nan,0,0,0,0,0,0,0,0
1302846370,nan,0,0,0,0,0,0,0,0
1303356257,nan,0,0,0,0,0,0,0,0
1303866348,nan,0,0,0,0,0,0,0,0
1304375597,nan,0,0,0,0,0,0,0,0
1304885563,nan,0,0,0,0,0,0,0,0
1305395271,nan,0,0,0,0,0,0,0,0
1305905565,nan,0,0,0,0,0,0,0,0
1306085564,nan,0,0,0,0,0,0,0,0
1306595069,nan,0,0,0,0,0,0,0,0
1306676189,nan,0,0,0,0,0,0,0,0
1307185304,nan,0,0,0,0,0,0,0,0
1307695306,nan,0,0,0,0,0,0,0,0
1307886925,nan,0,0,0,0,0,0,0,0
1308396768,nan,0,0,0,0,0,0,0,0
1308907034,nan,0,0,0,0,0,0,0,0
1309417187,nan,0,0,0,0,0,0,0,0
1309927195,nan,0,0,0,0,0,0,0,0
1310436767,nan,0,0,0,0,0,0,0,0
1310947122,nan,0,0,0,0,0,0,0,0
1311159993,nan,0,0,0,0,0,0,0,0
1311669389,nan,0,0,0,0,0,0,0,0
1312179313,nan,0,0,0,0,0,0,0,0
1312688686,nan,0,0,0,0,0,0,0,0
1313198742,nan,0,0,0,0,0,0,0,0
1313708850,nan,0,0,0,0,0,0,0,0
1314218503,nan,0,0,0,0,0,0,0,0
1314728600,nan,0,0,0,0,0,0,0,0
1315238301,nan,0,0,0,0,0,0,0,0
1315748040,nan,0,0,0,0,0,0,0,0
1316004667,nan,0,0,0,0,0,0,0,0
1316514819,nan,0,0,0,0,0,0,0,0
1317024640,nan,0,0,0,0,0,0,0,0
1317534529,nan,0,0,0,0,0,0,0,0
1318044081,nan,0,0,0,0,0,0,0,0
1318554146,nan,0,0,0,0,0,0,0,0
1319064527,nan,0,0,0,0,0,0,0,0
1319573934,nan,0,0,0,0,0,0,0,0
1320084348,nan,0,0,0,0,0,0,0,0
1320594279,nan,0,0,0,0,0,0,0,0
1321104237,nan,0,0,0,0,0,0,0,0
1321613665,nan,0,0,0,0,0,0,0,0
1322123709,nan,0,0,0,0,0,0,0,0
1322633713,nan,0,0,0,0,0,0,0,0
1323144164,nan,0,0,0,0,0,0,0,0
1323654367,nan,0,0,0,0,0,0,0,0
1324164085,nan,0,0,0,0,0,0,0,0
1324674405,nan,0,0,0,0,0,0,0,0
1325184379,nan,0,0,0,0,0,0,0,0
1325694233,nan,0,0,0,0,0,0,0,0
1326203990,nan,0,0,0,0,0,0,0,0
1326713946,nan,0,0,0,0,0,0,0,0
1327224371,nan,0,0,0,0,0,0,0,0
1327734344,nan,0,0,0,0,0,0,0,0
1328243803,nan,0,0,0,0,0,0,0,0
1328754015,nan,0,0,0,0,0,0,0,0
1329264278,nan,0,0,0,0,0,0,0,0
1329774392,nan,0,0,0,0,0,0,0,0
1330273821,nan,0,0,0,0,0,0,0,0
1330783683,nan,0,0,0,0,0,0,0,0
1331293756,nan,0,0,0,0,0,0,0,0
1331804370,nan,0,0,0,0,0,0,0,0
1332314158,nan,0,0,0,0,0,0,0,0
1332823815,nan,0,0,0,0,0,0,0,0
1333333957,nan,0,0,0,0,0,0,0,0
1333844266,nan,0,0,0,0,0,0,0,0
1334078309,nan,0,0,0,0,0,0,0,0
1334587716,nan,0,0,0,0,0,0,0,0
1335097899,nan,0,0,0,0,0,0,0,0
1335288967,nan,0,0,0,0,0,0,0,0
1335479383,nan,0,0,0,0,0,0,0,0
1335988591,nan,0,0,0,0,0,0,0,0
1336497693,nan,0,0,0,0,0,0,0,0
1336677620,nan,0,0,0,0,0,0,0,0
1337187817,nan,0,0,0,0,0,0,0,0
1337697831,nan,0,0,0,0,0,0,0,0
1338207828,nan,0,0,0,0,0,0,0,0
1338717326,nan,0,0,0,0,0,0,0,0
1339226737,nan,0,0,0,0,0,0,0,0
1339736890,nan,0,0,0,0,0,0,0,0
1340247109,nan,0,0,0,0,0,0,0,0
1340756720,nan,0,0,0,0,0,0,0,0
1341266808,nan,0,0,0,0,0,0,0,0
1341777029,nan,0,0,0,0,0,0,0,0
1342287424,nan,0,0,0,0,0,0,0,0
1342796873,nan,0,0,0,0,0,0,0,0
1343306915,nan,0,0,0,0,0,0,0,0
1343816414,nan,0,0,0,0,0,0,0,0
1344325956,nan,0,0,0,0,0,0,0,0
1344836023,nan,0,0,0,0,0,0,0,0
1345345757,nan,0,0,0,0,0,0,0,0
1345855598,nan,0,0,0,0,0,0,0,0
1346366022,nan,0,0,0,0,0,0,0,0
1346875913,nan,0,0,0,0,0,0,0,0
1347385755,nan,0,0,0,0,0,0,0,0
1347895836,nan,0,0,0,0,0,0,0,0
1348405472,nan,0,0,0,0,0,0,0,0
1348496982,nan,0,0,0,0,0,0,0,0
1349007211,nan,0,0,0,0,0,0,0,0
1349516752,nan,0,0,0,0,0,0,0,0
1349696572,nan,0,0,0,0,0,0,0,0
1350205809,nan,0,0,0,0,0,0,0,0
1350716021,nan,0,0,0,0,0,0,0,0
1351226072,nan,0,0,0,0,0,0,0,0
1351735549,nan,0,0,0,0,0,0,0,0
1352244432,nan,0,0,0,0,0,0,0,0
1352753820,nan,0,0,0,0,0,0,0,0
1353241797,nan,0,0,0,0,0,0,0,0
1353751830,nan,0,0,0,0,0,0,0,0
1354261834,nan,0,0,0,0,0,0,0,0
1354771476,nan,0,0,0,0,0,0,0,0
1355082116,nan,0,0,0,0,0,0,0,0
1355591360,nan,0,0,0,0,0,0,0,0
1356101082,nan,0,0,0,0,0,0,0,0
1356611137,nan,0,0,0,0,0,0,0,0
1357120846,nan,0,0,0,0,0,0,0,0
1357630826,nan,0,0,0,0,0,0,0,0
1357888008,nan,0,0,0,0,0,0,0,0
1358089924,nan,0,0,0,0,0,0,0,0
1358600064,nan,0,0,0,0,0,0,0,0
1359110352,nan,0,0,0,0,0,0,0,0
1359619658,nan,0,0,0,0,0,0,0,0
1360129962,nan,0,0,0,0,0,0,0,0
1360640183,nan,0,0,0,0,0,0,0,0
1361150155,nan,0,0,0,0,0,0,0,0
1361659767,nan,0,0,0,0,0,0,0,0
1362169593,nan,0,0,0,0,0,0,0,0
1362624044,nan,0,0,0,0,0,0,0,0
1363133706,nan,0,0,0,0,0,0,0,0
1363633554,nan,0,0,0,0,0,0,0,0
1364142284,nan,0,0,0,0,0,0,0,0
1364652078,nan,0,0,0,0,0,0,0,0
1364978816,nan,0,0,0,0,0,0,0,0
1365488928,nan,0,0,0,0,0,0,0,0
1365999091,nan,0,0,0,0,0,0,0,0
1366508863,nan,0,0,0,0,0,0,0,0
1367018751,nan,0,0,0,0,0,0,0,0
1367529420,nan,0,0,0,0,0,0,0,0
1368038986,nan,0,0,0,0,0,0,0,0
1368548808,nan,0,0,0,0,0,0,0,0
1369058896,nan,0,0,0,0,0,0,0,0
1369569219,nan,0,0,0,0,0,0,0,0
1370079899,nan,0,0,0,0,0,0,0,0
1370589640,nan,0,0,0,0,0,0,0,0
1371099571,nan,0,0,0,0,0,0,0,0
1371608498,nan,0,0,0,0,0,0,0,0
1372118206,nan,0,0,0,0,0,0,0,0
1372628357,nan,0,0,0,0,0,0,0,0
1373137691,nan,0,0,0,0,0,0,0,0
1373647837,nan,0,0,0,0,0,0,0,0
1374158140,nan,0,0,0,0,0,0,0,0
1374668368,nan,0,0,0,0,0,0,0,0
1375177873,nan,0,0,0,0,0,0,0,0
1375688129,nan,0,0,0,0,0,0,0,0
1376197999,nan,0,0,0,0,0,0,0,0
1376708438,nan,0,0,0,0,0,0,0,0
1377217503,nan,0,0,0,0,0,0,0,0
1377726949,nan,0,0,0,0,0,0,0,0
1378236883,nan,0,0,0,0,0,0,0,0
1378747140,nan,0,0,0,0,0,0,0,0
1379257237,nan,0,0,0,0,0,0,0,0
1379767103,nan,0,0,0,0,0,0,0,0
1380277062,nan,0,0,0,0,0,0,0,0
1380787179,nan,0,0,0,0,0,0,0,0
1381297274,nan,0,0,0,0,0,0,0,0
1381807087,nan,0,0,0,0,0,0,0,0
1382316699,nan,0,0,0,0,0,0,0,0
1382826856,nan,0,0,0,0,0,0,0,0
1383336804,nan,0,0,0,0,0,0,0,0
1383847072,nan,0,0,0,0,0,0,0,0
1384357085,nan,0,0,0,0,0,0,0,0
1384867057,nan,0,0,0,0,0,0,0,0
1385377109,nan,0,0,0,0,0,0,0,0
1385888353,nan,0,0,0,0,0,0,0,0
1386387139,nan,0,0,0,0,0,0,0,0
1386896921,nan,0,0,0,0,0,0,0,0
1387407470,nan,0,0,0,0,0,0,0,0
1387917226,nan,0,0,0,0,0,0,0,0
1388416900,nan,0,0,0,0,0,0,0,0
1388926851,nan,0,0,0,0,0,0,0,0
1389437155,nan,0,0,0,0,0,0,0,0
1389947034,nan,0,0,0,0,0,0,0,0
1390456534,nan,0,0,0,0,0,0,0,0
1390966157,nan,0,0,0,0,0,0,0,0
1391476213,nan,0,0,0,0,0,0,0,0
1391986185,nan,0,0,0,0,0,0,0,0
1392496168,nan,0,0,0,0,0,0,0,0
1393005881,nan,0,0,0,0,0,0,0,0
1393516096,nan,0,0,0,0,0,0,0,0
1394026311,nan,0,0,0,0,0,0,0,0
1394536102,nan,0,0,0,0,0,0,0,0
1395045683,nan,0,0,0,0,0,0,0,0
1395555661,nan,0,0,0,0,0,0,0,0
1396065662,nan,0,0,0,0,0,0,0,0
1396575772,nan,0,0,0,0,0,0,0,0
1397086372,nan,0,0,0,0,0,0,0,0
1397595924,nan,0,0,0,0,0,0,0,0
1398105691,nan,0,0,0,0,0,0,0,0
1398615770,nan,0,0,0,0,0,0,0,0
1399125933,nan,0,0,0,0,0,0,0,0
1399635380,nan,0,0,0,0,0,0,0,0
1400145109,nan,0,0,0,0,0,0,0,0
1400654729,nan,0,0,0,0,0,0,0,0
1401164905,nan,0,0,0,0,0,0,0,0
1401675018,nan,0,0,0,0,0,0,0,0
1402184734,nan,0,0,0,0,0,0,0,0
1402695153,nan,0,0,0,0,0,0,0,0
1403205263,nan,0,0,0,0,0,0,0,0
1403715322,nan,0,0,0,0,0,0,0,0
1404224708,nan,0,0,0,0,0,0,0,0
1404734866,nan,0,0,0,0,0,0,0,0
1405245015,nan,0,0,0,0,0,0,0,0
1405754852,nan,0,0,0,0,0,0,0,0
1406264720,nan,0,0,0,0,0,0,0,0
1406774629,nan,0,0,0,0,0,0,0,0
1407285407,nan,0,0,0,0,0,0,0,0
1407795130,nan,0,0,0,0,0,0,0,0
1408304521,nan,0,0,0,0,0,0,0,0
1408814254,nan,0,0,0,0,0,0,0,0
1409324128,nan,0,0,0,0,0,0,0,0
1409834357,nan,0,0,0,0,0,0,0,0
1410344120,nan,0,0,0,0,0,0,0,0
1410853986,nan,0,0,0,0,0,0,0,0
1411363831,nan,0,0,0,0,0,0,0,0
1411874651,nan,0,0,0,0,0,0,0,0
1412385028,nan,0,0,0,0,0,0,0,0
1412894655,nan,0,0,0,0,0,0,0,0
1413404704,nan,0,0,0,0,0,0,0,0
1413915164,nan,0,0,0,0,0,0,0,0
1414425097,nan,0,0,0,0,0,0,0,0
1414934714,nan,0,0,0,0,0,0,0,0
1415444478,nan,0,0,0,0,0,0,0,0
1415953641,nan,0,0,0,0,0,0,0,0
1416464148,nan,0,0,0,0,0,0,0,0
1416974130,nan,0,0,0,0,0,0,0,0
1417483537,nan,0,0,0,0,0,0,0,0
1417992461,nan,0,0,0,0,0,0,0,0
1418501784,nan,0,0,0,0,0,0,0,0
1419012224,nan,0,0,0,0,0,0,0,0
1419522190,nan,0,0,0,0,0,0,0,0
1420031979,nan,0,0,0,0,0,0,0,0
1420541823,nan,0,0,0,0,0,0,0,0
1421052622,nan,0,0,0,0,0,0,0,0
1421562790,nan,0,0,0,0,0,0,0,0
1422072488,nan,0,0,0,0,0,0,0,0
1422581619,nan,0,0,0,0,0,0,0,0
1423092859,nan,0,0,0,0,0,0,0,0
1423602697,nan,0,0,0,0,0,0,0,0
1424112395,nan,0,0,0,0,0,0,0,0
1424621632,nan,0,0,0,0,0,0,0,0
1425131710,nan,0,0,0,0,0,0,0,0
1425642210,nan,0,0,0,0,0,0,0,0
1426152125,nan,0,0,0,0,0,0,0,0
1426661800,nan,0,0,0,0,0,0,0,0
1427171697,nan,0,0,0,0,0,0,0,0
1427682022,nan,0,0,0,0,0,0,0,0
1428191836,nan,0,0,0,0,0,0,0,0
1428701524,nan,0,0,0,0,0,0,0,0
1429210674,nan,0,0,0,0,0,0,0,0
1429720733,nan,0,0,0,0,0,0,0,0
1430231041,nan,0,0,0,0,0,0,0,0
1430741050,nan,0,0,0,0,0,0,0,0
1431250800,nan,0,0,0,0,0,0,0,0
1431760844,nan,0,0,0,0,0,0,0,0
1432271052,nan,0,0,0,0,0,0,0,0
1432781199,nan,0,0,0,0,0,0,0,0
1433291152,nan,0,0,0,0,0,0,0,0
1433800911,nan,0,0,0,0,0,0,0,0
1434310993,nan,0,0,0,0,0,0,0,0
1434821142,nan,0,0,0,0,0,0,0,0
1435330438,nan,0,0,0,0,0,0,0,0
1435840079,nan,0,0,0,0,0,0,0,0
1436349825,nan,0,0,0,0,0,0,0,0
1436860117,nan,0,0,0,0,0,0,0,0
1437370017,nan,0,0,0,0,0,0,0,0
1437880303,nan,0,0,0,0,0,0,0,0
1438389961,nan,0,0,0,0,0,0,0,0
1438900121,nan,0,0,0,0,0,0,0,0
1439410233,nan,0,0,0,0,0,0,0,0
1439920570,nan,0,0,0,0,0,0,0,0
1440430013,nan,0,0,0,0,0,0,0,0
1440939515,nan,0,0,0,0,0,0,0,0
1441449278,nan,0,0,0,0,0,0,0,0
1441958997,nan,0,0,0,0,0,0,0,0
1442469029,nan,0,0,0,0,0,0,0,0
1442979005,nan,0,0,0,0,0,0,0,0
1443489827,nan,0,0,0,0,0,0,0,0
1443989006,nan,0,0,0,0,0,0,0,0
1444499557,nan,0,0,0,0,0,0,0,0
1445008678,nan,0,0,0,0,0,0,0,0
1445518590,nan,0,0,0,0,0,0,0,0
1446028389,nan,0,0,0,0,0,0,0,0
1446537928,nan,0,0,0,0,0,0,0,0
1447047995,nan,0,0,0,0,0,0,0,0
1447558221,nan,0,0,0,0,0,0,0,0
1448068040,nan,0,0,0,0,0,0,0,0
1448578135,nan,0,0,0,0,0,0,0,0
1449078257,nan,0,0,0,0,0,0,0,0
1449588127,nan,0,0,0,0,0,0,0,0
1450097552,nan,0,0,0,0,0,0,0,0
1450607287,nan,0,0,0,0,0,0,0,0
1451117251,nan,0,0,0,0,0,0,0,0
1451626814,nan,0,0,0,0,0,0,0,0
1452137092,nan,0,0,0,0,0,0,0,0
1452647479,nan,0,0,0,0,0,0,0,0
1453157254,nan,0,0,0,0,0,0,0,0
1453667130,nan,0,0,0,0,0,0,0,0
1454176576,nan,0,0,0,0,0,0,0,0
1454685975,nan,0,0,0,0,0,0,0,0
1455196215,nan,0,0,0,0,0,0,0,0
1455696013,nan,0,0,0,0,0,0,0,0
1456205885,nan,0,0,0,0,0,0,0,0
1456715953,nan,0,0,0,0,0,0,0,0
1457226302,nan,0,0,0,0,0,0,0,0
1457736263,nan,0,0,0,0,0,0,0,0
1458245511,nan,0,0,0,0,0,0,0,0
1458754999,nan,0,0,0,0,0,0,0,0
1459265221,nan,0,0,0,0,0,0,0,0
1459775108,nan,0,0,0,0,0,0,0,0
1460285779,nan,0,0,0,0,0,0,0,0
1460795686,nan,0,0,0,0,0,0,0,0
1461306013,nan,0,0,0,0,0,0,0,0
1461816338,nan,0,0,0,0,0,0,0,0
1462326113,nan,0,0,0,0,0,0,0,0
1462835949,nan,0,0,0,0,0,0,0,0
1463346078,nan,0,0,0,0,0,0,0,0
1463856482,nan,0,0,0,0,0,0,0,0
1464366211,nan,0,0,0,0,0,0,0,0
1464876007,nan,0,0,0,0,0,0,0,0
1465385832,nan,0,0,0,0,0,0,0,0
1465896227,nan,0,0,0,0,0,0,0,0
1466406418,nan,0,0,0,0,0,0,0,0
1466916777,nan,0,0,0,0,0,0,0,0
1467426723,nan,0,0,0,0,0,0,0,0
1467937092,nan,0,0,0,0,0,0,0,0
1468447108,nan,0,0,0,0,0,0,0,0
1468956804,nan,0,0,0,0,0,0,0,0
1469466539,nan,0,0,0,0,0,0,0,0
1469975938,nan,0,0,0,0,0,0,0,0
1470486288,nan,0,0,0,0,0,0,0,0
1470996529,nan,0,0,0,0,0,0,0,0
1471505962,nan,0,0,0,0,0,0,0,0
1472015965,nan,0,0,0,0,0,0,0,0
1472526547,nan,0,0,0,0,0,0,0,0
1473036294,nan,0,0,0,0,0,0,0,0
1473546001,nan,0,0,0,0,0,0,0,0
1474056033,nan,0,0,0,0,0,0,0,0
1474565594,nan,0,0,0,0,0,0,0,0
1475075369,nan,0,0,0,0,0,0,0,0
1475585928,nan,0,0,0,0,0,0,0,0
1476095810,nan,0,0,0,0,0,0,0,0
1476605748,nan,0,0,0,0,0,0,0,0
1477116061,nan,0,0,0,0,0,0,0,0
1477626173,nan,0,0,0,0,0,0,0,0
1478135731,nan,0,0,0,0,0,0,0,0
1478645592,nan,0,0,0,0,0,0,0,0
1479155636,nan,0,0,0,0,0,0,0,0
1479665831,nan,0,0,0,0,0,0,0,0
1480175692,nan,0,0,0,0,0,0,0,0
1480685271,nan,0,0,0,0,0,0,0,0
1481194708,nan,0,0,0,0,0,0,0,0
1481705329,nan,0,0,0,0,0,0,0,0
1482215106,nan,0,0,0,0,0,0,0,0
1482725275,nan,0,0,0,0,0,0,0,0
1483234832,nan,0,0,0,0,0,0,0,0
1483745223,nan,0,0,0,0,0,0,0,0
1484255737,nan,0,0,0,0,0,0,0,0
1484765576,nan,0,0,0,0,0,0,0,0
1485274604,nan,0,0,0,0,0,0,0,0
1485784361,nan,0,0,0,0,0,0,0,0
1486294346,nan,0,0,0,0,0,0,0,0
1486804371,nan,0,0,0,0,0,0,0,0
1487313800,nan,0,0,0,0,0,0,0,0
1487823811,nan,0,0,0,0,0,0,0,0
1488334173,nan,0,0,0,0,0,0,0,0
1488844383,nan,0,0,0,0,0,0,0,0
1489354150,nan,0,0,0,0,0,0,0,0
1489863926,nan,0,0,0,0,0,0,0,0
1490374112,nan,0,0,0,0,0,0,0,0
1490885029,nan,0,0,0,0,0,0,0,0
1491394702,nan,0,0,0,0,0,0,0,0
1491904871,nan,0,0,0,0,0,0,0,0
1492414851,nan,0,0,0,0,0,0,0,0
1492925154,nan,0,0,0,0,0,0,0,0
1493434343,nan,0,0,0,0,0,0,0,0
1493943869,nan,0,0,0,0,0,0,0,0
1494453725,nan,0,0,0,0,0,0,0,0
1494963995,nan,0,0,0,0,0,0,0,0
1495473786,nan,0,0,0,0,0,0,0,0
1495983766,nan,0,0,0,0,0,0,0,0
1496493623,nan,0,0,0,0,0,0,0,0
1497003965,nan,0,0,0,0,0,0,0,0
1497513804,nan,0,0,0,0,0,0,0,0
1498023272,nan,0,0,0,0,0,0,0,0
1498532918,nan,0,0,0,0,0,0,0,0
1499043018,nan,0,0,0,0,0,0,0,0
1499553097,nan,0,0,0,0,0,0,0,0
1500063113,nan,0,0,0,0,0,0,0,0
1500572861,nan,0,0,0,0,0,0,0,0
1501082870,nan,0,0,0,0,0,0,0,0
1501593068,nan,0,0,0,0,0,0,0,0
1502103062,nan,0,0,0,0,0,0,0,0
1502603291,nan,0,0,0,0,0,0,0,0
1503112588,nan,0,0,0,0,0,0,0,0
1503621812,nan,0,0,0,0,0,0,0,0
1504132221,nan,0,0,0,0,0,0,0,0
1504642259,nan,0,0,0,0,0,0,0,0
1505151742,nan,0,0,0,0,0,0,0,0
1505662126,nan,0,0,0,0,0,0,0,0
1506172224,nan,0,0,0,0,0,0,0,0
1506682629,nan,0,0,0,0,0,0,0,0
1507192502,nan,0,0,0,0,0,0,0,0
1507702010,nan,0,0,0,0,0,0,0,0
1508211568,nan,0,0,0,0,0,0,0,0
1508721191,nan,0,0,0,0,0,0,0,0
1509231294,nan,0,0,0,0,0,0,0,0
1509740816,nan,0,0,0,0,0,0,0,0
1510250938,nan,0,0,0,0,0,0,0,0
1510761734,nan,0,0,0,0,0,0,0,0
1511261052,nan,0,0,0,0,0,0,0,0
1511770761,nan,0,0,0,0,0,0,0,0
1512280917,nan,0,0,0,0,0,0,0,0
1512790745,nan,0,0,0,0,0,0,0,0
1513300756,nan,0,0,0,0,0,0,0,0
