timestamp,timestamp_sample,position_drift_rate_horizontal_m_s,position_drift_rate_vertical_m_s,filtered_horizontal_speed_m_s,checks_passed,check_fail_gps_fix,check_fail_min_sat_count,check_fail_max_pdop,check_fail_max_horz_err,check_fail_max_vert_err,check_fail_max_spd_err,check_fail_max_horz_drift,check_fail_max_vert_drift,check_fail_max_horz_spd_err,check_fail_max_vert_spd_err
540108756,539978619,0.05553048,0.17749296,0.012235897,1,0,0,0,0,0,0,0,0,0,0
541098683,540973618,0.06378787,0.17577313,0.0075520277,1,0,0,0,0,0,0,0,0,0,0
542108521,541974621,0.057103336,0.16354533,0.0022252314,1,0,0,0,0,0,0,0,0,0,0
543118337,542985612,0.056370877,0.14614537,0.0064741825,1,0,0,0,0,0,0,0,0,0,0
544108342,543982630,0.042435426,0.10481459,0.0016280686,1,0,0,0,0,0,0,0,0,0,0
545108281,544981614,0.03650835,0.07886705,0.009528589,1,0,0,0,0,0,0,0,0,0,0
546108095,545979612,0.036581397,0.05252161,0.009603955,1,0,0,0,0,0,0,0,0,0,0
547107939,546981615,0.036129665,0.016867789,0.017637597,1,0,0,0,0,0,0,0,0,0,0
548107790,547980613,0.0372159,0.008813653,0.022305649,1,0,0,0,0,0,0,0,0,0,0
549107728,548981616,0.040891003,0.024163641,0.028780982,1,0,0,0,0,0,0,0,0,0,0
550097652,549972613,0.046299867,0.041901324,0.03081104,1,0,0,0,0,0,0,0,0,0,0
551107442,550980723,0.043303926,0.046823043,0.029066728,1,0,0,0,0,0,0,0,0,0,0
552107492,551978615,0.051321615,0.076886885,0.031090725,1,0,0,0,0,0,0,0,0,0,0
553107271,552980612,0.04443644,0.10080124,0.03100225,1,0,0,0,0,0,0,0,0,0,0
554097354,553970616,0.038883824,0.106406435,0.02681077,1,0,0,0,0,0,0,0,0,0,0
555107090,554979650,0.01138837,0.10602975,0.030188456,1,0,0,0,0,0,0,0,0,0,0
556126926,555993611,0.01898116,0.107631125,0.028586311,1,0,0,0,0,0,0,0,0,0,0
557116777,556982614,0.03307157,0.09620966,0.03088609,1,0,0,0,0,0,0,0,0,0,0
558116701,557982614,0.03741391,0.08927789,0.02958876,1,0,0,0,0,0,0,0,0,0,0
559106636,558981610,0.02471279,0.07901093,0.02370564,1,0,0,0,0,0,0,0,0,0,0
560106510,559980615,0.017031677,0.079927504,0.025918197,1,0,0,0,0,0,0,0,0,0,0
561106307,560976615,0.01356348,0.059000954,0.025883589,1,0,0,0,0,0,0,0,0,0,0
562106268,561977618,0.015510537,0.056247197,0.02458882,1,0,0,0,0,0,0,0,0,0,0
563106308,562979615,nan,nan,nan,1,0,0,0,0,0,0,0,0,0,0
564116048,563985614,nan,nan,nan,1,0,0,0,0,0,0,0,0,0,0
565115860,564982615,0.016758384,0.008983375,0.0074897134,1,0,0,0,0,0,0,0,0,0,0
566125863,565992615,0.026237274,0.012152115,0.009585592,1,0,0,0,0,0,0,0,0,0,0
567105654,566980612,0.031393763,0.003720699,0.007932751,1,0,0,0,0,0,0,0,0,0,0
568105681,567974617,0.053959206,0.010009848,0.026257649,1,0,0,0,0,0,0,0,0,0,0
569105416,568975613,0.057232413,0.028003866,0.00893691,1,0,0,0,0,0,0,0,0,0,0
570115402,569983617,0.055828832,0.023583092,0.011230371,1,0,0,0,0,0,0,0,0,0,0
571115260,570982614,0.04539291,0.03897195,0.022341067,1,0,0,0,0,0,0,0,0,0,0
572115173,571981614,0.03506229,0.041406445,0.030052604,1,0,0,0,0,0,0,0,0,0,0
573115066,572982627,0.04540297,0.04237558,0.026762532,1,0,0,0,0,0,0,0,0,0,0
574124949,573991229,nan,nan,nan,1,0,0,0,0,0,0,0,0,0,0
575104832,574979614,nan,nan,nan,1,0,0,0,0,0,0,0,0,0,0
576104719,575975621,0.009319736,0.004309228,0.0046921163,1,0,0,0,0,0,0,0,0,0,0
577114614,576983613,0.015150104,0.012158041,0.005782104,1,0,0,0,0,0,0,0,0,0,0
578114421,577981619,0.020321677,0.0065994686,0.0047644423,1,0,0,0,0,0,0,0,0,0,0
579104389,578979616,0.021029057,0.0028028244,0.004676543,1,0,0,0,0,0,0,0,0,0,0
580104224,579974618,0.029566322,0.017004859,0.011287276,1,0,0,0,0,0,0,0,0,0,0
581114257,580979778,nan,nan,nan,1,0,0,0,0,0,0,0,0,0,0
582114055,581981619,nan,nan,nan,1,0,0,0,0,0,0,0,0,0,0
583114136,582982617,0.02733032,0.017180886,0.019919146,1,0,0,0,0,0,0,0,0,0,0
584113755,583981614,0.040151846,0.02906531,0.027842432,1,0,0,0,0,0,0,0,0,0,0
585113716,584982615,0.051238306,0.035891127,0.04043202,1,0,0,0,0,0,0,0,0,0,0
586103727,585976617,0.05015914,0.03179768,0.050980538,1,0,0,0,0,0,0,0,0,0,0
587103470,586972614,0.03328426,0.014453041,0.041335408,1,0,0,0,0,0,0,0,0,0,0
588093334,587968654,0.026327828,0.0125131905,0.039427727,1,0,0,0,0,0,0,0,0,0,0
589103240,588969615,0.036209445,0.003338371,0.03053855,1,0,0,0,0,0,0,0,0,0,0
590103217,589972614,0.044662002,0.024993006,0.024836512,1,0,0,0,0,0,0,0,0,0,0
591113180,590980623,0.052717242,0.04550253,0.011262147,1,0,0,0,0,0,0,0,0,0,0
592112901,591979611,nan,nan,nan,1,0,0,0,0,0,0,0,0,0,0
593107763,592972618,nan,nan,nan,1,0,0,0,0,0,0,0,0,0,0
594102662,593972614,nan,nan,nan,1,0,0,0,0,0,0,0,0,0,0
595102683,594971616,0.0087871915,0.003157115,0.003851717,1,0,0,0,0,0,0,0,0,0,0
596112438,595978613,0.013715687,0.005870888,0.018764375,1,0,0,0,0,0,0,0,0,0,0
597112411,596987617,0.012118763,0.0069999066,0.022325318,1,0,0,0,0,0,0,0,0,0,0
598112157,597981852,0.0057825125,0.010675876,0.022305038,1,0,0,0,0,0,0,0,0,0,0
599112140,598980615,0.011202634,0.028512958,0.023057297,1,0,0,0,0,0,0,0,0,0,0
600112030,599977615,0.035684586,0.04244488,0.018359864,1,0,0,0,0,0,0,0,0,0,0
601111863,600978616,nan,nan,nan,1,0,0,0,0,0,0,0,0,0,0
602101742,601969613,nan,nan,nan,1,0,0,0,0,0,0,0,0,0,0
603101636,602970616,0.0055303783,0.0087000085,0.0030686434,1,0,0,0,0,0,0,0,0,0,0
604101547,603970614,nan,nan,nan,1,0,0,0,0,0,0,0,0,0,0
605101368,604972616,nan,nan,nan,1,0,0,0,0,0,0,0,0,0,0
606101297,605968613,nan,nan,nan,1,0,0,0,0,0,0,0,0,0,0
607111126,606978612,nan,nan,nan,1,0,0,0,0,0,0,0,0,0,0
608101148,607971614,0.019420942,0.031330306,0.0024721911,1,0,0,0,0,0,0,0,0,0,0
609111063,608977617,0.031217067,0.044178367,0.008414299,1,0,0,0,0,0,0,0,0,0,0
610100767,609973614,0.04629843,0.06278739,0.0014380284,1,0,0,0,0,0,0,0,0,0,0
611100676,610970618,nan,nan,nan,1,0,0,0,0,0,0,0,0,0,0
612100592,611969615,nan,nan,nan,1,0,0,0,0,0,0,0,0,0,0
613110510,612983333,nan,nan,nan,1,0,0,0,0,0,0,0,0,0,0
614100259,613968882,nan,nan,nan,1,0,0,0,0,0,0,0,0,0,0
615100184,614969700,nan,nan,nan,1,0,0,0,0,0,0,0,0,0,0
616100020,615967613,nan,nan,nan,1,0,0,0,0,0,0,0,0,0,0
617099973,616971620,nan,nan,nan,1,0,0,0,0,0,0,0,0,0,0
618099876,617974625,nan,nan,nan,1,0,0,0,0,0,0,0,0,0,0
619099708,618968612,nan,nan,nan,1,0,0,0,0,0,0,0,0,0,0
620099681,619974617,nan,nan,nan,1,0,0,0,0,0,0,0,0,0,0
621099457,620974613,nan,nan,nan,1,0,0,0,0,0,0,0,0,0,0
622099430,621973615,nan,nan,nan,1,0,0,0,0,0,0,0,0,0,0
623109153,622977618,nan,nan,nan,1,0,0,0,0,0,0,0,0,0,0
624109031,623975612,nan,nan,nan,1,0,0,0,0,0,0,0,0,0,0
625099002,624970616,nan,nan,nan,1,0,0,0,0,0,0,0,0,0,0
626108834,625974617,0.004682258,0.0013600009,0.0029476057,1,0,0,0,0,0,0,0,0,0,0
627098746,626970628,0.009950705,0.004358921,0.008310252,1,0,0,0,0,0,0,0,0,0,0
628098655,627970618,0.014876389,0.0031322278,0.0119755585,1,0,0,0,0,0,0,0,0,0,0
629098402,628970139,0.02726882,0.006145697,0.018337129,1,0,0,0,0,0,0,0,0,0,0
630098313,629967616,0.017885536,0.030518666,0.011717371,1,0,0,0,0,0,0,0,0,0,0
631088309,630963053,0.033964437,0.05559765,0.009823757,1,0,0,0,0,0,0,0,0,0,0
632088098,631961622,0.056554783,0.07123939,0.020914722,1,0,0,0,0,0,0,0,0,0,0
633098051,632970613,0.055696253,0.062178914,0.021526696,1,0,0,0,0,0,0,0,0,0,0
634097800,633967615,0.06546221,0.06628156,0.017012663,1,0,0,0,0,0,0,0,0,0,0
635097631,634969617,0.074688725,0.079963714,0.015527368,1,0,0,0,0,0,0,0,0,0,0
636097610,635964612,0.086608626,0.10785671,0.024126787,1,0,0,0,0,0,0,0,0,0,0
637107394,636977631,0.081700325,0.12049563,0.011456107,1,0,0,0,0,0,0,0,0,0,0
638107281,637976616,0.070196986,0.11061701,0.0115843825,1,0,0,0,0,0,0,0,0,0,0
639107087,638976644,0.06903021,0.11159471,0.015814679,1,0,0,0,0,0,0,0,0,0,0
640097154,639969812,nan,nan,nan,1,0,0,0,0,0,0,0,0,0,0
641097011,640965133,0.012441536,0.015940124,0.0113434,1,0,0,0,0,0,0,0,0,0,0
642106688,641974618,0.014939041,0.036512766,0.011473799,1,0,0,0,0,0,0,0,0,0,0
643106687,642977620,0.023451284,0.009505113,0.01721033,1,0,0,0,0,0,0,0,0,0,0
644106442,643977613,0.0114113055,0.026255684,0.014411677,1,0,0,0,0,0,0,0,0,0,0
645096378,644967615,0.03570234,0.019430732,0.011091169,1,0,0,0,0,0,0,0,0,0,0
646106314,645978617,0.05793043,0.0029007972,0.012919273,1,0,0,0,0,0,0,0,0,0,0
647116037,646981617,0.071879104,0.018973062,0.008999865,1,0,0,0,0,0,0,0,0,0,0
648105878,647973612,0.07218246,0.026384754,0.011636112,1,0,0,0,0,0,0,0,0,0,0
649105840,648974615,0.07432013,0.051859003,0.011429537,1,0,0,0,0,0,0,0,0,0,0
650095827,649969615,0.093609594,0.09155673,0.0063255844,1,0,0,0,0,0,0,0,0,0,0
651105578,650979312,0.10074355,0.105945446,0.000676044,1,0,0,0,0,0,0,0,0,0,0
652115401,651981616,0.10091205,0.11638138,0.0012296289,1,0,0,0,0,0,0,0,0,0,0
653105238,652973615,0.09117353,0.12430028,0.006054331,1,0,0,0,0,0,0,0,0,0,0
654105124,653973611,0.08579324,0.12655506,0.003715791,1,0,0,0,0,0,0,0,0,0,0
655114948,654984613,0.07113701,0.095725924,0.009382499,1,0,0,0,0,0,0,0,0,0,0
656114776,655983616,0.06482549,0.08192613,0.00671364,1,0,0,0,0,0,0,0,0,0,0
657114661,656983615,0.0667138,0.0870872,0.0074326536,1,0,0,0,0,0,0,0,0,0,0
658104529,657972615,0.06847727,0.08811666,0.008894785,1,0,0,0,0,0,0,0,0,0,0
659104577,658978617,0.0703437,0.074680716,0.015839254,1,0,0,0,0,0,0,0,0,0,0
660104203,659974618,0.07633191,0.07693727,0.018619841,1,0,0,0,0,0,0,0,0,0,0
661114115,660979618,0.078307725,0.06825819,0.026691535,1,0,0,0,0,0,0,0,0,0,0
662114006,661979612,0.08181981,0.07036584,0.044988204,1,0,0,0,0,0,0,0,0,0,0
663113954,662981612,0.08832109,0.055252712,0.058259998,0,0,0,0,0,0,0,0,0,0,0
664103802,663978618,0.09393641,0.054522865,0.054315656,0,0,0,0,0,0,1,0,0,0,0
665103508,664976610,0.10372116,0.05494278,0.07121058,0,0,0,0,0,0,0,0,0,0,0
666103353,665975612,0.07872148,0.03792393,0.0416884,0,0,0,0,0,0,0,0,0,0,0
667113185,666981617,0.07252631,0.023804436,0.050572626,0,0,0,0,0,0,0,0,0,0,0
668103216,667977909,0.06330515,0.031793762,0.03978454,0,0,0,0,0,0,0,0,0,0,0
669112946,668978620,0.053223994,0.027109856,0.030843658,0,0,0,0,0,0,0,0,0,0,0
670112756,669978682,0.048888385,0.014815079,0.024645992,0,0,0,0,0,0,0,0,0,0,0
671112691,670979611,0.048392426,0.002807243,0.025135772,0,0,0,0,0,0,0,0,0,0,0
672112579,671982709,0.03547729,0.026411962,0.025962286,0,0,0,0,0,0,0,0,0,0,0
673112381,672981613,0.022794494,0.04761247,0.025531374,0,0,0,0,0,0,0,0,0,0,0
674162201,674031614,0.01956354,0.051844746,0.018142853,0,0,0,0,0,0,0,0,0,0,0
675162100,675030613,0.03088505,0.042950008,0.018517587,1,0,0,0,0,0,0,0,0,0,0
676151931,676020633,0.06677,0.026036505,0.009758458,1,0,0,0,0,0,0,0,0,0,0
677161741,677029286,0.091931425,0.007317346,0.017863711,1,0,0,0,0,0,0,0,0,0,0
678161714,678034709,0.119172804,0.00858973,0.003021692,1,0,0,0,0,0,0,0,0,0,0
679151422,679022626,0.11450909,0.011361264,0.010717056,1,0,0,0,0,0,0,0,0,0,0
680141408,680012612,0.1287119,0.0010761112,0.006191949,1,0,0,0,0,0,0,0,0,0,0
681161097,681026611,0.13449086,0.007580688,0.010900912,1,0,0,0,0,0,0,0,0,0,0
682161181,682026613,0.13390076,0.016248832,0.0055320594,1,0,0,0,0,0,0,0,0,0,0
683150966,683017617,0.11992907,0.030555038,0.0073464527,1,0,0,0,0,0,0,0,0,0,0
684140726,684012630,0.12042586,0.017630287,0.009960623,1,0,0,0,0,0,0,0,0,0,0
685150551,685025615,0.121956654,0.017197112,0.0075174086,1,0,0,0,0,0,0,0,0,0,0
686150397,686020615,0.11896631,0.023776283,0.0074788784,1,0,0,0,0,0,0,0,0,0,0
687150376,687017751,0.109198704,0.038214657,0.010710638,1,0,0,0,0,0,0,0,0,0,0
688150120,688024839,0.09175179,0.05198747,0.00825556,1,0,0,0,0,0,0,0,0,0,0
689149927,689022613,0.07965484,0.05170242,0.007709189,1,0,0,0,0,0,0,0,0,0,0
690149702,690017611,0.080183364,0.042261995,0.009616795,1,0,0,0,0,0,0,0,0,0,0
691149681,691024971,0.12815677,0.01573291,0.014080996,1,0,0,0,0,0,0,0,0,0,0
692149587,692022618,0.13442491,0.019402744,0.01503982,1,0,0,0,0,0,0,0,0,0,0
693139346,693014616,0.1406372,0.0315172,0.014403742,1,0,0,0,0,0,0,0,0,0,0
694149083,694014615,0.16214895,0.039202332,0.0138357375,1,0,0,0,0,0,0,0,0,0,0
695148904,695014614,0.17807344,0.032500602,0.014001775,1,0,0,0,0,0,0,0,0,0,0
696148836,696019618,0.18161191,0.03712713,0.010425571,1,0,0,0,0,0,0,0,0,0,0
697148671,697019618,0.19335738,0.030411333,0.0093175005,1,0,0,0,0,0,0,0,0,0,0
698158489,698027617,0.19101077,0.055555727,0.012704638,1,0,0,0,0,0,0,0,0,0,0
699158307,699031616,0.1870796,0.07334363,0.011241562,1,0,0,0,0,0,0,0,0,0,0
700168134,700034615,0.16988844,0.09927656,0.008642875,1,0,0,0,0,0,0,0,0,0,0
701168065,701038614,0.14525677,0.11017076,0.014462025,1,0,0,0,0,0,0,0,0,0,0
702167789,702040614,0.13756399,0.10864087,0.00803452,1,0,0,0,0,0,0,0,0,0,0
703167606,703034619,0.12728216,0.10421678,0.0070429733,1,0,0,0,0,0,0,0,0,0,0
704167475,704037616,0.10479569,0.09144791,0.010824535,1,0,0,0,0,0,0,0,0,0,0
705167363,705038613,0.100293264,0.086380236,0.010644524,1,0,0,0,0,0,0,0,0,0,0
706157212,706029964,0.11594138,0.066634215,0.013501112,1,0,0,0,0,0,0,0,0,0,0
707176946,707045616,0.12322353,0.069490254,0.01192568,1,0,0,0,0,0,0,0,0,0,0
708156928,708027614,0.12345081,0.051182423,0.006873594,1,0,0,0,0,0,0,0,0,0,0
709166645,709033615,0.13348472,0.04492024,0.0044386624,1,0,0,0,0,0,0,0,0,0,0
710156703,710025613,0.13137445,0.04217515,0.0073818266,1,0,0,0,0,0,0,0,0,0,0
711166371,711037623,0.113390125,0.038081825,0.0007225002,1,0,0,0,0,0,0,0,0,0,0
712156187,712030959,0.08263791,0.05313318,0.02660723,1,0,0,0,0,0,0,0,0,0,0
713165959,713034683,0.054715008,0.04798969,0.04114735,0,0,0,0,0,0,0,0,0,0,0
714155793,714028251,0.052643713,0.028390463,0.036395553,0,0,0,0,0,0,1,0,0,0,0
715168214,715035627,0.07152054,0.029771388,0.019082855,0,0,0,0,0,0,0,0,0,0,0
716165501,716031616,0.07486874,0.01719036,0.014299868,0,0,0,0,0,0,0,0,0,0,0
717175275,717046619,0.06455002,0.0015881731,0.0207452,0,0,0,0,0,0,0,0,0,0,0
718165119,718038617,0.07128098,0.0061096647,0.01744348,0,0,0,0,0,0,0,0,0,0,0
719155069,719023615,0.06546719,0.0074532535,0.017752273,0,0,0,0,0,0,0,0,0,0,0
720164916,720037615,0.056057386,0.024480514,0.024171058,0,0,0,0,0,0,1,0,0,0,0
721164595,721030612,0.059495647,0.022059476,0.016564034,0,0,0,0,0,0,0,0,0,0,0
722164560,722037617,0.0772313,0.024672618,0.0066351127,0,0,0,0,0,0,0,0,0,0,0
723164352,723038616,0.037909765,0.017543742,0.03277326,0,0,0,0,0,0,1,0,0,0,0
724174180,724043639,0.04655952,0.028305888,0.023962477,0,0,0,0,0,0,0,0,0,0,0
725163997,725036894,0.028333997,0.034422837,0.049397178,0,0,0,0,0,0,0,0,0,0,0
726163843,726038616,0.046636272,0.04943646,0.038086098,0,0,0,0,0,0,0,0,0,0,0
727173609,727046610,0.054824658,0.05917787,0.048527267,0,0,0,0,0,0,0,0,0,0,0
728163531,728038616,0.05503072,0.0570509,0.048614167,0,0,0,0,0,0,0,0,0,0,0
729173354,729045617,0.060970068,0.05123155,0.045310985,0,0,0,0,0,0,0,0,0,0,0
730173035,730038618,0.088192925,0.046366554,0.041676074,0,0,0,0,0,0,0,0,0,0,0
731172933,731039616,0.12894672,0.055834036,0.035910603,0,0,0,0,0,0,0,0,0,0,0
732162692,732029615,0.14314826,0.051901944,0.037302144,0,0,0,0,0,0,0,0,0,0,0
733122597,732997618,0.14933966,0.041768778,0.023002611,0,0,0,0,0,0,0,0,0,0,0
734132519,734001621,0.16168684,0.055379935,0.009634661,1,0,0,0,0,0,0,0,0,0,0
735122206,734992614,0.16620725,0.07921115,0.010416708,1,0,0,0,0,0,0,0,0,0,0
736122020,735990789,0.13899182,0.06526834,0.008512546,0,0,0,0,0,0,1,0,0,0,0
737121970,736994616,0.120082654,0.05117815,0.011541524,0,0,0,0,0,0,0,0,0,0,0
738121715,737996909,0.1255287,0.042686038,0.025673851,0,0,0,0,0,0,0,0,0,0,0
739131677,738997617,0.11777653,0.054869667,0.022053994,0,0,0,0,0,0,0,0,0,0,0
740131258,739997615,0.1348071,0.05629899,0.04708743,0,0,0,0,0,0,0,0,0,0,0
741121144,740989618,0.13858858,0.065004975,0.047756974,0,0,0,0,0,0,0,0,0,0,0
742131003,741997616,0.13777338,0.06617154,0.044227216,0,0,0,0,0,0,0,0,0,0,0
743130884,742998613,0.114265084,0.05040498,0.041039336,0,0,0,0,0,0,0,0,0,0,0
744130563,744000618,0.07245373,0.018479971,0.032490857,0,0,0,0,0,0,0,0,0,0,0
745110387,744985614,0.060553852,0.006550121,0.032857083,0,0,0,0,0,0,0,0,0,0,0
746120205,745993612,0.062337816,0.0040903483,0.02798665,0,0,0,0,0,0,0,0,0,0,0
747120092,746989720,0.059071757,0.0013842048,0.027497686,1,0,0,0,0,0,0,0,0,0,0
748129923,748000612,0.03825079,0.0005573382,0.019563604,1,0,0,0,0,0,0,0,0,0,0
749119651,748988617,0.038316328,0.033525743,0.014401075,1,0,0,0,0,0,0,0,0,0,0
750119480,749989614,0.058486376,0.055103716,0.019720834,1,0,0,0,0,0,0,0,0,0,0
751129305,750997637,0.07737113,0.06335066,0.018812438,1,0,0,0,0,0,0,0,0,0,0
752129258,751999614,0.06207616,0.057638876,0.020250138,1,0,0,0,0,0,0,0,0,0,0
753129032,752999618,0.05132614,0.07831873,0.022225382,1,0,0,0,0,0,0,0,0,0,0
754128820,754001615,0.064704426,0.11573348,0.020024983,1,0,0,0,0,0,0,0,0,0,0
755128561,754997719,0.09148981,0.14900717,0.026446858,1,0,0,0,0,0,0,0,0,0,0
756128547,755999616,0.09873033,0.1290559,0.023190428,1,0,0,0,0,0,0,0,0,0,0
757128304,756996613,0.10834869,0.11552225,0.01945877,1,0,0,0,0,0,0,0,0,0,0
758128083,757997616,0.11215955,0.09602096,0.021264972,1,0,0,0,0,0,0,0,0,0,0
759127826,758997622,nan,nan,nan,1,0,0,0,0,0,0,0,0,0,0
760117712,759988615,0.007864813,0.018382048,0.005532266,1,0,0,0,0,0,0,0,0,0,0
761127511,760995622,0.028899752,0.01063691,0.011298164,1,0,0,0,0,0,0,0,0,0,0
762117351,761987621,0.049402744,0.01171819,0.01876744,0,0,0,0,0,0,1,0,0,0,0
763127080,762994618,0.067173526,0.03442867,0.02962209,0,0,0,0,0,0,0,0,0,0,0
764126959,763996615,0.07298127,0.03470155,0.03327158,0,0,0,0,0,0,0,0,0,0,0
765126849,764989624,0.07575638,0.05449541,0.035891704,0,0,0,0,0,0,0,0,0,0,0
766126592,765996630,0.08589024,0.07886029,0.039394148,0,0,0,0,0,0,0,0,0,0,0
767126518,766996617,0.08988769,0.09024469,0.035206456,0,0,0,0,0,0,0,0,0,0,0
768126216,767997120,0.08344967,0.08763321,0.02660073,0,0,0,0,0,0,0,0,0,0,0
769120998,768988618,0.07589407,0.09966251,0.019098617,0,0,0,0,0,0,0,0,0,0,0
770125833,769991613,0.07793661,0.113969736,0.023111617,0,0,0,0,0,0,0,0,0,0,0
771105872,770977618,0.07697827,0.07717113,0.029547092,0,0,0,0,0,0,0,0,0,0,0
772105435,771980761,0.07867361,0.0834857,0.029330783,0,0,0,0,0,0,0,0,0,0,0
773115322,772984651,0.085207194,0.11898,0.020647954,1,0,0,0,0,0,0,0,0,0,0
774115121,773988613,0.08379933,0.12589212,0.021929704,1,0,0,0,0,0,0,0,0,0,0
775114958,774988616,0.0826429,0.12784463,0.03242075,1,0,0,0,0,0,0,0,0,0,0
776124717,775992614,0.09731243,0.16329813,0.031910412,1,0,0,0,0,0,0,0,0,0,0
777124525,776993616,0.09877961,0.18543494,0.034553856,1,0,0,0,0,0,0,0,0,0,0
778134264,778002659,0.10056319,0.20760578,0.032177877,1,0,0,0,0,0,0,0,0,0,0
779114165,778988848,0.09920832,0.23238371,0.02845501,1,0,0,0,0,0,0,0,0,0,0
780114048,779988766,0.10168362,0.27683926,0.018580226,1,0,0,0,0,0,0,0,0,0,0
781123809,780995657,0.09493682,0.28354338,0.014052544,1,0,0,0,0,0,0,0,0,0,0
782123535,781993615,0.08458885,0.27054206,0.013032453,1,0,0,0,0,0,0,0,0,0,0
783123402,782995618,0.06659976,0.23886617,0.012217526,1,0,0,0,0,0,0,0,0,0,0
784123144,783989745,0.057067927,0.21009888,0.0127570685,1,0,0,0,0,0,0,0,0,0,0
785133013,784998616,0.05689607,0.20038499,0.011600538,1,0,0,0,0,0,0,0,0,0,0
786122852,785997829,0.059755255,0.17180443,0.011512204,1,0,0,0,0,0,0,0,0,0,0
787132605,786998615,0.07074728,0.14980899,0.018753719,1,0,0,0,0,0,0,0,0,0,0
788132434,788004616,0.08503141,0.12778689,0.022497417,1,0,0,0,0,0,0,0,0,0,0
789134741,789002611,0.07521118,0.07012665,0.014539271,1,0,0,0,0,0,0,0,0,0,0
790131994,789998617,0.07681788,0.04414408,0.016035179,1,0,0,0,0,0,0,0,0,0,0
791122013,790992615,0.07409382,0.0053371736,0.016538354,1,0,0,0,0,0,0,0,0,0,0
792121669,791995066,0.08064167,0.014143918,0.014893634,1,0,0,0,0,0,0,0,0,0,0
793121462,792994618,0.08650767,0.005949378,0.014559551,1,0,0,0,0,0,0,0,0,0,0
794131236,793997630,0.100338176,0.030126717,0.014217352,1,0,0,0,0,0,0,0,0,0,0
795121303,794990616,0.11339192,0.039818425,0.015308037,1,0,0,0,0,0,0,0,0,0,0
796130995,796001612,0.10701203,0.031579997,0.008428313,1,0,0,0,0,0,0,0,0,0,0
797120621,796986615,0.10260164,0.013995501,0.0045720213,1,0,0,0,0,0,0,0,0,0,0
798140579,798012616,0.1011402,0.019240592,0.0030194677,1,0,0,0,0,0,0,0,0,0,0
799130281,799001622,0.095812395,0.002989788,0.004272804,1,0,0,0,0,0,0,0,0,0,0
800130138,799996630,0.10204111,0.017529206,0.006122907,1,0,0,0,0,0,0,0,0,0,0
801119928,800993613,0.10022992,0.031007709,0.0031821313,1,0,0,0,0,0,0,0,0,0,0
802119733,801990678,0.10307923,0.056152098,0.004612504,1,0,0,0,0,0,0,0,0,0,0
803129518,802995623,0.09813698,0.10306533,0.021236932,1,0,0,0,0,0,0,0,0,0,0
804129276,803994624,0.09939943,0.13212419,0.027763918,1,0,0,0,0,0,0,0,0,0,0
805129146,805001620,0.11445099,0.1208078,0.0068640006,1,0,0,0,0,0,0,0,0,0,0
806128927,806000615,0.11283858,0.08705582,0.010966616,1,0,0,0,0,0,0,0,0,0,0
807128763,807001623,0.10062785,0.05734254,0.013744538,1,0,0,0,0,0,0,0,0,0,0
808148452,808014620,nan,nan,nan,1,0,0,0,0,0,0,0,0,0,0
809118280,808993615,0.0015697394,0.018350333,0.0016356327,1,0,0,0,0,0,0,0,0,0,0
810118203,809991082,0.00882569,0.035377793,0.004459382,1,0,0,0,0,0,0,0,0,0,0
811137940,811010616,0.022861421,0.03483078,0.015895361,1,0,0,0,0,0,0,0,0,0,0
812127785,811999618,0.027546532,0.042645585,0.0123490775,1,0,0,0,0,0,0,0,0,0,0
813127521,813000612,0.03347038,0.04838641,0.0054706205,1,0,0,0,0,0,0,0,0,0,0
814127442,813996629,0.030379707,0.025530653,0.00398626,1,0,0,0,0,0,0,0,0,0,0
815127183,814996672,0.032459896,0.04135029,0.0029902293,1,0,0,0,0,0,0,0,0,0,0
816126972,816000617,0.030207109,0.03448193,0.00802271,1,0,0,0,0,0,0,0,0,0,0
817126682,816995612,0.030529767,0.024408085,0.0064529087,1,0,0,0,0,0,0,0,0,0,0
818136476,818009615,0.029134283,0.0125914235,0.009138055,1,0,0,0,0,0,0,0,0,0,0
819126530,818999620,0.038613867,0.005253944,0.0045047062,1,0,0,0,0,0,0,0,0,0,0
820126219,819997615,0.04034513,0.0056629227,0.006500293,1,0,0,0,0,0,0,0,0,0,0
821135970,821004618,0.044071697,4.0604855e-06,0.008089406,1,0,0,0,0,0,0,0,0,0,0
822115692,821984856,0.04503376,0.0006111149,0.009756856,1,0,0,0,0,0,0,0,0,0,0
823125493,822994611,0.051490158,0.0072266473,0.012150861,1,0,0,0,0,0,0,0,0,0,0
824125336,824000614,0.05467185,0.002524173,0.009320366,1,0,0,0,0,0,0,0,0,0,0
825125092,824999863,0.05887531,0.01163444,0.009874995,1,0,0,0,0,0,0,0,0,0,0
826124891,825998616,0.07331149,0.023949374,0.008022884,1,0,0,0,0,0,0,0,0,0,0
827124664,826993673,0.06562206,0.025994645,0.01184675,1,0,0,0,0,0,0,0,0,0,0
828134533,828008615,0.06426686,0.03700563,0.014185037,1,0,0,0,0,0,0,0,0,0,0
829134318,829003624,nan,nan,nan,1,0,0,0,0,0,0,0,0,0,0
830124114,829997614,nan,nan,nan,1,0,0,0,0,0,0,0,0,0,0
831143927,831014817,nan,nan,nan,1,0,0,0,0,0,0,0,0,0,0
832133743,832002722,0.029125731,0.039944224,0.0068431334,1,0,0,0,0,0,0,0,0,0,0
833123493,832997615,0.046279892,0.058792897,0.009215718,1,0,0,0,0,0,0,0,0,0,0
834123307,833989616,0.04525469,0.07114172,0.009557348,1,0,0,0,0,0,0,0,0,0,0
835123130,834990615,0.04631601,0.08772549,0.0032901536,1,0,0,0,0,0,0,0,0,0,0
836122847,835988632,nan,nan,nan,1,0,0,0,0,0,0,0,0,0,0
837132704,837004755,nan,nan,nan,1,0,0,0,0,0,0,0,0,0,0
838132449,838004618,nan,nan,nan,1,0,0,0,0,0,0,0,0,0,0
839172296,839043613,nan,nan,nan,1,0,0,0,0,0,0,0,0,0,0
840162038,840030620,nan,nan,nan,1,0,0,0,0,0,0,0,0,0,0
841171772,841038615,nan,nan,nan,1,0,0,0,0,0,0,0,0,0,0
842161626,842028614,nan,nan,nan,1,0,0,0,0,0,0,0,0,0,0
843151442,843023617,nan,nan,nan,1,0,0,0,0,0,0,0,0,0,0
844161329,844035617,nan,nan,nan,1,0,0,0,0,0,0,0,0,0,0
845160998,845034619,0.014279361,0.019277327,0.0060390583,1,0,0,0,0,0,0,0,0,0,0
846160794,846033623,0.02677404,0.08894062,0.0032998298,1,0,0,0,0,0,0,0,0,0,0
847160600,847034755,0.02534238,0.08173586,0.00738701,1,0,0,0,0,0,0,0,0,0,0
848170344,848037613,0.033988494,0.07012369,0.005504103,1,0,0,0,0,0,0,0,0,0,0
849150229,849023616,0.012749683,0.07282371,0.023246886,1,0,0,0,0,0,0,0,0,0,0
850169901,850039615,nan,nan,nan,1,0,0,0,0,0,0,0,0,0,0
851159773,851031632,nan,nan,nan,1,0,0,0,0,0,0,0,0,0,0
852169602,852041616,0.0024650006,0.0007999801,0.0056590843,1,0,0,0,0,0,0,0,0,0,0
853159510,853033617,0.010987854,0.025153141,0.0075309724,1,0,0,0,0,0,0,0,0,0,0
854159200,854032617,nan,nan,nan,1,0,0,0,0,0,0,0,0,0,0
855158910,855030027,nan,nan,nan,1,0,0,0,0,0,0,0,0,0,0
856151184,856023611,nan,nan,nan,1,0,0,0,0,0,0,0,0,0,0
857158486,857032791,0.021672048,0.00017009731,0.023042532,1,0,0,0,0,0,0,0,0,0,0
858178371,858048614,0.004513381,0.041879382,0.002068295,1,0,0,0,0,0,0,0,0,0,0
859168067,859033613,0.020773632,0.05752326,0.0019244646,1,0,0,0,0,0,0,0,0,0,0
860167792,860039612,0.018455593,0.03738383,0.011472838,1,0,0,0,0,0,0,0,0,0,0
861167718,861037619,0.03903528,4.448936e-05,0.010893063,1,0,0,0,0,0,0,0,0,0,0
862157381,862032612,0.048358,0.00074943074,0.005059364,1,0,0,0,0,0,0,0,0,0,0
863177204,863044614,0.06322314,0.018085426,0.00409005,1,0,0,0,0,0,0,0,0,0,0
864166999,864039613,0.07761884,0.0039918753,0.0027968187,1,0,0,0,0,0,0,0,0,0,0
865196696,865048636,0.06688382,0.012122426,0.007587061,1,0,0,0,0,0,0,0,0,0,0
866166508,866039612,0.049609635,0.043148816,0.008310285,1,0,0,0,0,0,0,0,0,0,0
867176448,867045843,nan,nan,nan,1,0,0,0,0,0,0,0,0,0,0
868176290,868041613,nan,nan,nan,1,0,0,0,0,0,0,0,0,0,0
869165853,869037614,nan,nan,nan,1,0,0,0,0,0,0,0,0,0,0
870165835,870039620,nan,nan,nan,1,0,0,0,0,0,0,0,0,0,0
871175425,871047616,nan,nan,nan,1,0,0,0,0,0,0,0,0,0,0
872175243,872046613,nan,nan,nan,1,0,0,0,0,0,0,0,0,0,0
873175065,873046613,nan,nan,nan,1,0,0,0,0,0,0,0,0,0,0
874174826,874044615,nan,nan,nan,1,0,0,0,0,0,0,0,0,0,0
875164528,875034618,nan,nan,nan,1,0,0,0,0,0,0,0,0,0,0
876194346,876057613,0.0016433332,0.0024000197,0.0006513089,1,0,0,0,0,0,0,0,0,0,0
877194202,877049047,0.012549101,0.024751866,0.00132824,1,0,0,0,0,0,0,0,0,0,0
878174085,878043615,nan,nan,nan,1,0,0,0,0,0,0,0,0,0,0
879163677,879037153,0.0024015983,0.0051580956,0.004385203,1,0,0,0,0,0,0,0,0,0,0
880173497,880041618,0.009466663,0.019626705,0.009157166,1,0,0,0,0,0,0,0,0,0,0
881173314,881045612,nan,nan,nan,1,0,0,0,0,0,0,0,0,0,0
882193033,882048617,0.015255561,0.008800005,0.0034902946,1,0,0,0,0,0,0,0,0,0,0
883175465,883045612,nan,nan,nan,1,0,0,0,0,0,0,0,0,0,0
884172585,884045797,0.0039683627,0.0014999916,0.0023479816,1,0,0,0,0,0,0,0,0,0,0
885172376,885041618,0.028943019,0.018181458,0.001289875,1,0,0,0,0,0,0,0,0,0,0
886162266,886031684,0.049421106,0.019485256,0.026841918,1,0,0,0,0,0,0,0,0,0,0
887162101,887031770,0.047361244,0.008154371,0.023326589,1,0,0,0,0,0,0,0,0,0,0
888151887,888025616,0.044839267,0.015815979,0.021874532,1,0,0,0,0,0,0,0,0,0,0
889161505,889034779,0.03088084,0.033889752,0.006820468,1,0,0,0,0,0,0,0,0,0,0
890171242,890041616,0.033480518,0.04555011,0.0014850111,1,0,0,0,0,0,0,0,0,0,0
891161097,891035809,0.038729623,0.08049799,0.0045526912,1,0,0,0,0,0,0,0,0,0,0
892170993,892037613,nan,nan,nan,1,0,0,0,0,0,0,0,0,0,0
893170604,893038613,nan,nan,nan,1,0,0,0,0,0,0,0,0,0,0
894190365,894051611,nan,nan,nan,1,0,0,0,0,0,0,0,0,0,0
895180271,895046616,0.013033039,0.0007028523,0.0068288897,1,0,0,0,0,0,0,0,0,0,0
896189968,896054805,0.0145320995,0.025622876,0.010781744,1,0,0,0,0,0,0,0,0,0,0
897179946,897045617,0.020739485,0.048708126,0.010226457,1,0,0,0,0,0,0,0,0,0,0
898189648,898051617,0.03345354,0.05132005,0.006046898,1,0,0,0,0,0,0,0,0,0,0
899189348,899047633,nan,nan,nan,1,0,0,0,0,0,0,0,0,0,0
900169040,900043797,0.008449101,0.0015999819,0.01787955,1,0,0,0,0,0,0,0,0,0,0
901138827,901012619,0.021039825,0.017371215,0.01827587,1,0,0,0,0,0,0,0,0,0,0
902168669,902035614,0.026109498,0.020898325,0.017566832,1,0,0,0,0,0,0,0,0,0,0
903158361,903028614,0.024273425,0.03038328,0.009085287,1,0,0,0,0,0,0,0,0,0,0
904168185,904034630,0.02280029,0.014726457,0.009020894,1,0,0,0,0,0,0,0,0,0,0
905157926,905026628,0.018609874,0.009539291,0.008933316,1,0,0,0,0,0,0,0,0,0,0
906147858,906017621,0.008100377,0.009421762,0.0077474187,1,0,0,0,0,0,0,0,0,0,0
907157629,907029616,0.0041064443,0.016205203,0.0072144694,1,0,0,0,0,0,0,0,0,0,0
908177240,908044616,0.011904914,0.0019962434,0.010551324,1,0,0,0,0,0,0,0,0,0,0
909157083,909031790,0.03855232,0.028116262,0.010149982,1,0,0,0,0,0,0,0,0,0,0
910156884,910023614,0.027659943,0.053009655,0.022563243,1,0,0,0,0,0,0,0,0,0,0
911146658,911013800,0.025003409,0.08777915,0.022634394,1,0,0,0,0,0,0,0,0,0,0
912136446,912007617,0.019615319,0.08999417,0.024142744,1,0,0,0,0,0,0,0,0,0,0
913096180,912966616,0.023094907,0.112319835,0.02386908,1,0,0,0,0,0,0,0,0,0,0
914105978,913971616,0.012540361,0.10076274,0.022669747,1,0,0,0,0,0,0,0,0,0,0
915105777,914979615,0.01815944,0.089766614,0.028518695,1,0,0,0,0,0,0,0,0,0,0
916095579,915970616,0.014179953,0.09554619,0.027022539,1,0,0,0,0,0,0,0,0,0,0
917115323,916981614,0.017210262,0.09008877,0.026490856,1,0,0,0,0,0,0,0,0,0,0
918105026,917971614,nan,nan,nan,1,0,0,0,0,0,0,0,0,0,0
919114848,918987610,nan,nan,nan,1,0,0,0,0,0,0,0,0,0,0
920164595,920031612,0.009363254,0.01639122,0.012337279,1,0,0,0,0,0,0,0,0,0,0
921166995,921033617,0.011475813,0.050132465,0.010688397,1,0,0,0,0,0,0,0,0,0,0
922104160,921975617,0.052639168,0.092673846,0.01790167,1,0,0,0,0,0,0,0,0,0,0
923153954,923021618,0.049119197,0.11503534,0.019487761,1,0,0,0,0,0,0,0,0,0,0
924153709,924025623,0.060527932,0.12017215,0.027631609,1,0,0,0,0,0,0,0,0,0,0
925163529,925036615,0.03148803,0.12314673,0.0025875084,1,0,0,0,0,0,0,0,0,0,0
926153412,926027617,0.03430233,0.09945226,0.010484046,1,0,0,0,0,0,0,0,0,0,0
927143195,927016617,0.040135037,0.06752724,0.02366984,1,0,0,0,0,0,0,0,0,0,0
928162819,928028814,0.0673136,0.0403467,0.03035968,1,0,0,0,0,0,0,0,0,0,0
929192648,929050622,0.070672385,0.00808041,0.035436317,1,0,0,0,0,0,0,0,0,0,0
930172412,930041622,0.07881735,0.008535801,0.04509596,1,0,0,0,0,0,0,0,0,0,0
931162306,931034616,0.07865767,0.04379166,0.041570533,1,0,0,0,0,0,0,0,0,0,0
932172175,932043614,0.058565337,0.064944595,0.034999847,1,0,0,0,0,0,0,0,0,0,0
933171673,933041613,0.039845597,0.093497105,0.031861443,1,0,0,0,0,0,0,0,0,0,0
934171486,934044613,0.018780403,0.11013509,0.02926508,1,0,0,0,0,0,0,0,0,0,0
935171294,935039617,0.015399415,0.1015152,0.026756214,1,0,0,0,0,0,0,0,0,0,0
936161165,936028854,nan,nan,nan,1,0,0,0,0,0,0,0,0,0,0
937170898,937036617,0.0027041927,0.008200018,0.0028163097,1,0,0,0,0,0,0,0,0,0,0
938160616,938028627,0.0031670951,0.014951129,0.0028009699,1,0,0,0,0,0,0,0,0,0,0
939160381,939026783,nan,nan,nan,1,0,0,0,0,0,0,0,0,0,0
940150125,940019995,0.011991838,7.565837e-05,0.008637296,1,0,0,0,0,0,0,0,0,0,0
941160030,941026611,0.01916466,0.00021049968,0.013437828,1,0,0,0,0,0,0,0,0,0,0
942149693,942021618,0.014341879,0.0017921639,0.01165887,1,0,0,0,0,0,0,0,0,0,0
943164492,943033611,0.011139315,0.0027548838,0.010745658,1,0,0,0,0,0,0,0,0,0,0
944159270,944029617,0.018677037,0.00688976,0.0057287207,1,0,0,0,0,0,0,0,0,0,0
945169027,945034617,0.016844153,0.0023243222,0.007836904,1,0,0,0,0,0,0,0,0,0,0
946168878,946040616,0.014248836,0.00076495024,0.007803663,1,0,0,0,0,0,0,0,0,0,0
947168548,947035617,0.010474089,0.035780717,0.013952001,1,0,0,0,0,0,0,0,0,0,0
948188350,948048615,0.025710436,0.02803729,0.014310662,1,0,0,0,0,0,0,0,0,0,0
949158128,949031614,0.035818577,0.024515463,0.009523947,1,0,0,0,0,0,0,0,0,0,0
950167964,950036636,0.04025075,0.002371421,0.012096565,1,0,0,0,0,0,0,0,0,0,0
951177749,951044613,0.046455536,0.016541919,0.016706245,1,0,0,0,0,0,0,0,0,0,0
952167457,952042614,0.05167731,0.03416152,0.013658529,1,0,0,0,0,0,0,0,0,0,0
953167231,953038619,0.0654931,0.068813585,0.014564245,1,0,0,0,0,0,0,0,0,0,0
954157047,954027618,0.07160431,0.089132875,0.008189713,1,0,0,0,0,0,0,0,0,0,0
955176939,955042615,0.080775,0.10003514,0.007935221,1,0,0,0,0,0,0,0,0,0,0
956156684,956030615,0.08085295,0.11290127,0.008319903,1,0,0,0,0,0,0,0,0,0,0
957156383,957030617,0.07591377,0.1150365,0.0062392512,1,0,0,0,0,0,0,0,0,0,0
958166105,958032614,0.065655254,0.10744799,0.004244443,1,0,0,0,0,0,0,0,0,0,0
959165940,959033613,0.059391093,0.10631353,0.0040417225,1,0,0,0,0,0,0,0,0,0,0
960155782,960027877,0.041417744,0.084358655,0.010059886,1,0,0,0,0,0,0,0,0,0,0
961175626,961042634,0.017527398,0.059195925,0.012360574,1,0,0,0,0,0,0,0,0,0,0
962175246,962044619,0.015436123,0.045542073,0.008635089,1,0,0,0,0,0,0,0,0,0,0
963167530,963034619,0.024298457,0.06466889,0.0022497498,1,0,0,0,0,0,0,0,0,0,0
964174793,964043619,0.026649054,0.07412758,0.004971396,1,0,0,0,0,0,0,0,0,0,0
965164718,965034618,0.019084595,0.07269838,0.005978797,1,0,0,0,0,0,0,0,0,0,0
966144536,966015617,0.016975028,0.060896084,0.004874914,1,0,0,0,0,0,0,0,0,0,0
967174125,967042616,0.0192328,0.052233923,0.006864137,1,0,0,0,0,0,0,0,0,0,0
968173915,968041615,0.025550872,0.051580943,0.009827265,1,0,0,0,0,0,0,0,0,0,0
969163798,969037614,0.019696333,0.050190225,0.008980335,1,0,0,0,0,0,0,0,0,0,0
970163613,970030766,0.01926013,0.05206533,0.007415202,1,0,0,0,0,0,0,0,0,0,0
971163424,971031615,0.02608426,0.06655202,0.010815265,1,0,0,0,0,0,0,0,0,0,0
972173076,972041628,0.024239805,0.05712979,0.0052072224,1,0,0,0,0,0,0,0,0,0,0
973162894,973033610,0.039126128,0.07663655,0.00663054,1,0,0,0,0,0,0,0,0,0,0
974162581,974032617,0.03521714,0.07445565,0.008040847,1,0,0,0,0,0,0,0,0,0,0
975172578,975042617,0.038121838,0.08941185,0.014567406,1,0,0,0,0,0,0,0,0,0,0
976192301,976046956,0.03441856,0.10300836,0.0136614805,1,0,0,0,0,0,0,0,0,0,0
977194418,977046840,0.035262868,0.11707411,0.016396033,1,0,0,0,0,0,0,0,0,0,0
978191721,978047627,0.029096805,0.117413424,0.017348906,1,0,0,0,0,0,0,0,0,0,0
979171590,979037615,0.029002387,0.12219181,0.016900424,1,0,0,0,0,0,0,0,0,0,0
980121386,979989626,0.033461116,0.12593251,0.010902713,1,0,0,0,0,0,0,0,0,0,0
981121191,980990614,0.035630733,0.123930454,0.011332873,1,0,0,0,0,0,0,0,0,0,0
982120863,981994614,0.04091871,0.12952346,0.010449375,1,0,0,0,0,0,0,0,0,0,0
983120628,982989714,0.043250997,0.1314875,0.012053073,1,0,0,0,0,0,0,0,0,0,0
984110564,983981613,0.042519867,0.13701178,0.017672388,1,0,0,0,0,0,0,0,0,0,0
985130295,984998058,0.047877334,0.12112496,0.022981912,1,0,0,0,0,0,0,0,0,0,0
986120124,985992619,0.051359616,0.091895334,0.019548211,1,0,0,0,0,0,0,0,0,0,0
987189868,987049618,0.05154217,0.074835256,0.01535876,1,0,0,0,0,0,0,0,0,0,0
988199622,988068622,0.05376452,0.06395594,0.012648103,1,0,0,0,0,0,0,0,0,0,0
988999409,988867617,0.047591325,0.057409093,0.013892856,1,0,0,0,0,0,0,0,0,0,0
990189165,990050621,0.052568406,0.047868617,0.011310181,1,0,0,0,0,0,0,0,0,0,0
991199005,991061732,0.05074419,0.035831526,0.010748439,1,0,0,0,0,0,0,0,0,0,0
991998710,991869613,0.04951476,0.03091017,0.009821791,1,0,0,0,0,0,0,0,0,0,0
993188498,993052614,0.050545253,0.021807317,0.0071584466,1,0,0,0,0,0,0,0,0,0,0
994198278,994073613,0.042250942,0.022918455,0.0074396348,1,0,0,0,0,0,0,0,0,0,0
995008051,994874611,0.0443327,0.014642193,0.010739795,1,0,0,0,0,0,0,0,0,0,0
996187816,996053614,0.05524117,0.0059902724,0.00763809,1,0,0,0,0,0,0,0,0,0,0
997167582,997041614,0.06867417,0.10398733,0.005519728,1,0,0,0,0,0,0,0,0,0,0
998127351,997997087,0.120350145,0.23684719,0.0045398944,1,0,0,0,0,0,0,0,0,0,0
999117288,998986699,0.14503159,0.26431963,0.0068772607,1,0,0,0,0,0,0,0,0,0,0
1000136997,1000004668,0.15662068,0.27373984,0.006351211,1,0,0,0,0,0,0,0,0,0,0
1001136796,1001005618,0.1716076,0.2730688,0.00288243,1,0,0,0,0,0,0,0,0,0,0
1002116636,1001991632,0.18945499,0.2746236,0.0033382645,1,0,0,0,0,0,0,0,0,0,0
1003116416,1002989617,0.19726977,0.26964393,0.0027366865,1,0,0,0,0,0,0,0,0,0,0
1004126317,1003999617,0.1851309,0.26534972,0.0010500418,1,0,0,0,0,0,0,0,0,0,0
1005115992,1004988739,0.15850675,0.25769645,0.002989254,1,0,0,0,0,0,0,0,0,0,0
1006115708,1005990618,0.14285128,0.24566986,0.0032468536,1,0,0,0,0,0,0,0,0,0,0
1007125591,1006999617,0.13551365,0.23707402,0.0010821482,1,0,0,0,0,0,0,0,0,0,0
1008115226,1007988616,0.1326048,0.22039416,0.003059418,1,0,0,0,0,0,0,0,0,0,0
1009115112,1008985615,0.113254726,0.19595325,0.004394759,1,0,0,0,0,0,0,0,0,0,0
1010134872,1010006616,0.09398916,0.17611912,0.0017959955,1,0,0,0,0,0,0,0,0,0,0
1011114603,1010988614,0.074188925,0.1409941,0.0073836464,1,0,0,0,0,0,0,0,0,0,0
1012124417,1011998615,0.063737534,0.119980894,0.007481374,1,0,0,0,0,0,0,0,0,0,0
1013124186,1012993697,0.049287893,0.09792441,0.0032569957,1,0,0,0,0,0,0,0,0,0,0
1014123999,1013993612,0.047622476,0.09124075,0.0027698337,1,0,0,0,0,0,0,0,0,0,0
1015133766,1015001614,0.046955835,0.06986121,0.0034842787,1,0,0,0,0,0,0,0,0,0,0
1016123536,1015992619,0.05259007,0.051305015,0.007019132,1,0,0,0,0,0,0,0,0,0,0
1017123314,1016990614,0.0713508,0.033683423,0.007678446,1,0,0,0,0,0,0,0,0,0,0
1018123131,1017988631,0.08424169,0.029226324,0.006582707,1,0,0,0,0,0,0,0,0,0,0
1019122965,1018992614,0.08244267,0.037493642,0.00991172,1,0,0,0,0,0,0,0,0,0,0
1020112644,1019986612,0.074257284,0.0303065,0.011976983,1,0,0,0,0,0,0,0,0,0,0
1021122423,1020995617,0.08230334,0.01648988,0.020057425,1,0,0,0,0,0,0,0,0,0,0
1022122198,1021988759,0.087932736,0.00019353622,0.012050619,1,0,0,0,0,0,0,0,0,0,0
1023122002,1022988612,0.08239525,0.0095392885,0.0147633115,1,0,0,0,0,0,0,0,0,0,0
1024121938,1023993612,0.08240265,0.018414794,0.0076853316,1,0,0,0,0,0,0,0,0,0,0
1025131624,1024997613,nan,nan,nan,1,0,0,0,0,0,0,0,0,0,0
1026121349,1025987614,0.0052920966,0.0003999921,0.0021544595,1,0,0,0,0,0,0,0,0,0,0
1027131126,1026997727,0.022243317,0.018074574,0.0037111843,1,0,0,0,0,0,0,0,0,0,0
1028130943,1027997620,0.021359954,0.0146105215,0.0075742807,1,0,0,0,0,0,0,0,0,0,0
1029110800,1028985616,0.028922979,0.026433928,0.0049986537,1,0,0,0,0,0,0,0,0,0,0
1030130568,1029998688,0.041199047,0.032398973,0.005221306,1,0,0,0,0,0,0,0,0,0,0
1031120290,1030986636,nan,nan,nan,1,0,0,0,0,0,0,0,0,0,0
1032120147,1031988616,nan,nan,nan,1,0,0,0,0,0,0,0,0,0,0
1033100033,1032972617,nan,nan,nan,1,0,0,0,0,0,0,0,0,0,0
1034119755,1033987769,nan,nan,nan,1,0,0,0,0,0,0,0,0,0,0
1035109461,1034976615,nan,nan,nan,1,0,0,0,0,0,0,0,0,0,0
1036109313,1035983617,nan,nan,nan,1,0,0,0,0,0,0,0,0,0,0
1037119135,1036990768,nan,nan,nan,1,0,0,0,0,0,0,0,0,0,0
1038108995,1037983804,nan,nan,nan,1,0,0,0,0,0,0,0,0,0,0
1039108612,1038983619,nan,nan,nan,1,0,0,0,0,0,0,0,0,0,0
1040118425,1039986731,nan,nan,nan,1,0,0,0,0,0,0,0,0,0,0
1041118223,1040986634,nan,nan,nan,1,0,0,0,0,0,0,0,0,0,0
1042127942,1041994765,nan,nan,nan,1,0,0,0,0,0,0,0,0,0,0
1043117935,1042986613,nan,nan,nan,1,0,0,0,0,0,0,0,0,0,0
1044107746,1043978615,nan,nan,nan,1,0,0,0,0,0,0,0,0,0,0
1045117315,1044983615,nan,nan,nan,1,0,0,0,0,0,0,0,0,0,0
1046117263,1045985615,nan,nan,nan,1,0,0,0,0,0,0,0,0,0,0
1047106942,1046979615,nan,nan,nan,1,0,0,0,0,0,0,0,0,0,0
1048156842,1048025615,nan,nan,nan,1,0,0,0,0,0,0,0,0,0,0
1049166599,1049033617,nan,nan,nan,1,0,0,0,0,0,0,0,0,0,0
1050201297,1050067623,nan,nan,nan,1,0,0,0,0,0,0,0,0,0,0
1051196107,1051057629,nan,nan,nan,1,0,0,0,0,0,0,0,0,0,0
1052205849,1052076612,nan,nan,nan,1,0,0,0,0,0,0,0,0,0,0
1053165755,1053040783,nan,nan,nan,1,0,0,0,0,0,0,0,0,0,0
1054165611,1054035753,nan,nan,nan,1,0,0,0,0,0,0,0,0,0,0
1055165280,1055036636,nan,nan,nan,1,0,0,0,0,0,0,0,0,0,0
1056105093,1055978614,nan,nan,nan,1,0,0,0,0,0,0,0,0,0,0
1057104955,1056974614,nan,nan,nan,1,0,0,0,0,0,0,0,0,0,0
1058174832,1058040616,nan,nan,nan,1,0,0,0,0,0,0,0,0,0,0
1059204551,1059067626,nan,nan,nan,1,0,0,0,0,0,0,0,0,0,0
1060204186,1060066623,nan,nan,nan,1,0,0,0,0,0,0,0,0,0,0
1061173978,1061039612,nan,nan,nan,1,0,0,0,0,0,0,0,0,0,0
1062183900,1062050649,nan,nan,nan,1,0,0,0,0,0,0,0,0,0,0
1063183807,1063042615,nan,nan,nan,1,0,0,0,0,0,0,0,0,0,0
1064183386,1064046622,nan,nan,nan,1,0,0,0,0,0,0,0,0,0,0
1065203233,1065066636,nan,nan,nan,1,0,0,0,0,0,0,0,0,0,0
1066193008,1066050617,nan,nan,nan,1,0,0,0,0,0,0,0,0,0,0
1067112966,1066985619,nan,nan,nan,1,0,0,0,0,0,0,0,0,0,0
1068122636,1067991612,nan,nan,nan,1,0,0,0,0,0,0,0,0,0,0
1069112365,1068986619,nan,nan,nan,1,0,0,0,0,0,0,0,0,0,0
1070122147,1069991694,nan,nan,nan,1,0,0,0,0,0,0,0,0,0,0
1071122098,1070994077,nan,nan,nan,1,0,0,0,0,0,0,0,0,0,0
1072121969,1071995618,nan,nan,nan,1,0,0,0,0,0,0,0,0,0,0
1073131680,1073002623,nan,nan,nan,1,0,0,0,0,0,0,0,0,0,0
1074121368,1073993617,nan,nan,nan,1,0,0,0,0,0,0,0,0,0,0
1075131182,1074998613,nan,nan,nan,1,0,0,0,0,0,0,0,0,0,0
1076120952,1075995713,nan,nan,nan,1,0,0,0,0,0,0,0,0,0,0
1077120969,1076994615,nan,nan,nan,1,0,0,0,0,0,0,0,0,0,0
1078120559,1077994633,nan,nan,nan,1,0,0,0,0,0,0,0,0,0,0
1079120458,1078995613,nan,nan,nan,1,0,0,0,0,0,0,0,0,0,0
1080130134,1079996615,nan,nan,nan,1,0,0,0,0,0,0,0,0,0,0
1081130024,1080999618,nan,nan,nan,1,0,0,0,0,0,0,0,0,0,0
1082119849,1081993617,nan,nan,nan,1,0,0,0,0,0,0,0,0,0,0
1083109793,1082984614,nan,nan,nan,1,0,0,0,0,0,0,0,0,0,0
1084119391,1083991621,nan,nan,nan,1,0,0,0,0,0,0,0,0,0,0
1085119223,1084993988,nan,nan,nan,1,0,0,0,0,0,0,0,0,0,0
1086118967,1085986611,nan,nan,nan,1,0,0,0,0,0,0,0,0,0,0
1087118847,1086985615,nan,nan,nan,1,0,0,0,0,0,0,0,0,0,0
1088118622,1087992616,nan,nan,nan,1,0,0,0,0,0,0,0,0,0,0
1089128420,1088994618,nan,nan,nan,1,0,0,0,0,0,0,0,0,0,0
1090118161,1089987615,nan,nan,nan,1,0,0,0,0,0,0,0,0,0,0
1091117997,1090985629,nan,nan,nan,1,0,0,0,0,0,0,0,0,0,0
1092117862,1091983617,nan,nan,nan,1,0,0,0,0,0,0,0,0,0,0
1093117655,1092983618,nan,nan,nan,1,0,0,0,0,0,0,0,0,0,0
1094117465,1093990613,nan,nan,nan,1,0,0,0,0,0,0,0,0,0,0
1095117260,1094992616,nan,nan,nan,1,0,0,0,0,0,0,0,0,0,0
1096107171,1095977078,nan,nan,nan,1,0,0,0,0,0,0,0,0,0,0
1097116960,1096988614,nan,nan,nan,1,0,0,0,0,0,0,0,0,0,0
1098106674,1097981617,nan,nan,nan,1,0,0,0,0,0,0,0,0,0,0
1099126429,1098992920,nan,nan,nan,1,0,0,0,0,0,0,0,0,0,0
1100116363,1099990614,nan,nan,nan,1,0,0,0,0,0,0,0,0,0,0
1101116266,1100988622,nan,nan,nan,1,0,0,0,0,0,0,0,0,0,0
1102116001,1101985613,nan,nan,nan,1,0,0,0,0,0,0,0,0,0,0
1103115763,1102988631,nan,nan,nan,1,0,0,0,0,0,0,0,0,0,0
1104115563,1103989718,nan,nan,nan,1,0,0,0,0,0,0,0,0,0,0
1105115363,1104987614,nan,nan,nan,1,0,0,0,0,0,0,0,0,0,0
1106115396,1105987616,nan,nan,nan,1,0,0,0,0,0,0,0,0,0,0
1107115023,1106987827,nan,nan,nan,1,0,0,0,0,0,0,0,0,0,0
1108114845,1107984616,nan,nan,nan,1,0,0,0,0,0,0,0,0,0,0
1109124549,1108990620,nan,nan,nan,1,0,0,0,0,0,0,0,0,0,0
1109984492,1109855615,nan,nan,nan,1,0,0,0,0,0,0,0,0,0,0
1111124308,1110994614,nan,nan,nan,1,0,0,0,0,0,0,0,0,0,0
1112114088,1111984616,nan,nan,nan,1,0,0,0,0,0,0,0,0,0,0
1113113852,1112985612,nan,nan,nan,1,0,0,0,0,0,0,0,0,0,0
1114123736,1113991617,nan,nan,nan,1,0,0,0,0,0,0,0,0,0,0
1115113500,1114980614,nan,nan,nan,1,0,0,0,0,0,0,0,0,0,0
1116113314,1115981615,nan,nan,nan,1,0,0,0,0,0,0,0,0,0,0
1117113083,1116985620,nan,nan,nan,1,0,0,0,0,0,0,0,0,0,0
1118112969,1117981617,nan,nan,nan,1,0,0,0,0,0,0,0,0,0,0
1119102741,1118976613,nan,nan,nan,1,0,0,0,0,0,0,0,0,0,0
1120102818,1119976617,nan,nan,nan,0,0,0,0,0,0,1,0,0,0,0
1121102547,1120969615,nan,nan,nan,0,0,0,0,0,0,0,0,0,0,0
1122092202,1121965831,nan,nan,nan,0,0,0,0,0,0,0,0,0,0,0
1123092027,1122965622,nan,nan,nan,0,0,0,0,0,0,0,0,0,0,0
1124091913,1123959613,nan,nan,nan,0,0,0,0,0,0,0,0,0,0,0
1125081790,1124955615,nan,nan,nan,0,0,0,0,0,0,0,0,0,0,0
1126081488,1125948612,nan,nan,nan,0,0,0,0,0,0,0,0,0,0,0
1127081368,1126954827,nan,nan,nan,0,0,0,0,0,0,0,0,0,0,0
1128081209,1127955899,nan,nan,nan,0,0,0,0,0,0,0,0,0,0,0
1129080984,1128953617,nan,nan,nan,0,0,0,0,0,0,0,0,0,0,0
1130080954,1129951616,nan,nan,nan,0,0,0,0,0,0,0,0,0,0,0
1131090581,1130960614,nan,nan,nan,1,0,0,0,0,0,0,0,0,0,0
1132090389,1131958623,nan,nan,nan,1,0,0,0,0,0,0,0,0,0,0
1133090312,1132958621,nan,nan,nan,0,0,0,0,0,0,0,0,0,0,0
1134100085,1133973612,nan,nan,nan,0,0,0,0,0,0,0,0,0,0,0
1135089898,1134959613,nan,nan,nan,0,0,0,0,0,0,0,0,0,0,0
1136099665,1135967645,nan,nan,nan,0,0,0,0,0,0,0,0,0,0,0
1137089499,1136963614,nan,nan,nan,0,0,0,0,0,0,0,0,0,0,0
1138099373,1137966618,nan,nan,nan,0,0,0,0,0,0,0,0,0,0,0
1139099476,1138971617,nan,nan,nan,0,0,0,0,0,0,0,0,0,0,0
1140099254,1139968652,nan,nan,nan,0,0,0,0,0,0,0,0,0,0,0
1141098920,1140968630,nan,nan,nan,0,0,0,0,0,0,0,0,0,0,0
1142088779,1141961618,nan,nan,nan,0,0,0,0,0,0,0,0,0,0,0
1143098668,1142971616,nan,nan,nan,1,0,0,0,0,0,0,0,0,0,0
1144098501,1143971616,nan,nan,nan,1,0,0,0,0,0,0,0,0,0,0
1145098354,1144965614,nan,nan,nan,1,0,0,0,0,0,0,0,0,0,0
1146098155,1145966617,nan,nan,nan,1,0,0,0,0,0,0,0,0,0,0
1147097954,1146967618,nan,nan,nan,1,0,0,0,0,0,0,0,0,0,0
1148087778,1147960615,nan,nan,nan,1,0,0,0,0,0,0,0,0,0,0
1149097695,1148966614,nan,nan,nan,1,0,0,0,0,0,0,0,0,0,0
1150097340,1149963612,nan,nan,nan,1,0,0,0,0,0,0,0,0,0,0
1151107172,1150973620,nan,nan,nan,1,0,0,0,0,0,0,0,0,0,0
1152087167,1151952617,nan,nan,nan,1,0,0,0,0,0,0,0,0,0,0
1153086985,1152954615,nan,nan,nan,1,0,0,0,0,0,0,0,0,0,0
1154096812,1153966630,nan,nan,nan,1,0,0,0,0,0,0,0,0,0,0
1155096578,1154966611,nan,nan,nan,1,0,0,0,0,0,0,0,0,0,0
1156086489,1155959615,nan,nan,nan,1,0,0,0,0,0,0,0,0,0,0
1157096395,1156967622,nan,nan,nan,1,0,0,0,0,0,0,0,0,0,0
1158086367,1157955615,nan,nan,nan,1,0,0,0,0,0,0,0,0,0,0
1159096222,1158962613,nan,nan,nan,1,0,0,0,0,0,0,0,0,0,0
1160095875,1159963617,nan,nan,nan,1,0,0,0,0,0,0,0,0,0,0
1161095738,1160964902,nan,nan,nan,1,0,0,0,0,0,0,0,0,0,0
1162095524,1161965614,nan,nan,nan,1,0,0,0,0,0,0,0,0,0,0
1163085512,1162960612,nan,nan,nan,1,0,0,0,0,0,0,0,0,0,0
1164085242,1163957619,nan,nan,nan,1,0,0,0,0,0,0,0,0,0,0
1165085121,1164955624,nan,nan,nan,1,0,0,0,0,0,0,0,0,0,0
1166084921,1165954617,nan,nan,nan,1,0,0,0,0,0,0,0,0,0,0
1167094724,1166962616,nan,nan,nan,1,0,0,0,0,0,0,0,0,0,0
1168094613,1167962614,nan,nan,nan,1,0,0,0,0,0,0,0,0,0,0
1169094442,1168969613,nan,nan,nan,1,0,0,0,0,0,0,0,0,0,0
1170084319,1169954617,nan,nan,nan,1,0,0,0,0,0,0,0,0,0,0
1171104179,1170974618,nan,nan,nan,1,0,0,0,0,0,0,0,0,0,0
1172086623,1171959155,nan,nan,nan,1,0,0,0,0,0,0,0,0,0,0
1173093915,1172962615,nan,nan,nan,1,0,0,0,0,0,0,0,0,0,0
1174083671,1173956624,nan,nan,nan,1,0,0,0,0,0,0,0,0,0,0
1175093519,1174960614,nan,nan,nan,1,0,0,0,0,0,0,0,0,0,0
1176083383,1175958611,nan,nan,nan,1,0,0,0,0,0,0,0,0,0,0
1177093258,1176960832,nan,nan,nan,1,0,0,0,0,0,0,0,0,0,0
1178083035,1177950616,nan,nan,nan,1,0,0,0,0,0,0,0,0,0,0
1179092896,1178959616,nan,nan,nan,1,0,0,0,0,0,0,0,0,0,0
1180082787,1179955616,nan,nan,nan,1,0,0,0,0,0,0,0,0,0,0
1181082655,1180951615,nan,nan,nan,1,0,0,0,0,0,0,0,0,0,0
1182082545,1181954615,nan,nan,nan,1,0,0,0,0,0,0,0,0,0,0
1183082378,1182957614,nan,nan,nan,1,0,0,0,0,0,0,0,0,0,0
1184082086,1183954614,nan,nan,nan,1,0,0,0,0,0,0,0,0,0,0
1185081932,1184956778,nan,nan,nan,1,0,0,0,0,0,0,0,0,0,0
1186091869,1185963629,nan,nan,nan,1,0,0,0,0,0,0,0,0,0,0
1187091724,1186962617,nan,nan,nan,1,0,0,0,0,0,0,0,0,0,0
1188091450,1187961616,nan,nan,nan,1,0,0,0,0,0,0,0,0,0,0
1189081311,1188952712,nan,nan,nan,0,0,0,0,0,0,0,0,0,0,0
1190091108,1189957615,nan,nan,nan,0,0,0,0,0,0,0,0,0,0,0
1191081049,1190954617,nan,nan,nan,0,0,0,0,0,0,0,0,0,0,0
1192080968,1191954621,nan,nan,nan,0,0,0,0,0,0,0,0,0,0,0
1193080674,1192953616,nan,nan,nan,0,0,0,0,0,0,0,0,0,0,0
1194090638,1193964614,nan,nan,nan,0,0,0,0,0,0,0,0,0,0,0
1195090470,1194960615,nan,nan,nan,0,0,0,0,0,0,0,0,0,0,0
1196080486,1195954613,nan,nan,nan,0,0,0,0,0,0,0,0,0,0,0
1197090188,1196959621,nan,nan,nan,0,0,0,0,0,0,0,0,0,0,0
1198090126,1197963894,nan,nan,nan,0,0,0,0,0,0,0,0,0,0,0
1199079945,1198954694,nan,nan,nan,1,0,0,0,0,0,0,0,0,0,0
1200089780,1199958616,nan,nan,nan,1,0,0,0,0,0,0,0,0,0,0
1201099784,1200970616,nan,nan,nan,1,0,0,0,0,0,0,0,0,0,0
1202089480,1201957677,nan,nan,nan,1,0,0,0,0,0,0,0,0,0,0
1203089313,1202960930,nan,nan,nan,1,0,0,0,0,0,0,0,0,0,0
1204079256,1203951614,nan,nan,nan,1,0,0,0,0,0,0,0,0,0,0
1205089272,1204960615,nan,nan,nan,1,0,0,0,0,0,0,0,0,0,0
1206089038,1205955614,nan,nan,nan,1,0,0,0,0,0,0,0,0,0,0
1207078739,1206952616,nan,nan,nan,1,0,0,0,0,0,0,0,0,0,0
1208078578,1207946613,nan,nan,nan,1,0,0,0,0,0,0,0,0,0,0
1209088572,1208961613,nan,nan,nan,1,0,0,0,0,0,0,0,0,0,0
1210078464,1209949611,nan,nan,nan,1,0,0,0,0,0,0,0,0,0,0
1211088164,1210955611,nan,nan,nan,1,0,0,0,0,0,0,0,0,0,0
1212078015,1211952807,nan,nan,nan,1,0,0,0,0,0,0,0,0,0,0
1213077857,1212946612,nan,nan,nan,1,0,0,0,0,0,0,0,0,0,0
1214087807,1213960099,nan,nan,nan,1,0,0,0,0,0,0,0,0,0,0
1215087748,1214959611,nan,nan,nan,1,0,0,0,0,0,0,0,0,0,0
1216087432,1215957617,nan,nan,nan,1,0,0,0,0,0,0,0,0,0,0
1217077285,1216951617,nan,nan,nan,1,0,0,0,0,0,0,0,0,0,0
1218087206,1217954612,nan,nan,nan,1,0,0,0,0,0,0,0,0,0,0
1219087266,1218957123,nan,nan,nan,1,0,0,0,0,0,0,0,0,0,0
1220076875,1219951635,nan,nan,nan,1,0,0,0,0,0,0,0,0,0,0
1221096694,1220962638,nan,nan,nan,1,0,0,0,0,0,0,0,0,0,0
1222096605,1221962617,nan,nan,nan,1,0,0,0,0,0,0,0,0,0,0
1223076588,1222950618,nan,nan,nan,1,0,0,0,0,0,0,0,0,0,0
1224086401,1223959617,nan,nan,nan,1,0,0,0,0,0,0,0,0,0,0
1225091185,1224963623,nan,nan,nan,1,0,0,0,0,0,0,0,0,0,0
1226086026,1225956618,nan,nan,nan,1,0,0,0,0,0,0,0,0,0,0
1227095858,1226962618,nan,nan,nan,1,0,0,0,0,0,0,0,0,0,0
1228085779,1227953618,nan,nan,nan,1,0,0,0,0,0,0,0,0,0,0
1229075789,1228950977,nan,nan,nan,1,0,0,0,0,0,0,0,0,0,0
1230075484,1229948716,nan,nan,nan,1,0,0,0,0,0,0,0,0,0,0
1231087867,1230957610,nan,nan,nan,1,0,0,0,0,0,0,0,0,0,0
1232090172,1231953617,nan,nan,nan,1,0,0,0,0,0,0,0,0,0,0
1233085121,1232952702,nan,nan,nan,1,0,0,0,0,0,0,0,0,0,0
1234074875,1233947942,nan,nan,nan,1,0,0,0,0,0,0,0,0,0,0
1235084754,1234952610,nan,nan,nan,1,0,0,0,0,0,0,0,0,0,0
1236084657,1235955611,nan,nan,nan,1,0,0,0,0,0,0,0,0,0,0
1237074450,1236945611,nan,nan,nan,1,0,0,0,0,0,0,0,0,0,0
1238084358,1237951762,nan,nan,nan,1,0,0,0,0,0,0,0,0,0,0
1239084101,1238955613,nan,nan,nan,1,0,0,0,0,0,0,0,0,0,0
1240084071,1239954611,nan,nan,nan,1,0,0,0,0,0,0,0,0,0,0
1241083804,1240952613,nan,nan,nan,1,0,0,0,0,0,0,0,0,0,0
1242093664,1241962613,nan,nan,nan,1,0,0,0,0,0,0,0,0,0,0
1243083657,1242952613,nan,nan,nan,1,0,0,0,0,0,0,0,0,0,0
1244083628,1243954613,nan,nan,nan,1,0,0,0,0,0,0,0,0,0,0
1245093334,1244959616,nan,nan,nan,1,0,0,0,0,0,0,0,0,0,0
1246093160,1245961615,nan,nan,nan,1,0,0,0,0,0,0,0,0,0,0
1247083157,1246952838,nan,nan,nan,1,0,0,0,0,0,0,0,0,0,0
1248092965,1247959616,nan,nan,nan,1,0,0,0,0,0,0,0,0,0,0
1249092792,1248958874,nan,nan,nan,1,0,0,0,0,0,0,0,0,0,0
1250082634,1249956623,nan,nan,nan,1,0,0,0,0,0,0,0,0,0,0
1251082533,1250957616,nan,nan,nan,1,0,0,0,0,0,0,0,0,0,0
1252082430,1251952616,nan,nan,nan,1,0,0,0,0,0,0,0,0,0,0
1253082236,1252957618,nan,nan,nan,1,0,0,0,0,0,0,0,0,0,0
1254082077,1253953619,nan,nan,nan,1,0,0,0,0,0,0,0,0,0,0
1255091891,1254957611,nan,nan,nan,1,0,0,0,0,0,0,0,0,0,0
1256081751,1255949618,nan,nan,nan,1,0,0,0,0,0,0,0,0,0,0
1257081669,1256955612,nan,nan,nan,0,0,0,0,0,0,0,0,0,0,0
1258081454,1257952613,nan,nan,nan,0,0,0,0,0,0,0,0,0,0,0
1259091343,1258958634,nan,nan,nan,0,0,0,0,0,0,0,0,0,0,0
1260071335,1259944615,nan,nan,nan,0,0,0,0,0,0,0,0,0,0,0
1261071210,1260943746,nan,nan,nan,0,0,0,0,0,0,0,0,0,0,0
1262090968,1261959005,nan,nan,nan,0,0,0,0,0,0,0,0,0,0,0
1263090906,1262959616,nan,nan,nan,0,0,0,0,0,0,0,0,0,0,0
1264090624,1263958618,nan,nan,nan,0,0,0,0,0,0,0,0,0,0,0
1265080479,1264950617,nan,nan,nan,0,0,0,0,0,0,0,0,0,0,0
1266080439,1265954623,nan,nan,nan,0,0,0,0,0,0,0,0,0,0,0
1267090248,1266957618,nan,nan,nan,1,0,0,0,0,0,0,0,0,0,0
1268080169,1267953618,nan,nan,nan,1,0,0,0,0,0,0,0,0,0,0
1269079963,1268952611,nan,nan,nan,1,0,0,0,0,0,0,0,0,0,0
1270079773,1269950612,nan,nan,nan,1,0,0,0,0,0,0,0,0,0,0
1271089814,1270960617,nan,nan,nan,1,0,0,0,0,0,0,0,0,0,0
1272089517,1271957616,nan,nan,nan,1,0,0,0,0,0,0,0,0,0,0
1273069461,1272943611,nan,nan,nan,1,0,0,0,0,0,0,0,0,0,0
1274079279,1273947611,nan,nan,nan,1,0,0,0,0,0,0,0,0,0,0
1275079201,1274944612,nan,nan,nan,1,0,0,0,0,0,0,0,0,0,0
1276068985,1275941706,nan,nan,nan,1,0,0,0,0,0,0,0,0,0,0
1277078865,1276946611,nan,nan,nan,1,0,0,0,0,0,0,0,0,0,0
1278078587,1277945613,nan,nan,nan,1,0,0,0,0,0,0,0,0,0,0
1279078557,1278948615,nan,nan,nan,1,0,0,0,0,0,0,0,0,0,0
1280078444,1279948615,nan,nan,nan,1,0,0,0,0,0,0,0,0,0,0
1281078289,1280945614,nan,nan,nan,1,0,0,0,0,0,0,0,0,0,0
1282088065,1281956856,nan,nan,nan,1,0,0,0,0,0,0,0,0,0,0
1283087908,1282960614,nan,nan,nan,1,0,0,0,0,0,0,0,0,0,0
1284087777,1283957650,nan,nan,nan,1,0,0,0,0,0,0,0,0,0,0
1285087652,1284959615,nan,nan,nan,1,0,0,0,0,0,0,0,0,0,0
1286087374,1285953617,nan,nan,nan,1,0,0,0,0,0,0,0,0,0,0
1287087224,1286955617,nan,nan,nan,1,0,0,0,0,0,0,0,0,0,0
1288087156,1287959146,nan,nan,nan,1,0,0,0,0,0,0,0,0,0,0
1289086984,1288957617,nan,nan,nan,1,0,0,0,0,0,0,0,0,0,0
1290076833,1289950617,nan,nan,nan,1,0,0,0,0,0,0,0,0,0,0
1291086656,1290953618,nan,nan,nan,1,0,0,0,0,0,0,0,0,0,0
1292086593,1291958626,nan,nan,nan,1,0,0,0,0,0,0,0,0,0,0
1293076406,1292947614,nan,nan,nan,1,0,0,0,0,0,0,0,0,0,0
1294076397,1293950613,nan,nan,nan,1,0,0,0,0,0,0,0,0,0,0
1295076258,1294948612,nan,nan,nan,1,0,0,0,0,0,0,0,0,0,0
1296075980,1295949614,nan,nan,nan,1,0,0,0,0,0,0,0,0,0,0
1297075814,1296944613,nan,nan,nan,1,0,0,0,0,0,0,0,0,0,0
1298075680,1297943612,nan,nan,nan,1,0,0,0,0,0,0,0,0,0,0
1299085644,1298951614,nan,nan,nan,1,0,0,0,0,0,0,0,0,0,0
1300075446,1299947613,nan,nan,nan,1,0,0,0,0,0,0,0,0,0,0
1301075249,1300949620,nan,nan,nan,1,0,0,0,0,0,0,0,0,0,0
1302075245,1301942615,nan,nan,nan,1,0,0,0,0,0,0,0,0,0,0
1303075134,1302945615,nan,nan,nan,1,0,0,0,0,0,0,0,0,0,0
1304075076,1303945615,nan,nan,nan,1,0,0,0,0,0,0,0,0,0,0
1305074835,1304946615,nan,nan,nan,1,0,0,0,0,0,0,0,0,0,0
1306074822,1305949615,nan,nan,nan,1,0,0,0,0,0,0,0,0,0,0
1307084534,1306951703,nan,nan,nan,1,0,0,0,0,0,0,0,0,0,0
1308074635,1307942616,nan,nan,nan,1,0,0,0,0,0,0,0,0,0,0
1309084233,1308953617,nan,nan,nan,1,0,0,0,0,0,0,0,0,0,0
1310084098,1309951617,nan,nan,nan,1,0,0,0,0,0,0,0,0,0,0
1311073977,1310944616,nan,nan,nan,1,0,0,0,0,0,0,0,0,0,0
1312073818,1311947617,nan,nan,nan,1,0,0,0,0,0,0,0,0,0,0
1313083821,1312949612,nan,nan,nan,1,0,0,0,0,0,0,0,0,0,0
1314083531,1313954613,nan,nan,nan,1,0,0,0,0,0,0,0,0,0,0
1315083413,1314949632,nan,nan,nan,1,0,0,0,0,0,0,0,0,0,0
1316083223,1315952612,nan,nan,nan,1,0,0,0,0,0,0,0,0,0,0
1317083082,1316951613,nan,nan,nan,1,0,0,0,0,0,0,0,0,0,0
1318093042,1317964620,nan,nan,nan,1,0,0,0,0,0,0,0,0,0,0
1319082797,1318952613,nan,nan,nan,1,0,0,0,0,0,0,0,0,0,0
1320082707,1319951749,nan,nan,nan,1,0,0,0,0,0,0,0,0,0,0
1321072707,1320944616,nan,nan,nan,1,0,0,0,0,0,0,0,0,0,0
1322082551,1321948614,nan,nan,nan,1,0,0,0,0,0,0,0,0,0,0
1323072375,1322946623,nan,nan,nan,1,0,0,0,0,0,0,0,0,0,0
1324072214,1323946994,nan,nan,nan,1,0,0,0,0,0,0,0,0,0,0
1325072055,1324946725,nan,nan,nan,1,0,0,0,0,0,0,0,0,0,0
1326071899,1325946667,nan,nan,nan,1,0,0,0,0,0,0,0,0,0,0
1327081766,1326948613,nan,nan,nan,1,0,0,0,0,0,0,0,0,0,0
1328091557,1327958613,nan,nan,nan,1,0,0,0,0,0,0,0,0,0,0
1329071439,1328941613,nan,nan,nan,1,0,0,0,0,0,0,0,0,0,0
1330071380,1329941615,nan,nan,nan,1,0,0,0,0,0,0,0,0,0,0
1331081152,1330946615,nan,nan,nan,1,0,0,0,0,0,0,0,0,0,0
1332081138,1331949616,nan,nan,nan,1,0,0,0,0,0,0,0,0,0,0
1333080985,1332950641,nan,nan,nan,1,0,0,0,0,0,0,0,0,0,0
1334080806,1333946623,nan,nan,nan,1,0,0,0,0,0,0,0,0,0,0
1335080609,1334949770,nan,nan,nan,1,0,0,0,0,0,0,0,0,0,0
1336080492,1335948617,nan,nan,nan,1,0,0,0,0,0,0,0,0,0,0
1337080343,1336947613,nan,nan,nan,1,0,0,0,0,0,0,0,0,0,0
1338070129,1337944868,nan,nan,nan,1,0,0,0,0,0,0,0,0,0,0
1339080133,1338946612,nan,nan,nan,1,0,0,0,0,0,0,0,0,0,0
1340079901,1339951717,nan,nan,nan,1,0,0,0,0,0,0,0,0,0,0
1341079765,1340948614,nan,nan,nan,1,0,0,0,0,0,0,0,0,0,0
1342079582,1341953615,nan,nan,nan,1,0,0,0,0,0,0,0,0,0,0
1343079483,1342948614,nan,nan,nan,1,0,0,0,0,0,0,0,0,0,0
1344079329,1343951620,nan,nan,nan,1,0,0,0,0,0,0,0,0,0,0
1345089176,1344955616,nan,nan,nan,1,0,0,0,0,0,0,0,0,0,0
1346089117,1345955613,nan,nan,nan,1,0,0,0,0,0,0,0,0,0,0
1347078921,1346945617,nan,nan,nan,1,0,0,0,0,0,0,0,0,0,0
1348088821,1347955616,nan,nan,nan,1,0,0,0,0,0,0,0,0,0,0
1349078584,1348952729,nan,nan,nan,1,0,0,0,0,0,0,0,0,0,0
1350078528,1349948618,nan,nan,nan,1,0,0,0,0,0,0,0,0,0,0
1351078398,1350947612,nan,nan,nan,1,0,0,0,0,0,0,0,0,0,0
1352068161,1351942948,nan,nan,nan,1,0,0,0,0,0,0,0,0,0,0
1353088025,1352955613,nan,nan,nan,1,0,0,0,0,0,0,0,0,0,0
1354087969,1353953622,nan,nan,nan,1,0,0,0,0,0,0,0,0,0,0
1355077842,1354947661,nan,nan,nan,1,0,0,0,0,0,0,0,0,0,0
1356067676,1355941616,nan,nan,nan,1,0,0,0,0,0,0,0,0,0,0
1357077453,1356947616,nan,nan,nan,1,0,0,0,0,0,0,0,0,0,0
1358077481,1357951618,nan,nan,nan,1,0,0,0,0,0,0,0,0,0,0
1359087185,1358953619,nan,nan,nan,1,0,0,0,0,0,0,0,0,0,0
1360077285,1359951799,nan,nan,nan,1,0,0,0,0,0,0,0,0,0,0
1361076957,1360950614,nan,nan,nan,1,0,0,0,0,0,0,0,0,0,0
1362086760,1361953616,nan,nan,nan,1,0,0,0,0,0,0,0,0,0,0
1363086622,1362953615,nan,nan,nan,1,0,0,0,0,0,0,0,0,0,0
1364076623,1363949020,nan,nan,nan,1,0,0,0,0,0,0,0,0,0,0
1365086573,1364952616,nan,nan,nan,1,0,0,0,0,0,0,0,0,0,0
1366086199,1365952614,nan,nan,nan,1,0,0,0,0,0,0,0,0,0,0
1367076097,1366945615,nan,nan,nan,1,0,0,0,0,0,0,0,0,0,0
1368085942,1367954616,nan,nan,nan,1,0,0,0,0,0,0,0,0,0,0
1369075865,1368948618,nan,nan,nan,1,0,0,0,0,0,0,0,0,0,0
1370075816,1369946617,nan,nan,nan,1,0,0,0,0,0,0,0,0,0,0
1371075545,1370950611,nan,nan,nan,1,0,0,0,0,0,0,0,0,0,0
1372085450,1371954613,nan,nan,nan,1,0,0,0,0,0,0,0,0,0,0
1373085226,1372954788,nan,nan,nan,1,0,0,0,0,0,0,0,0,0,0
1374085197,1373952827,nan,nan,nan,1,0,0,0,0,0,0,0,0,0,0
1375074993,1374944615,nan,nan,nan,1,0,0,0,0,0,0,0,0,0,0
1376084877,1375955615,nan,nan,nan,1,0,0,0,0,0,0,0,0,0,0
1377084766,1376953757,nan,nan,nan,1,0,0,0,0,0,0,0,0,0,0
1378074626,1377946805,nan,nan,nan,1,0,0,0,0,0,0,0,0,0,0
1379084590,1378951618,nan,nan,nan,1,0,0,0,0,0,0,0,0,0,0
1380084287,1379956623,nan,nan,nan,1,0,0,0,0,0,0,0,0,0,0
1381084175,1380952614,nan,nan,nan,1,0,0,0,0,0,0,0,0,0,0
1382074002,1381946614,nan,nan,nan,1,0,0,0,0,0,0,0,0,0,0
1383084142,1382957614,nan,nan,nan,1,0,0,0,0,0,0,0,0,0,0
1384083876,1383958615,nan,nan,nan,1,0,0,0,0,0,0,0,0,0,0
1385083618,1384957615,nan,nan,nan,1,0,0,0,0,0,0,0,0,0,0
1386083519,1385952614,nan,nan,nan,1,0,0,0,0,0,0,0,0,0,0
1387083382,1386951614,nan,nan,nan,1,0,0,0,0,0,0,0,0,0,0
1388083287,1387953616,nan,nan,nan,1,0,0,0,0,0,0,0,0,0,0
1389083137,1388953869,nan,nan,nan,1,0,0,0,0,0,0,0,0,0,0
1390092909,1389959617,nan,nan,nan,1,0,0,0,0,0,0,0,0,0,0
1391082966,1390952618,nan,nan,nan,1,0,0,0,0,0,0,0,0,0,0
1392082749,1391950173,nan,nan,nan,1,0,0,0,0,0,0,0,0,0,0
1393072659,1392944612,nan,nan,nan,1,0,0,0,0,0,0,0,0,0,0
1394082370,1393951613,nan,nan,nan,1,0,0,0,0,0,0,0,0,0,0
1395082274,1394949615,nan,nan,nan,1,0,0,0,0,0,0,0,0,0,0
1396082167,1395947630,nan,nan,nan,1,0,0,0,0,0,0,0,0,0,0
1397082137,1396948617,nan,nan,nan,1,0,0,0,0,0,0,0,0,0,0
1398081980,1397956674,nan,nan,nan,1,0,0,0,0,0,0,0,0,0,0
1399071749,1398945618,nan,nan,nan,1,0,0,0,0,0,0,0,0,0,0
1400081620,1399950618,nan,nan,nan,1,0,0,0,0,0,0,0,0,0,0
1401081458,1400955835,nan,nan,nan,1,0,0,0,0,0,0,0,0,0,0
1402081379,1401950613,nan,nan,nan,1,0,0,0,0,0,0,0,0,0,0
1403081229,1402951646,nan,nan,nan,1,0,0,0,0,0,0,0,0,0,0
1404081170,1403947614,nan,nan,nan,1,0,0,0,0,0,0,0,0,0,0
1405090953,1404961616,nan,nan,nan,1,0,0,0,0,0,0,0,0,0,0
1406070829,1405945987,nan,nan,nan,1,0,0,0,0,0,0,0,0,0,0
1407080782,1406951075,nan,nan,nan,1,0,0,0,0,0,0,0,0,0,0
1408080503,1407946612,nan,nan,nan,1,0,0,0,0,0,0,0,0,0,0
1409080420,1408950612,nan,nan,nan,1,0,0,0,0,0,0,0,0,0,0
1410080385,1409946618,nan,nan,nan,1,0,0,0,0,0,0,0,0,0,0
1411080216,1410948614,nan,nan,nan,1,0,0,0,0,0,0,0,0,0,0
1412070084,1411940622,nan,nan,nan,1,0,0,0,0,0,0,0,0,0,0
1413079900,1412950678,nan,nan,nan,1,0,0,0,0,0,0,0,0,0,0
1414069829,1413940616,nan,nan,nan,1,0,0,0,0,0,0,0,0,0,0
1415079606,1414942618,nan,nan,nan,1,0,0,0,0,0,0,0,0,0,0
1416079603,1415950612,nan,nan,nan,1,0,0,0,0,0,0,0,0,0,0
1417079401,1416951613,nan,nan,nan,1,0,0,0,0,0,0,0,0,0,0
1418079320,1417953635,nan,nan,nan,1,0,0,0,0,0,0,0,0,0,0
1419069086,1418943877,nan,nan,nan,1,0,0,0,0,0,0,0,0,0,0
1420078984,1419945615,nan,nan,nan,1,0,0,0,0,0,0,0,0,0,0
1421068911,1420940616,nan,nan,nan,1,0,0,0,0,0,0,0,0,0,0
1422078775,1421948632,nan,nan,nan,1,0,0,0,0,0,0,0,0,0,0
1423088662,1422961614,nan,nan,nan,1,0,0,0,0,0,0,0,0,0,0
1424080952,1423953616,nan,nan,nan,1,0,0,0,0,0,0,0,0,0,0
1425068480,1424940619,nan,nan,nan,1,0,0,0,0,0,0,0,0,0,0
1426078253,1425950612,nan,nan,nan,1,0,0,0,0,0,0,0,0,0,0
1427078053,1426951620,nan,nan,nan,1,0,0,0,0,0,0,0,0,0,0
1428077980,1427944640,nan,nan,nan,1,0,0,0,0,0,0,0,0,0,0
1429077817,1428947613,nan,nan,nan,1,0,0,0,0,0,0,0,0,0,0
1430077769,1429950612,nan,nan,nan,1,0,0,0,0,0,0,0,0,0,0
1431077614,1430952612,nan,nan,nan,1,0,0,0,0,0,0,0,0,0,0
1432087471,1431954616,nan,nan,nan,1,0,0,0,0,0,0,0,0,0,0
1433087420,1432955616,nan,nan,nan,1,0,0,0,0,0,0,0,0,0,0
1434067158,1433937640,nan,nan,nan,1,0,0,0,0,0,0,0,0,0,0
1435077092,1434946615,nan,nan,nan,1,0,0,0,0,0,0,0,0,0,0
1436076937,1435950615,nan,nan,nan,1,0,0,0,0,0,0,0,0,0,0
1437076789,1436944616,nan,nan,nan,1,0,0,0,0,0,0,0,0,0,0
1438066688,1437941613,nan,nan,nan,1,0,0,0,0,0,0,0,0,0,0
1439086566,1438952613,nan,nan,nan,1,0,0,0,0,0,0,0,0,0,0
1440076555,1439945615,nan,nan,nan,1,0,0,0,0,0,0,0,0,0,0
1441076398,1440949617,nan,nan,nan,1,0,0,0,0,0,0,0,0,0,0
1442086183,1441951612,nan,nan,nan,1,0,0,0,0,0,0,0,0,0,0
1443086102,1442956615,nan,nan,nan,1,0,0,0,0,0,0,0,0,0,0
1444076025,1443947615,nan,nan,nan,1,0,0,0,0,0,0,0,0,0,0
1445075856,1444949616,nan,nan,nan,1,0,0,0,0,0,0,0,0,0,0
1446075729,1445950612,nan,nan,nan,1,0,0,0,0,0,0,0,0,0,0
1447065574,1446935614,nan,nan,nan,1,0,0,0,0,0,0,0,0,0,0
1448075489,1447946622,nan,nan,nan,1,0,0,0,0,0,0,0,0,0,0
1449075442,1448945613,nan,nan,nan,1,0,0,0,0,0,0,0,0,0,0
1450075179,1449946614,nan,nan,nan,1,0,0,0,0,0,0,0,0,0,0
1451075122,1450941615,nan,nan,nan,1,0,0,0,0,0,0,0,0,0,0
1452074930,1451946637,nan,nan,nan,1,0,0,0,0,0,0,0,0,0,0
1453074981,1452946613,nan,nan,nan,1,0,0,0,0,0,0,0,0,0,0
1454074795,1453946616,nan,nan,nan,1,0,0,0,0,0,0,0,0,0,0
1455074634,1454948615,nan,nan,nan,1,0,0,0,0,0,0,0,0,0,0
1456074426,1455948612,nan,nan,nan,1,0,0,0,0,0,0,0,0,0,0
1457084396,1456951623,nan,nan,nan,1,0,0,0,0,0,0,0,0,0,0
1458084334,1457950618,nan,nan,nan,1,0,0,0,0,0,0,0,0,0,0
1459084113,1458950612,nan,nan,nan,1,0,0,0,0,0,0,0,0,0,0
1460074016,1459946616,nan,nan,nan,1,0,0,0,0,0,0,0,0,0,0
1461073863,1460946616,nan,nan,nan,1,0,0,0,0,0,0,0,0,0,0
1462083752,1461953613,nan,nan,nan,1,0,0,0,0,0,0,0,0,0,0
1463083701,1462950614,nan,nan,nan,1,0,0,0,0,0,0,0,0,0,0
1464073471,1463947623,nan,nan,nan,1,0,0,0,0,0,0,0,0,0,0
1465083416,1464951614,nan,nan,nan,1,0,0,0,0,0,0,0,0,0,0
1466083311,1465953616,nan,nan,nan,1,0,0,0,0,0,0,0,0,0,0
1467083237,1466950612,nan,nan,nan,1,0,0,0,0,0,0,0,0,0,0
1468083140,1467953616,nan,nan,nan,1,0,0,0,0,0,0,0,0,0,0
1469083004,1468954617,nan,nan,nan,1,0,0,0,0,0,0,0,0,0,0
1470082812,1469955615,nan,nan,nan,1,0,0,0,0,0,0,0,0,0,0
1471082693,1470956615,nan,nan,nan,1,0,0,0,0,0,0,0,0,0,0
1472092623,1471963611,nan,nan,nan,1,0,0,0,0,0,0,0,0,0,0
1473082392,1472948616,nan,nan,nan,1,0,0,0,0,0,0,0,0,0,0
1474092373,1473958617,nan,nan,nan,1,0,0,0,0,0,0,0,0,0,0
1475082310,1474952612,nan,nan,nan,1,0,0,0,0,0,0,0,0,0,0
1476092083,1475958617,nan,nan,nan,1,0,0,0,0,0,0,0,0,0,0
1477072041,1476945612,nan,nan,nan,1,0,0,0,0,0,0,0,0,0,0
1478081874,1477950615,nan,nan,nan,1,0,0,0,0,0,0,0,0,0,0
1479091823,1478959619,nan,nan,nan,1,0,0,0,0,0,0,0,0,0,0
1480081625,1479949622,nan,nan,nan,1,0,0,0,0,0,0,0,0,0,0
1481081741,1480951735,nan,nan,nan,1,0,0,0,0,0,0,0,0,0,0
1482091477,1481965616,nan,nan,nan,1,0,0,0,0,0,0,0,0,0,0
1483091354,1482957616,nan,nan,nan,1,0,0,0,0,0,0,0,0,0,0
1484081165,1483946617,nan,nan,nan,1,0,0,0,0,0,0,0,0,0,0
1485081106,1484949613,nan,nan,nan,1,0,0,0,0,0,0,0,0,0,0
1486080986,1485951617,nan,nan,nan,1,0,0,0,0,0,0,0,0,0,0
1487080838,1486950612,nan,nan,nan,1,0,0,0,0,0,0,0,0,0,0
1488080759,1487952635,nan,nan,nan,1,0,0,0,0,0,0,0,0,0,0
1489080601,1488953615,nan,nan,nan,1,0,0,0,0,0,0,0,0,0,0
1490090568,1489959629,nan,nan,nan,1,0,0,0,0,0,0,0,0,0,0
1491080446,1490949622,nan,nan,nan,1,0,0,0,0,0,0,0,0,0,0
1492080187,1491949630,nan,nan,nan,1,0,0,0,0,0,0,0,0,0,0
1493080133,1492946649,nan,nan,nan,1,0,0,0,0,0,0,0,0,0,0
1494079969,1493947618,nan,nan,nan,1,0,0,0,0,0,0,0,0,0,0
1495069940,1494941612,nan,nan,nan,1,0,0,0,0,0,0,0,0,0,0
1496069945,1495940614,nan,nan,nan,1,0,0,0,0,0,0,0,0,0,0
1497069654,1496940629,nan,nan,nan,1,0,0,0,0,0,0,0,0,0,0
1498069556,1497944615,nan,nan,nan,1,0,0,0,0,0,0,0,0,0,0
1499059470,1498931619,nan,nan,nan,1,0,0,0,0,0,0,0,0,0,0
1500079364,1499945620,nan,nan,nan,1,0,0,0,0,0,0,0,0,0,0
1501069278,1500943616,nan,nan,nan,1,0,0,0,0,0,0,0,0,0,0
1502069135,1501943801,nan,nan,nan,1,0,0,0,0,0,0,0,0,0,0
1503069101,1502939616,nan,nan,nan,1,0,0,0,0,0,0,0,0,0,0
1504078863,1503945611,nan,nan,nan,1,0,0,0,0,0,0,0,0,0,0
1505078844,1504948622,0.013301471,0.012172456,0.0015325237,1,0,0,0,0,0,0,0,0,0,0
1506078658,1505944612,0.023557516,0.0011197989,0.0052239653,1,0,0,0,0,0,0,0,0,0,0
1507078474,1506947614,0.030960534,0.008405697,0.009596409,1,0,0,0,0,0,0,0,0,0,0
1508068439,1507942828,0.027389351,0.0020650474,0.0025068803,1,0,0,0,0,0,0,0,0,0,0
1509078304,1508945663,0.023973329,0.031101763,0.0073075844,1,0,0,0,0,0,0,0,0,0,0
1510078235,1509944616,0.036756422,0.047308363,0.007225685,1,0,0,0,0,0,0,0,0,0,0
1511068085,1510940613,0.03291028,0.060498472,0.0067697684,1,0,0,0,0,0,0,0,0,0,0
1512067953,1511934616,0.029313307,0.056260884,0.007131664,1,0,0,0,0,0,0,0,0,0,0
1513067883,1512941622,0.03340864,0.019595476,0.009994023,1,0,0,0,0,0,0,0,0,0,0
