timestamp,timestamp_sample,windspeed_north,windspeed_east,variance_north,variance_east,tas_innov,tas_innov_var,tas_scale_raw,tas_scale_raw_var,tas_scale_validated,beta_innov,beta_innov_var,source
540330423,0,0.86455613,-0.6603096,0.054929763,0.054389726,nan,nan,nan,nan,nan,1.3563383,0.4970957,0
541330419,0,0.86455613,-0.6603096,0.054929763,0.054389726,nan,nan,nan,nan,nan,1.3563383,0.4970957,0
542330419,0,0.86455613,-0.6603096,0.054929763,0.054389726,nan,nan,nan,nan,nan,1.3563383,0.4970957,0
543330419,0,0.86455613,-0.6603096,0.054929763,0.054389726,nan,nan,nan,nan,nan,1.3563383,0.4970957,0
544330419,0,0.86455613,-0.6603096,0.054929763,0.054389726,nan,nan,nan,nan,nan,1.3563383,0.4970957,0
545330419,0,0.86455613,-0.6603096,0.054929763,0.054389726,nan,nan,nan,nan,nan,1.3563383,0.4970957,0
546330419,0,0.86455613,-0.6603096,0.054929763,0.054389726,nan,nan,nan,nan,nan,1.3563383,0.4970957,0
547330418,0,0.86455613,-0.6603096,0.054929763,0.054389726,nan,nan,nan,nan,nan,1.3563383,0.4970957,0
548330446,0,0.86455613,-0.6603096,0.054929763,0.054389726,nan,nan,nan,nan,nan,1.3563383,0.4970957,0
549330419,0,0.86455613,-0.6603096,0.054929763,0.054389726,nan,nan,nan,nan,nan,1.3563383,0.4970957,0
550330419,0,0.86455613,-0.6603096,0.054929763,0.054389726,nan,nan,nan,nan,nan,1.3563383,0.4970957,0
551330420,0,0.86455613,-0.6603096,0.054929763,0.054389726,nan,nan,nan,nan,nan,1.3563383,0.4970957,0
552330419,0,0.86455613,-0.6603096,0.054929763,0.054389726,nan,nan,nan,nan,nan,1.3563383,0.4970957,0
553330418,0,0.86455613,-0.6603096,0.054929763,0.054389726,nan,nan,nan,nan,nan,1.3563383,0.4970957,0
554330419,0,0.86455613,-0.6603096,0.054929763,0.054389726,nan,nan,nan,nan,nan,1.3563383,0.4970957,0
555330430,0,0.86455613,-0.6603096,0.054929763,0.054389726,nan,nan,nan,nan,nan,1.3563383,0.4970957,0
556330419,0,0.86455613,-0.6603096,0.054929763,0.054389726,nan,nan,nan,nan,nan,1.3563383,0.4970957,0
557330419,0,0.86455613,-0.6603096,0.054929763,0.054389726,nan,nan,nan,nan,nan,1.3563383,0.4970957,0
558330419,0,0.86455613,-0.6603096,0.054929763,0.054389726,nan,nan,nan,nan,nan,1.3563383,0.4970957,0
559330418,0,0.86455613,-0.6603096,0.054929763,0.054389726,nan,nan,nan,nan,nan,1.3563383,0.4970957,0
560330422,0,0.86455613,-0.6603096,0.054929763,0.054389726,nan,nan,nan,nan,nan,1.3563383,0.4970957,0
561330418,0,0.86455613,-0.6603096,0.054929763,0.054389726,nan,nan,nan,nan,nan,1.3563383,0.4970957,0
562330420,0,0.86455613,-0.6603096,0.054929763,0.054389726,nan,nan,nan,nan,nan,1.3563383,0.4970957,0
563330419,0,0.86455613,-0.6603096,0.054929763,0.054389726,nan,nan,nan,nan,nan,1.3563383,0.4970957,0
564330431,0,0.86455613,-0.6603096,0.054929763,0.054389726,nan,nan,nan,nan,nan,1.3563383,0.4970957,0
565330419,0,0.86455613,-0.6603096,0.054929763,0.054389726,nan,nan,nan,nan,nan,1.3563383,0.4970957,0
566330419,0,0.86455613,-0.6603096,0.054929763,0.054389726,nan,nan,nan,nan,nan,1.3563383,0.4970957,0
567330419,0,0.86455613,-0.6603096,0.054929763,0.054389726,nan,nan,nan,nan,nan,1.3563383,0.4970957,0
568330419,0,0.86455613,-0.6603096,0.054929763,0.054389726,nan,nan,nan,nan,nan,1.3563383,0.4970957,0
569330419,0,0.86455613,-0.6603096,0.054929763,0.054389726,nan,nan,nan,nan,nan,1.3563383,0.4970957,0
570330419,0,0.86455613,-0.6603096,0.054929763,0.054389726,nan,nan,nan,nan,nan,1.3563383,0.4970957,0
571330419,0,0.86455613,-0.6603096,0.054929763,0.054389726,nan,nan,nan,nan,nan,1.3563383,0.4970957,0
572330419,0,0.86455613,-0.6603096,0.054929763,0.054389726,nan,nan,nan,nan,nan,1.3563383,0.4970957,0
573330434,0,0.86455613,-0.6603096,0.054929763,0.054389726,nan,nan,nan,nan,nan,1.3563383,0.4970957,0
574330419,0,0.86455613,-0.6603096,0.054929763,0.054389726,nan,nan,nan,nan,nan,1.3563383,0.4970957,0
575330427,0,0.86455613,-0.6603096,0.054929763,0.054389726,nan,nan,nan,nan,nan,1.3563383,0.4970957,0
576330419,0,0.86455613,-0.6603096,0.054929763,0.054389726,nan,nan,nan,nan,nan,1.3563383,0.4970957,0
577330419,0,0.86455613,-0.6603096,0.054929763,0.054389726,nan,nan,nan,nan,nan,1.3563383,0.4970957,0
578330419,0,0.86455613,-0.6603096,0.054929763,0.054389726,nan,nan,nan,nan,nan,1.3563383,0.4970957,0
579330419,0,0.86455613,-0.6603096,0.054929763,0.054389726,nan,nan,nan,nan,nan,1.3563383,0.4970957,0
580330418,0,0.86455613,-0.6603096,0.054929763,0.054389726,nan,nan,nan,nan,nan,1.3563383,0.4970957,0
581330419,0,0.86455613,-0.6603096,0.054929763,0.054389726,nan,nan,nan,nan,nan,1.3563383,0.4970957,0
582330419,0,0.86455613,-0.6603096,0.054929763,0.054389726,nan,nan,nan,nan,nan,1.3563383,0.4970957,0
583330418,0,0.86455613,-0.6603096,0.054929763,0.054389726,nan,nan,nan,nan,nan,1.3563383,0.4970957,0
584330419,0,0.86455613,-0.6603096,0.054929763,0.054389726,nan,nan,nan,nan,nan,1.3563383,0.4970957,0
585330419,0,0.86455613,-0.6603096,0.054929763,0.054389726,nan,nan,nan,nan,nan,1.3563383,0.4970957,0
586330432,0,0.86455613,-0.6603096,0.054929763,0.054389726,nan,nan,nan,nan,nan,1.3563383,0.4970957,0
587330418,0,0.86455613,-0.6603096,0.054929763,0.054389726,nan,nan,nan,nan,nan,1.3563383,0.4970957,0
588330418,0,0.86455613,-0.6603096,0.054929763,0.054389726,nan,nan,nan,nan,nan,1.3563383,0.4970957,0
589330419,0,0.86455613,-0.6603096,0.054929763,0.054389726,nan,nan,nan,nan,nan,1.3563383,0.4970957,0
590330426,0,0.86455613,-0.6603096,0.054929763,0.054389726,nan,nan,nan,nan,nan,1.3563383,0.4970957,0
591330419,0,0.86455613,-0.6603096,0.054929763,0.054389726,nan,nan,nan,nan,nan,1.3563383,0.4970957,0
592330418,0,0.86455613,-0.6603096,0.054929763,0.054389726,nan,nan,nan,nan,nan,1.3563383,0.4970957,0
593330419,0,0.86455613,-0.6603096,0.054929763,0.054389726,nan,nan,nan,nan,nan,1.3563383,0.4970957,0
594330419,0,0.86455613,-0.6603096,0.054929763,0.054389726,nan,nan,nan,nan,nan,1.3563383,0.4970957,0
595330419,0,0.86455613,-0.6603096,0.054929763,0.054389726,nan,nan,nan,nan,nan,1.3563383,0.4970957,0
596330419,0,0.86455613,-0.6603096,0.054929763,0.054389726,nan,nan,nan,nan,nan,1.3563383,0.4970957,0
597330420,0,0.86455613,-0.6603096,0.054929763,0.054389726,nan,nan,nan,nan,nan,1.3563383,0.4970957,0
598330435,0,0.86455613,-0.6603096,0.054929763,0.054389726,nan,nan,nan,nan,nan,1.3563383,0.4970957,0
599330419,0,0.86455613,-0.6603096,0.054929763,0.054389726,nan,nan,nan,nan,nan,1.3563383,0.4970957,0
600330419,0,0.86455613,-0.6603096,0.054929763,0.054389726,nan,nan,nan,nan,nan,1.3563383,0.4970957,0
601330419,0,0.86455613,-0.6603096,0.054929763,0.054389726,nan,nan,nan,nan,nan,1.3563383,0.4970957,0
602330419,0,0.86455613,-0.6603096,0.054929763,0.054389726,nan,nan,nan,nan,nan,1.3563383,0.4970957,0
603330418,0,0.86455613,-0.6603096,0.054929763,0.054389726,nan,nan,nan,nan,nan,1.3563383,0.4970957,0
604330419,0,0.86455613,-0.6603096,0.054929763,0.054389726,nan,nan,nan,nan,nan,1.3563383,0.4970957,0
605330419,0,0.86455613,-0.6603096,0.054929763,0.054389726,nan,nan,nan,nan,nan,1.3563383,0.4970957,0
606330419,0,0.86455613,-0.6603096,0.054929763,0.054389726,nan,nan,nan,nan,nan,1.3563383,0.4970957,0
607330419,0,0.86455613,-0.6603096,0.054929763,0.054389726,nan,nan,nan,nan,nan,1.3563383,0.4970957,0
608330419,0,0.86455613,-0.6603096,0.054929763,0.054389726,nan,nan,nan,nan,nan,1.3563383,0.4970957,0
609330420,0,0.86455613,-0.6603096,0.054929763,0.054389726,nan,nan,nan,nan,nan,1.3563383,0.4970957,0
610330419,0,0.86455613,-0.6603096,0.054929763,0.054389726,nan,nan,nan,nan,nan,1.3563383,0.4970957,0
611330419,0,0.86455613,-0.6603096,0.054929763,0.054389726,nan,nan,nan,nan,nan,1.3563383,0.4970957,0
612330419,0,0.86455613,-0.6603096,0.054929763,0.054389726,nan,nan,nan,nan,nan,1.3563383,0.4970957,0
613330419,0,0.86455613,-0.6603096,0.054929763,0.054389726,nan,nan,nan,nan,nan,1.3563383,0.4970957,0
614330419,0,0.86455613,-0.6603096,0.054929763,0.054389726,nan,nan,nan,nan,nan,1.3563383,0.4970957,0
615330419,0,0.86455613,-0.6603096,0.054929763,0.054389726,nan,nan,nan,nan,nan,1.3563383,0.4970957,0
616330459,0,0.86455613,-0.6603096,0.054929763,0.054389726,nan,nan,nan,nan,nan,1.3563383,0.4970957,0
617330420,0,0.86455613,-0.6603096,0.054929763,0.054389726,nan,nan,nan,nan,nan,1.3563383,0.4970957,0
618330419,0,0.86455613,-0.6603096,0.054929763,0.054389726,nan,nan,nan,nan,nan,1.3563383,0.4970957,0
619330420,0,0.86455613,-0.6603096,0.054929763,0.054389726,nan,nan,nan,nan,nan,1.3563383,0.4970957,0
620330421,0,0.86455613,-0.6603096,0.054929763,0.054389726,nan,nan,nan,nan,nan,1.3563383,0.4970957,0
621330460,0,0.86455613,-0.6603096,0.054929763,0.054389726,nan,nan,nan,nan,nan,1.3563383,0.4970957,0
622330455,0,0.86455613,-0.6603096,0.054929763,0.054389726,nan,nan,nan,nan,nan,1.3563383,0.4970957,0
623330439,0,0.86455613,-0.6603096,0.054929763,0.054389726,nan,nan,nan,nan,nan,1.3563383,0.4970957,0
624330447,0,0.86455613,-0.6603096,0.054929763,0.054389726,nan,nan,nan,nan,nan,1.3563383,0.4970957,0
625330418,0,0.86455613,-0.6603096,0.054929763,0.054389726,nan,nan,nan,nan,nan,1.3563383,0.4970957,0
626330433,0,0.86455613,-0.6603096,0.054929763,0.054389726,nan,nan,nan,nan,nan,1.3563383,0.4970957,0
627330418,0,0.86455613,-0.6603096,0.054929763,0.054389726,nan,nan,nan,nan,nan,1.3563383,0.4970957,0
628330480,0,0.86455613,-0.6603096,0.054929763,0.054389726,nan,nan,nan,nan,nan,1.3563383,0.4970957,0
629330419,0,0.86455613,-0.6603096,0.054929763,0.054389726,nan,nan,nan,nan,nan,1.3563383,0.4970957,0
630330418,0,0.86455613,-0.6603096,0.054929763,0.054389726,nan,nan,nan,nan,nan,1.3563383,0.4970957,0
631330418,0,0.86455613,-0.6603096,0.054929763,0.054389726,nan,nan,nan,nan,nan,1.3563383,0.4970957,0
632330419,0,0.86455613,-0.6603096,0.054929763,0.054389726,nan,nan,nan,nan,nan,1.3563383,0.4970957,0
633330431,0,0.86455613,-0.6603096,0.054929763,0.054389726,nan,nan,nan,nan,nan,1.3563383,0.4970957,0
634330419,0,0.86455613,-0.6603096,0.054929763,0.054389726,nan,nan,nan,nan,nan,1.3563383,0.4970957,0
635330419,0,0.86455613,-0.6603096,0.054929763,0.054389726,nan,nan,nan,nan,nan,1.3563383,0.4970957,0
636330418,0,0.86455613,-0.6603096,0.054929763,0.054389726,nan,nan,nan,nan,nan,1.3563383,0.4970957,0
637330418,0,0.86455613,-0.6603096,0.054929763,0.054389726,nan,nan,nan,nan,nan,1.3563383,0.4970957,0
638330419,0,0.86455613,-0.6603096,0.054929763,0.054389726,nan,nan,nan,nan,nan,1.3563383,0.4970957,0
639330418,0,0.86455613,-0.6603096,0.054929763,0.054389726,nan,nan,nan,nan,nan,1.3563383,0.4970957,0
640330468,0,0.86455613,-0.6603096,0.054929763,0.054389726,nan,nan,nan,nan,nan,1.3563383,0.4970957,0
641330430,0,0.86455613,-0.6603096,0.054929763,0.054389726,nan,nan,nan,nan,nan,1.3563383,0.4970957,0
642330418,0,0.86455613,-0.6603096,0.054929763,0.054389726,nan,nan,nan,nan,nan,1.3563383,0.4970957,0
643330418,0,0.86455613,-0.6603096,0.054929763,0.054389726,nan,nan,nan,nan,nan,1.3563383,0.4970957,0
644330419,0,0.86455613,-0.6603096,0.054929763,0.054389726,nan,nan,nan,nan,nan,1.3563383,0.4970957,0
645330420,0,0.86455613,-0.6603096,0.054929763,0.054389726,nan,nan,nan,nan,nan,1.3563383,0.4970957,0
646330439,0,0.86455613,-0.6603096,0.054929763,0.054389726,nan,nan,nan,nan,nan,1.3563383,0.4970957,0
647330419,0,0.86455613,-0.6603096,0.054929763,0.054389726,nan,nan,nan,nan,nan,1.3563383,0.4970957,0
648330419,0,0.86455613,-0.6603096,0.054929763,0.054389726,nan,nan,nan,nan,nan,1.3563383,0.4970957,0
649330419,0,0.86455613,-0.6603096,0.054929763,0.054389726,nan,nan,nan,nan,nan,1.3563383,0.4970957,0
650330419,0,0.86455613,-0.6603096,0.054929763,0.054389726,nan,nan,nan,nan,nan,1.3563383,0.4970957,0
651330418,0,0.86455613,-0.6603096,0.054929763,0.054389726,nan,nan,nan,nan,nan,1.3563383,0.4970957,0
652330418,0,0.86455613,-0.6603096,0.054929763,0.054389726,nan,nan,nan,nan,nan,1.3563383,0.4970957,0
653330419,0,0.86455613,-0.6603096,0.054929763,0.054389726,nan,nan,nan,nan,nan,1.3563383,0.4970957,0
654330419,0,0.86455613,-0.6603096,0.054929763,0.054389726,nan,nan,nan,nan,nan,1.3563383,0.4970957,0
655330418,0,0.86455613,-0.6603096,0.054929763,0.054389726,nan,nan,nan,nan,nan,1.3563383,0.4970957,0
656330420,0,0.86455613,-0.6603096,0.054929763,0.054389726,nan,nan,nan,nan,nan,1.3563383,0.4970957,0
657330419,0,0.86455613,-0.6603096,0.054929763,0.054389726,nan,nan,nan,nan,nan,1.3563383,0.4970957,0
658330420,0,0.86455613,-0.6603096,0.054929763,0.054389726,nan,nan,nan,nan,nan,1.3563383,0.4970957,0
659330419,0,0.86455613,-0.6603096,0.054929763,0.054389726,nan,nan,nan,nan,nan,1.3563383,0.4970957,0
660330418,0,0.86455613,-0.6603096,0.054929763,0.054389726,nan,nan,nan,nan,nan,1.3563383,0.4970957,0
661330418,0,0.86455613,-0.6603096,0.054929763,0.054389726,nan,nan,nan,nan,nan,1.3563383,0.4970957,0
662330419,0,0.86455613,-0.6603096,0.054929763,0.054389726,nan,nan,nan,nan,nan,1.3563383,0.4970957,0
663330418,0,0.86455613,-0.6603096,0.054929763,0.054389726,nan,nan,nan,nan,nan,1.3563383,0.4970957,0
664330418,0,0.86455613,-0.6603096,0.054929763,0.054389726,nan,nan,nan,nan,nan,1.3563383,0.4970957,0
665330439,0,0.86455613,-0.6603096,0.054929763,0.054389726,nan,nan,nan,nan,nan,1.3563383,0.4970957,0
666330419,0,0.86455613,-0.6603096,0.054929763,0.054389726,nan,nan,nan,nan,nan,1.3563383,0.4970957,0
667330419,0,0.86455613,-0.6603096,0.054929763,0.054389726,nan,nan,nan,nan,nan,1.3563383,0.4970957,0
668330420,0,0.86455613,-0.6603096,0.054929763,0.054389726,nan,nan,nan,nan,nan,1.3563383,0.4970957,0
669330431,0,0.86455613,-0.6603096,0.054929763,0.054389726,nan,nan,nan,nan,nan,1.3563383,0.4970957,0
670330419,0,0.86455613,-0.6603096,0.054929763,0.054389726,nan,nan,nan,nan,nan,1.3563383,0.4970957,0
671330466,0,0.86455613,-0.6603096,0.054929763,0.054389726,nan,nan,nan,nan,nan,1.3563383,0.4970957,0
672330418,0,0.86455613,-0.6603096,0.054929763,0.054389726,nan,nan,nan,nan,nan,1.3563383,0.4970957,0
673330418,0,0.86455613,-0.6603096,0.054929763,0.054389726,nan,nan,nan,nan,nan,1.3563383,0.4970957,0
674330469,0,0.86455613,-0.6603096,0.054929763,0.054389726,nan,nan,nan,nan,nan,1.3563383,0.4970957,0
675330418,0,0.86455613,-0.6603096,0.054929763,0.054389726,nan,nan,nan,nan,nan,1.3563383,0.4970957,0
676330418,0,0.86455613,-0.6603096,0.054929763,0.054389726,nan,nan,nan,nan,nan,1.3563383,0.4970957,0
677330419,0,0.86455613,-0.6603096,0.054929763,0.054389726,nan,nan,nan,nan,nan,1.3563383,0.4970957,0
678330418,0,0.86455613,-0.6603096,0.054929763,0.054389726,nan,nan,nan,nan,nan,1.3563383,0.4970957,0
679330418,0,0.86455613,-0.6603096,0.054929763,0.054389726,nan,nan,nan,nan,nan,1.3563383,0.4970957,0
680330419,0,0.86455613,-0.6603096,0.054929763,0.054389726,nan,nan,nan,nan,nan,1.3563383,0.4970957,0
681330419,0,0.86455613,-0.6603096,0.054929763,0.054389726,nan,nan,nan,nan,nan,1.3563383,0.4970957,0
682330419,0,0.86455613,-0.6603096,0.054929763,0.054389726,nan,nan,nan,nan,nan,1.3563383,0.4970957,0
683330420,0,0.86455613,-0.6603096,0.054929763,0.054389726,nan,nan,nan,nan,nan,1.3563383,0.4970957,0
684330419,0,0.86455613,-0.6603096,0.054929763,0.054389726,nan,nan,nan,nan,nan,1.3563383,0.4970957,0
685330419,0,0.86455613,-0.6603096,0.054929763,0.054389726,nan,nan,nan,nan,nan,1.3563383,0.4970957,0
686330420,0,0.86455613,-0.6603096,0.054929763,0.054389726,nan,nan,nan,nan,nan,1.3563383,0.4970957,0
687330419,0,0.86455613,-0.6603096,0.054929763,0.054389726,nan,nan,nan,nan,nan,1.3563383,0.4970957,0
688330419,0,0.86455613,-0.6603096,0.054929763,0.054389726,nan,nan,nan,nan,nan,1.3563383,0.4970957,0
689330419,0,0.86455613,-0.6603096,0.054929763,0.054389726,nan,nan,nan,nan,nan,1.3563383,0.4970957,0
690330419,0,0.86455613,-0.6603096,0.054929763,0.054389726,nan,nan,nan,nan,nan,1.3563383,0.4970957,0
691330419,0,0.86455613,-0.6603096,0.054929763,0.054389726,nan,nan,nan,nan,nan,1.3563383,0.4970957,0
692330419,0,0.86455613,-0.6603096,0.054929763,0.054389726,nan,nan,nan,nan,nan,1.3563383,0.4970957,0
693330419,0,0.86455613,-0.6603096,0.054929763,0.054389726,nan,nan,nan,nan,nan,1.3563383,0.4970957,0
694330419,0,0.86455613,-0.6603096,0.054929763,0.054389726,nan,nan,nan,nan,nan,1.3563383,0.4970957,0
695330418,0,0.86455613,-0.6603096,0.054929763,0.054389726,nan,nan,nan,nan,nan,1.3563383,0.4970957,0
696330420,0,0.86455613,-0.6603096,0.054929763,0.054389726,nan,nan,nan,nan,nan,1.3563383,0.4970957,0
697330425,0,0.86455613,-0.6603096,0.054929763,0.054389726,nan,nan,nan,nan,nan,1.3563383,0.4970957,0
698330419,0,0.86455613,-0.6603096,0.054929763,0.054389726,nan,nan,nan,nan,nan,1.3563383,0.4970957,0
699330419,0,0.86455613,-0.6603096,0.054929763,0.054389726,nan,nan,nan,nan,nan,1.3563383,0.4970957,0
700330419,0,0.86455613,-0.6603096,0.054929763,0.054389726,nan,nan,nan,nan,nan,1.3563383,0.4970957,0
701330432,0,0.86455613,-0.6603096,0.054929763,0.054389726,nan,nan,nan,nan,nan,1.3563383,0.4970957,0
702330419,0,0.86455613,-0.6603096,0.054929763,0.054389726,nan,nan,nan,nan,nan,1.3563383,0.4970957,0
703330431,0,0.86455613,-0.6603096,0.054929763,0.054389726,nan,nan,nan,nan,nan,1.3563383,0.4970957,0
704330419,0,0.86455613,-0.6603096,0.054929763,0.054389726,nan,nan,nan,nan,nan,1.3563383,0.4970957,0
705330419,0,0.86455613,-0.6603096,0.054929763,0.054389726,nan,nan,nan,nan,nan,1.3563383,0.4970957,0
706330419,0,0.86455613,-0.6603096,0.054929763,0.054389726,nan,nan,nan,nan,nan,1.3563383,0.4970957,0
707330419,0,0.86455613,-0.6603096,0.054929763,0.054389726,nan,nan,nan,nan,nan,1.3563383,0.4970957,0
708330420,0,0.86455613,-0.6603096,0.054929763,0.054389726,nan,nan,nan,nan,nan,1.3563383,0.4970957,0
709330419,0,0.86455613,-0.6603096,0.054929763,0.054389726,nan,nan,nan,nan,nan,1.3563383,0.4970957,0
710330420,0,0.86455613,-0.6603096,0.054929763,0.054389726,nan,nan,nan,nan,nan,1.3563383,0.4970957,0
711330419,0,0.86455613,-0.6603096,0.054929763,0.054389726,nan,nan,nan,nan,nan,1.3563383,0.4970957,0
712330419,0,0.86455613,-0.6603096,0.054929763,0.054389726,nan,nan,nan,nan,nan,1.3563383,0.4970957,0
713330419,0,0.86455613,-0.6603096,0.054929763,0.054389726,nan,nan,nan,nan,nan,1.3563383,0.4970957,0
714330420,0,0.86455613,-0.6603096,0.054929763,0.054389726,nan,nan,nan,nan,nan,1.3563383,0.4970957,0
715330419,0,0.86455613,-0.6603096,0.054929763,0.054389726,nan,nan,nan,nan,nan,1.3563383,0.4970957,0
716330419,0,0.86455613,-0.6603096,0.054929763,0.054389726,nan,nan,nan,nan,nan,1.3563383,0.4970957,0
717330419,0,0.86455613,-0.6603096,0.054929763,0.054389726,nan,nan,nan,nan,nan,1.3563383,0.4970957,0
718330418,0,0.86455613,-0.6603096,0.054929763,0.054389726,nan,nan,nan,nan,nan,1.3563383,0.4970957,0
719330419,0,0.86455613,-0.6603096,0.054929763,0.054389726,nan,nan,nan,nan,nan,1.3563383,0.4970957,0
720330419,0,0.86455613,-0.6603096,0.054929763,0.054389726,nan,nan,nan,nan,nan,1.3563383,0.4970957,0
721330419,0,0.86455613,-0.6603096,0.054929763,0.054389726,nan,nan,nan,nan,nan,1.3563383,0.4970957,0
722330419,0,0.86455613,-0.6603096,0.054929763,0.054389726,nan,nan,nan,nan,nan,1.3563383,0.4970957,0
723330419,0,0.86455613,-0.6603096,0.054929763,0.054389726,nan,nan,nan,nan,nan,1.3563383,0.4970957,0
724330444,0,0.86455613,-0.6603096,0.054929763,0.054389726,nan,nan,nan,nan,nan,1.3563383,0.4970957,0
725330419,0,0.86455613,-0.6603096,0.054929763,0.054389726,nan,nan,nan,nan,nan,1.3563383,0.4970957,0
726330419,0,0.86455613,-0.6603096,0.054929763,0.054389726,nan,nan,nan,nan,nan,1.3563383,0.4970957,0
727330419,0,0.86455613,-0.6603096,0.054929763,0.054389726,nan,nan,nan,nan,nan,1.3563383,0.4970957,0
728330419,0,0.86455613,-0.6603096,0.054929763,0.054389726,nan,nan,nan,nan,nan,1.3563383,0.4970957,0
729330419,0,0.86455613,-0.6603096,0.054929763,0.054389726,nan,nan,nan,nan,nan,1.3563383,0.4970957,0
730330420,0,0.86455613,-0.6603096,0.054929763,0.054389726,nan,nan,nan,nan,nan,1.3563383,0.4970957,0
731330420,0,0.86455613,-0.6603096,0.054929763,0.054389726,nan,nan,nan,nan,nan,1.3563383,0.4970957,0
732330419,0,0.86455613,-0.6603096,0.054929763,0.054389726,nan,nan,nan,nan,nan,1.3563383,0.4970957,0
733330418,0,0.86455613,-0.6603096,0.054929763,0.054389726,nan,nan,nan,nan,nan,1.3563383,0.4970957,0
734330419,0,0.86455613,-0.6603096,0.054929763,0.054389726,nan,nan,nan,nan,nan,1.3563383,0.4970957,0
735330419,0,0.86455613,-0.6603096,0.054929763,0.054389726,nan,nan,nan,nan,nan,1.3563383,0.4970957,0
736330433,0,0.86455613,-0.6603096,0.054929763,0.054389726,nan,nan,nan,nan,nan,1.3563383,0.4970957,0
737330419,0,0.86455613,-0.6603096,0.054929763,0.054389726,nan,nan,nan,nan,nan,1.3563383,0.4970957,0
738330420,0,0.86455613,-0.6603096,0.054929763,0.054389726,nan,nan,nan,nan,nan,1.3563383,0.4970957,0
739330419,0,0.86455613,-0.6603096,0.054929763,0.054389726,nan,nan,nan,nan,nan,1.3563383,0.4970957,0
740330427,0,0.86455613,-0.6603096,0.054929763,0.054389726,nan,nan,nan,nan,nan,1.3563383,0.4970957,0
741330419,0,0.86455613,-0.6603096,0.054929763,0.054389726,nan,nan,nan,nan,nan,1.3563383,0.4970957,0
742330420,0,0.86455613,-0.6603096,0.054929763,0.054389726,nan,nan,nan,nan,nan,1.3563383,0.4970957,0
743330419,0,0.86455613,-0.6603096,0.054929763,0.054389726,nan,nan,nan,nan,nan,1.3563383,0.4970957,0
744330420,0,0.86455613,-0.6603096,0.054929763,0.054389726,nan,nan,nan,nan,nan,1.3563383,0.4970957,0
745330420,0,0.86455613,-0.6603096,0.054929763,0.054389726,nan,nan,nan,nan,nan,1.3563383,0.4970957,0
746330419,0,0.86455613,-0.6603096,0.054929763,0.054389726,nan,nan,nan,nan,nan,1.3563383,0.4970957,0
747330419,0,0.86455613,-0.6603096,0.054929763,0.054389726,nan,nan,nan,nan,nan,1.3563383,0.4970957,0
748330438,0,0.86455613,-0.6603096,0.054929763,0.054389726,nan,nan,nan,nan,nan,1.3563383,0.4970957,0
749330419,0,0.86455613,-0.6603096,0.054929763,0.054389726,nan,nan,nan,nan,nan,1.3563383,0.4970957,0
750330419,0,0.86455613,-0.6603096,0.054929763,0.054389726,nan,nan,nan,nan,nan,1.3563383,0.4970957,0
751330419,0,0.86455613,-0.6603096,0.054929763,0.054389726,nan,nan,nan,nan,nan,1.3563383,0.4970957,0
752330419,0,0.86455613,-0.6603096,0.054929763,0.054389726,nan,nan,nan,nan,nan,1.3563383,0.4970957,0
753330419,0,0.86455613,-0.6603096,0.054929763,0.054389726,nan,nan,nan,nan,nan,1.3563383,0.4970957,0
754330419,0,0.86455613,-0.6603096,0.054929763,0.054389726,nan,nan,nan,nan,nan,1.3563383,0.4970957,0
755330419,0,0.86455613,-0.6603096,0.054929763,0.054389726,nan,nan,nan,nan,nan,1.3563383,0.4970957,0
756330419,0,0.86455613,-0.6603096,0.054929763,0.054389726,nan,nan,nan,nan,nan,1.3563383,0.4970957,0
757330419,0,0.86455613,-0.6603096,0.054929763,0.054389726,nan,nan,nan,nan,nan,1.3563383,0.4970957,0
758330419,0,0.86455613,-0.6603096,0.054929763,0.054389726,nan,nan,nan,nan,nan,1.3563383,0.4970957,0
759330420,0,0.86455613,-0.6603096,0.054929763,0.054389726,nan,nan,nan,nan,nan,1.3563383,0.4970957,0
760330418,0,0.86455613,-0.6603096,0.054929763,0.054389726,nan,nan,nan,nan,nan,1.3563383,0.4970957,0
761330419,0,0.86455613,-0.6603096,0.054929763,0.054389726,nan,nan,nan,nan,nan,1.3563383,0.4970957,0
762330420,0,0.86455613,-0.6603096,0.054929763,0.054389726,nan,nan,nan,nan,nan,1.3563383,0.4970957,0
763330418,0,0.86455613,-0.6603096,0.054929763,0.054389726,nan,nan,nan,nan,nan,1.3563383,0.4970957,0
764330419,0,0.86455613,-0.6603096,0.054929763,0.054389726,nan,nan,nan,nan,nan,1.3563383,0.4970957,0
765330419,0,0.86455613,-0.6603096,0.054929763,0.054389726,nan,nan,nan,nan,nan,1.3563383,0.4970957,0
766330420,0,0.86455613,-0.6603096,0.054929763,0.054389726,nan,nan,nan,nan,nan,1.3563383,0.4970957,0
767330436,0,0.86455613,-0.6603096,0.054929763,0.054389726,nan,nan,nan,nan,nan,1.3563383,0.4970957,0
768330419,0,0.86455613,-0.6603096,0.054929763,0.054389726,nan,nan,nan,nan,nan,1.3563383,0.4970957,0
769330419,0,0.86455613,-0.6603096,0.054929763,0.054389726,nan,nan,nan,nan,nan,1.3563383,0.4970957,0
770330419,0,0.86455613,-0.6603096,0.054929763,0.054389726,nan,nan,nan,nan,nan,1.3563383,0.4970957,0
771330419,0,0.86455613,-0.6603096,0.054929763,0.054389726,nan,nan,nan,nan,nan,1.3563383,0.4970957,0
772330431,0,0.86455613,-0.6603096,0.054929763,0.054389726,nan,nan,nan,nan,nan,1.3563383,0.4970957,0
773330419,0,0.86455613,-0.6603096,0.054929763,0.054389726,nan,nan,nan,nan,nan,1.3563383,0.4970957,0
774330420,0,0.86455613,-0.6603096,0.054929763,0.054389726,nan,nan,nan,nan,nan,1.3563383,0.4970957,0
775330419,0,0.86455613,-0.6603096,0.054929763,0.054389726,nan,nan,nan,nan,nan,1.3563383,0.4970957,0
776330419,0,0.86455613,-0.6603096,0.054929763,0.054389726,nan,nan,nan,nan,nan,1.3563383,0.4970957,0
777330419,0,0.86455613,-0.6603096,0.054929763,0.054389726,nan,nan,nan,nan,nan,1.3563383,0.4970957,0
778330418,0,0.86455613,-0.6603096,0.054929763,0.054389726,nan,nan,nan,nan,nan,1.3563383,0.4970957,0
779330419,0,0.86455613,-0.6603096,0.054929763,0.054389726,nan,nan,nan,nan,nan,1.3563383,0.4970957,0
780330418,0,0.86455613,-0.6603096,0.054929763,0.054389726,nan,nan,nan,nan,nan,1.3563383,0.4970957,0
781330423,0,0.86455613,-0.6603096,0.054929763,0.054389726,nan,nan,nan,nan,nan,1.3563383,0.4970957,0
782330419,0,0.86455613,-0.6603096,0.054929763,0.054389726,nan,nan,nan,nan,nan,1.3563383,0.4970957,0
783330419,0,0.86455613,-0.6603096,0.054929763,0.054389726,nan,nan,nan,nan,nan,1.3563383,0.4970957,0
784330419,0,0.86455613,-0.6603096,0.054929763,0.054389726,nan,nan,nan,nan,nan,1.3563383,0.4970957,0
785330419,0,0.86455613,-0.6603096,0.054929763,0.054389726,nan,nan,nan,nan,nan,1.3563383,0.4970957,0
786330419,0,0.86455613,-0.6603096,0.054929763,0.054389726,nan,nan,nan,nan,nan,1.3563383,0.4970957,0
787330419,0,0.86455613,-0.6603096,0.054929763,0.054389726,nan,nan,nan,nan,nan,1.3563383,0.4970957,0
788330420,0,0.86455613,-0.6603096,0.054929763,0.054389726,nan,nan,nan,nan,nan,1.3563383,0.4970957,0
789330419,0,0.86455613,-0.6603096,0.054929763,0.054389726,nan,nan,nan,nan,nan,1.3563383,0.4970957,0
790330488,0,0.86455613,-0.6603096,0.054929763,0.054389726,nan,nan,nan,nan,nan,1.3563383,0.4970957,0
791330419,0,0.86455613,-0.6603096,0.054929763,0.054389726,nan,nan,nan,nan,nan,1.3563383,0.4970957,0
792330463,0,0.86455613,-0.6603096,0.054929763,0.054389726,nan,nan,nan,nan,nan,1.3563383,0.4970957,0
793330419,0,0.86455613,-0.6603096,0.054929763,0.054389726,nan,nan,nan,nan,nan,1.3563383,0.4970957,0
794330419,0,0.86455613,-0.6603096,0.054929763,0.054389726,nan,nan,nan,nan,nan,1.3563383,0.4970957,0
795330419,0,0.86455613,-0.6603096,0.054929763,0.054389726,nan,nan,nan,nan,nan,1.3563383,0.4970957,0
796330419,0,0.86455613,-0.6603096,0.054929763,0.054389726,nan,nan,nan,nan,nan,1.3563383,0.4970957,0
797330420,0,0.86455613,-0.6603096,0.054929763,0.054389726,nan,nan,nan,nan,nan,1.3563383,0.4970957,0
798330421,0,0.86455613,-0.6603096,0.054929763,0.054389726,nan,nan,nan,nan,nan,1.3563383,0.4970957,0
799330419,0,0.86455613,-0.6603096,0.054929763,0.054389726,nan,nan,nan,nan,nan,1.3563383,0.4970957,0
800330419,0,0.86455613,-0.6603096,0.054929763,0.054389726,nan,nan,nan,nan,nan,1.3563383,0.4970957,0
801330419,0,0.86455613,-0.6603096,0.054929763,0.054389726,nan,nan,nan,nan,nan,1.3563383,0.4970957,0
802330420,0,0.86455613,-0.6603096,0.054929763,0.054389726,nan,nan,nan,nan,nan,1.3563383,0.4970957,0
803330419,0,0.86455613,-0.6603096,0.054929763,0.054389726,nan,nan,nan,nan,nan,1.3563383,0.4970957,0
804330420,0,0.86455613,-0.6603096,0.054929763,0.054389726,nan,nan,nan,nan,nan,1.3563383,0.4970957,0
805330419,0,0.86455613,-0.6603096,0.054929763,0.054389726,nan,nan,nan,nan,nan,1.3563383,0.4970957,0
806330419,0,0.86455613,-0.6603096,0.054929763,0.054389726,nan,nan,nan,nan,nan,1.3563383,0.4970957,0
807330419,0,0.86455613,-0.6603096,0.054929763,0.054389726,nan,nan,nan,nan,nan,1.3563383,0.4970957,0
808330419,0,0.86455613,-0.6603096,0.054929763,0.054389726,nan,nan,nan,nan,nan,1.3563383,0.4970957,0
809330419,0,0.86455613,-0.6603096,0.054929763,0.054389726,nan,nan,nan,nan,nan,1.3563383,0.4970957,0
810330419,0,0.86455613,-0.6603096,0.054929763,0.054389726,nan,nan,nan,nan,nan,1.3563383,0.4970957,0
811330420,0,0.86455613,-0.6603096,0.054929763,0.054389726,nan,nan,nan,nan,nan,1.3563383,0.4970957,0
812330419,0,0.86455613,-0.6603096,0.054929763,0.054389726,nan,nan,nan,nan,nan,1.3563383,0.4970957,0
813330471,0,0.86455613,-0.6603096,0.054929763,0.054389726,nan,nan,nan,nan,nan,1.3563383,0.4970957,0
814330419,0,0.86455613,-0.6603096,0.054929763,0.054389726,nan,nan,nan,nan,nan,1.3563383,0.4970957,0
815330419,0,0.86455613,-0.6603096,0.054929763,0.054389726,nan,nan,nan,nan,nan,1.3563383,0.4970957,0
816330419,0,0.86455613,-0.6603096,0.054929763,0.054389726,nan,nan,nan,nan,nan,1.3563383,0.4970957,0
817330429,0,0.86455613,-0.6603096,0.054929763,0.054389726,nan,nan,nan,nan,nan,1.3563383,0.4970957,0
818330419,0,0.86455613,-0.6603096,0.054929763,0.054389726,nan,nan,nan,nan,nan,1.3563383,0.4970957,0
819330419,0,0.86455613,-0.6603096,0.054929763,0.054389726,nan,nan,nan,nan,nan,1.3563383,0.4970957,0
820330420,0,0.86455613,-0.6603096,0.054929763,0.054389726,nan,nan,nan,nan,nan,1.3563383,0.4970957,0
821330419,0,0.86455613,-0.6603096,0.054929763,0.054389726,nan,nan,nan,nan,nan,1.3563383,0.4970957,0
822330419,0,0.86455613,-0.6603096,0.054929763,0.054389726,nan,nan,nan,nan,nan,1.3563383,0.4970957,0
823330419,0,0.86455613,-0.6603096,0.054929763,0.054389726,nan,nan,nan,nan,nan,1.3563383,0.4970957,0
824330419,0,0.86455613,-0.6603096,0.054929763,0.054389726,nan,nan,nan,nan,nan,1.3563383,0.4970957,0
825330419,0,0.86455613,-0.6603096,0.054929763,0.054389726,nan,nan,nan,nan,nan,1.3563383,0.4970957,0
826330419,0,0.86455613,-0.6603096,0.054929763,0.054389726,nan,nan,nan,nan,nan,1.3563383,0.4970957,0
827330419,0,0.86455613,-0.6603096,0.054929763,0.054389726,nan,nan,nan,nan,nan,1.3563383,0.4970957,0
828330420,0,0.86455613,-0.6603096,0.054929763,0.054389726,nan,nan,nan,nan,nan,1.3563383,0.4970957,0
829330419,0,0.86455613,-0.6603096,0.054929763,0.054389726,nan,nan,nan,nan,nan,1.3563383,0.4970957,0
830330420,0,0.86455613,-0.6603096,0.054929763,0.054389726,nan,nan,nan,nan,nan,1.3563383,0.4970957,0
831330419,0,0.86455613,-0.6603096,0.054929763,0.054389726,nan,nan,nan,nan,nan,1.3563383,0.4970957,0
832330418,0,0.86455613,-0.6603096,0.054929763,0.054389726,nan,nan,nan,nan,nan,1.3563383,0.4970957,0
833330419,0,0.86455613,-0.6603096,0.054929763,0.054389726,nan,nan,nan,nan,nan,1.3563383,0.4970957,0
834330429,0,0.86455613,-0.6603096,0.054929763,0.054389726,nan,nan,nan,nan,nan,1.3563383,0.4970957,0
835330420,0,0.86455613,-0.6603096,0.054929763,0.054389726,nan,nan,nan,nan,nan,1.3563383,0.4970957,0
836330422,0,0.86455613,-0.6603096,0.054929763,0.054389726,nan,nan,nan,nan,nan,1.3563383,0.4970957,0
837330419,0,0.86455613,-0.6603096,0.054929763,0.054389726,nan,nan,nan,nan,nan,1.3563383,0.4970957,0
838330419,0,0.86455613,-0.6603096,0.054929763,0.054389726,nan,nan,nan,nan,nan,1.3563383,0.4970957,0
839330419,0,0.86455613,-0.6603096,0.054929763,0.054389726,nan,nan,nan,nan,nan,1.3563383,0.4970957,0
840330419,0,0.86455613,-0.6603096,0.054929763,0.054389726,nan,nan,nan,nan,nan,1.3563383,0.4970957,0
841330420,0,0.86455613,-0.6603096,0.054929763,0.054389726,nan,nan,nan,nan,nan,1.3563383,0.4970957,0
842330419,0,0.86455613,-0.6603096,0.054929763,0.054389726,nan,nan,nan,nan,nan,1.3563383,0.4970957,0
843330420,0,0.86455613,-0.6603096,0.054929763,0.054389726,nan,nan,nan,nan,nan,1.3563383,0.4970957,0
844330418,0,0.86455613,-0.6603096,0.054929763,0.054389726,nan,nan,nan,nan,nan,1.3563383,0.4970957,0
845330419,0,0.86455613,-0.6603096,0.054929763,0.054389726,nan,nan,nan,nan,nan,1.3563383,0.4970957,0
846330421,0,0.86455613,-0.6603096,0.054929763,0.054389726,nan,nan,nan,nan,nan,1.3563383,0.4970957,0
847330419,0,0.86455613,-0.6603096,0.054929763,0.054389726,nan,nan,nan,nan,nan,1.3563383,0.4970957,0
848330419,0,0.86455613,-0.6603096,0.054929763,0.054389726,nan,nan,nan,nan,nan,1.3563383,0.4970957,0
849330419,0,0.86455613,-0.6603096,0.054929763,0.054389726,nan,nan,nan,nan,nan,1.3563383,0.4970957,0
850330420,0,0.86455613,-0.6603096,0.054929763,0.054389726,nan,nan,nan,nan,nan,1.3563383,0.4970957,0
851330419,0,0.86455613,-0.6603096,0.054929763,0.054389726,nan,nan,nan,nan,nan,1.3563383,0.4970957,0
852330421,0,0.86455613,-0.6603096,0.054929763,0.054389726,nan,nan,nan,nan,nan,1.3563383,0.4970957,0
853330419,0,0.86455613,-0.6603096,0.054929763,0.054389726,nan,nan,nan,nan,nan,1.3563383,0.4970957,0
854330419,0,0.86455613,-0.6603096,0.054929763,0.054389726,nan,nan,nan,nan,nan,1.3563383,0.4970957,0
855330419,0,0.86455613,-0.6603096,0.054929763,0.054389726,nan,nan,nan,nan,nan,1.3563383,0.4970957,0
856330419,0,0.86455613,-0.6603096,0.054929763,0.054389726,nan,nan,nan,nan,nan,1.3563383,0.4970957,0
857330419,0,0.86455613,-0.6603096,0.054929763,0.054389726,nan,nan,nan,nan,nan,1.3563383,0.4970957,0
858330419,0,0.86455613,-0.6603096,0.054929763,0.054389726,nan,nan,nan,nan,nan,1.3563383,0.4970957,0
859330419,0,0.86455613,-0.6603096,0.054929763,0.054389726,nan,nan,nan,nan,nan,1.3563383,0.4970957,0
860330420,0,0.86455613,-0.6603096,0.054929763,0.054389726,nan,nan,nan,nan,nan,1.3563383,0.4970957,0
861330466,0,0.86455613,-0.6603096,0.054929763,0.054389726,nan,nan,nan,nan,nan,1.3563383,0.4970957,0
862330419,0,0.86455613,-0.6603096,0.054929763,0.054389726,nan,nan,nan,nan,nan,1.3563383,0.4970957,0
863330419,0,0.86455613,-0.6603096,0.054929763,0.054389726,nan,nan,nan,nan,nan,1.3563383,0.4970957,0
864330419,0,0.86455613,-0.6603096,0.054929763,0.054389726,nan,nan,nan,nan,nan,1.3563383,0.4970957,0
865330419,0,0.86455613,-0.6603096,0.054929763,0.054389726,nan,nan,nan,nan,nan,1.3563383,0.4970957,0
866330419,0,0.86455613,-0.6603096,0.054929763,0.054389726,nan,nan,nan,nan,nan,1.3563383,0.4970957,0
867330420,0,0.86455613,-0.6603096,0.054929763,0.054389726,nan,nan,nan,nan,nan,1.3563383,0.4970957,0
868330440,0,0.86455613,-0.6603096,0.054929763,0.054389726,nan,nan,nan,nan,nan,1.3563383,0.4970957,0
869330434,0,0.86455613,-0.6603096,0.054929763,0.054389726,nan,nan,nan,nan,nan,1.3563383,0.4970957,0
870330419,0,0.86455613,-0.6603096,0.054929763,0.054389726,nan,nan,nan,nan,nan,1.3563383,0.4970957,0
871330438,0,0.86455613,-0.6603096,0.054929763,0.054389726,nan,nan,nan,nan,nan,1.3563383,0.4970957,0
872330419,0,0.86455613,-0.6603096,0.054929763,0.054389726,nan,nan,nan,nan,nan,1.3563383,0.4970957,0
873330419,0,0.86455613,-0.6603096,0.054929763,0.054389726,nan,nan,nan,nan,nan,1.3563383,0.4970957,0
874330419,0,0.86455613,-0.6603096,0.054929763,0.054389726,nan,nan,nan,nan,nan,1.3563383,0.4970957,0
875330432,0,0.86455613,-0.6603096,0.054929763,0.054389726,nan,nan,nan,nan,nan,1.3563383,0.4970957,0
876330419,0,0.86455613,-0.6603096,0.054929763,0.054389726,nan,nan,nan,nan,nan,1.3563383,0.4970957,0
877330420,0,0.86455613,-0.6603096,0.054929763,0.054389726,nan,nan,nan,nan,nan,1.3563383,0.4970957,0
878330419,0,0.86455613,-0.6603096,0.054929763,0.054389726,nan,nan,nan,nan,nan,1.3563383,0.4970957,0
879330419,0,0.86455613,-0.6603096,0.054929763,0.054389726,nan,nan,nan,nan,nan,1.3563383,0.4970957,0
880330419,0,0.86455613,-0.6603096,0.054929763,0.054389726,nan,nan,nan,nan,nan,1.3563383,0.4970957,0
881330419,0,0.86455613,-0.6603096,0.054929763,0.054389726,nan,nan,nan,nan,nan,1.3563383,0.4970957,0
882330419,0,0.86455613,-0.6603096,0.054929763,0.054389726,nan,nan,nan,nan,nan,1.3563383,0.4970957,0
883330427,0,0.86455613,-0.6603096,0.054929763,0.054389726,nan,nan,nan,nan,nan,1.3563383,0.4970957,0
884330419,0,0.86455613,-0.6603096,0.054929763,0.054389726,nan,nan,nan,nan,nan,1.3563383,0.4970957,0
885330420,0,0.86455613,-0.6603096,0.054929763,0.054389726,nan,nan,nan,nan,nan,1.3563383,0.4970957,0
886330419,0,0.86455613,-0.6603096,0.054929763,0.054389726,nan,nan,nan,nan,nan,1.3563383,0.4970957,0
887330419,0,0.86455613,-0.6603096,0.054929763,0.054389726,nan,nan,nan,nan,nan,1.3563383,0.4970957,0
888330419,0,0.86455613,-0.6603096,0.054929763,0.054389726,nan,nan,nan,nan,nan,1.3563383,0.4970957,0
889330418,0,0.86455613,-0.6603096,0.054929763,0.054389726,nan,nan,nan,nan,nan,1.3563383,0.4970957,0
890330419,0,0.86455613,-0.6603096,0.054929763,0.054389726,nan,nan,nan,nan,nan,1.3563383,0.4970957,0
891330419,0,0.86455613,-0.6603096,0.054929763,0.054389726,nan,nan,nan,nan,nan,1.3563383,0.4970957,0
892330420,0,0.86455613,-0.6603096,0.054929763,0.054389726,nan,nan,nan,nan,nan,1.3563383,0.4970957,0
893330420,0,0.86455613,-0.6603096,0.054929763,0.054389726,nan,nan,nan,nan,nan,1.3563383,0.4970957,0
894330468,0,0.86455613,-0.6603096,0.054929763,0.054389726,nan,nan,nan,nan,nan,1.3563383,0.4970957,0
895330419,0,0.86455613,-0.6603096,0.054929763,0.054389726,nan,nan,nan,nan,nan,1.3563383,0.4970957,0
896330419,0,0.86455613,-0.6603096,0.054929763,0.054389726,nan,nan,nan,nan,nan,1.3563383,0.4970957,0
897330419,0,0.86455613,-0.6603096,0.054929763,0.054389726,nan,nan,nan,nan,nan,1.3563383,0.4970957,0
898330420,0,0.86455613,-0.6603096,0.054929763,0.054389726,nan,nan,nan,nan,nan,1.3563383,0.4970957,0
899330419,0,0.86455613,-0.6603096,0.054929763,0.054389726,nan,nan,nan,nan,nan,1.3563383,0.4970957,0
900330419,0,0.86455613,-0.6603096,0.054929763,0.054389726,nan,nan,nan,nan,nan,1.3563383,0.4970957,0
901330419,0,0.86455613,-0.6603096,0.054929763,0.054389726,nan,nan,nan,nan,nan,1.3563383,0.4970957,0
902330419,0,0.86455613,-0.6603096,0.054929763,0.054389726,nan,nan,nan,nan,nan,1.3563383,0.4970957,0
903330419,0,0.86455613,-0.6603096,0.054929763,0.054389726,nan,nan,nan,nan,nan,1.3563383,0.4970957,0
904330433,0,0.86455613,-0.6603096,0.054929763,0.054389726,nan,nan,nan,nan,nan,1.3563383,0.4970957,0
905330419,0,0.86455613,-0.6603096,0.054929763,0.054389726,nan,nan,nan,nan,nan,1.3563383,0.4970957,0
906330419,0,0.86455613,-0.6603096,0.054929763,0.054389726,nan,nan,nan,nan,nan,1.3563383,0.4970957,0
907330419,0,0.86455613,-0.6603096,0.054929763,0.054389726,nan,nan,nan,nan,nan,1.3563383,0.4970957,0
908330420,0,0.86455613,-0.6603096,0.054929763,0.054389726,nan,nan,nan,nan,nan,1.3563383,0.4970957,0
909330419,0,0.86455613,-0.6603096,0.054929763,0.054389726,nan,nan,nan,nan,nan,1.3563383,0.4970957,0
910330419,0,0.86455613,-0.6603096,0.054929763,0.054389726,nan,nan,nan,nan,nan,1.3563383,0.4970957,0
911330478,0,0.86455613,-0.6603096,0.054929763,0.054389726,nan,nan,nan,nan,nan,1.3563383,0.4970957,0
912330435,0,0.86455613,-0.6603096,0.054929763,0.054389726,nan,nan,nan,nan,nan,1.3563383,0.4970957,0
913330419,0,0.86455613,-0.6603096,0.054929763,0.054389726,nan,nan,nan,nan,nan,1.3563383,0.4970957,0
914330419,0,0.86455613,-0.6603096,0.054929763,0.054389726,nan,nan,nan,nan,nan,1.3563383,0.4970957,0
915330419,0,0.86455613,-0.6603096,0.054929763,0.054389726,nan,nan,nan,nan,nan,1.3563383,0.4970957,0
916330419,0,0.86455613,-0.6603096,0.054929763,0.054389726,nan,nan,nan,nan,nan,1.3563383,0.4970957,0
917330419,0,0.86455613,-0.6603096,0.054929763,0.054389726,nan,nan,nan,nan,nan,1.3563383,0.4970957,0
918330420,0,0.86455613,-0.6603096,0.054929763,0.054389726,nan,nan,nan,nan,nan,1.3563383,0.4970957,0
919330419,0,0.86455613,-0.6603096,0.054929763,0.054389726,nan,nan,nan,nan,nan,1.3563383,0.4970957,0
920330420,0,0.86455613,-0.6603096,0.054929763,0.054389726,nan,nan,nan,nan,nan,1.3563383,0.4970957,0
921330419,0,0.86455613,-0.6603096,0.054929763,0.054389726,nan,nan,nan,nan,nan,1.3563383,0.4970957,0
922330419,0,0.86455613,-0.6603096,0.054929763,0.054389726,nan,nan,nan,nan,nan,1.3563383,0.4970957,0
923330419,0,0.86455613,-0.6603096,0.054929763,0.054389726,nan,nan,nan,nan,nan,1.3563383,0.4970957,0
924330419,0,0.86455613,-0.6603096,0.054929763,0.054389726,nan,nan,nan,nan,nan,1.3563383,0.4970957,0
925330419,0,0.86455613,-0.6603096,0.054929763,0.054389726,nan,nan,nan,nan,nan,1.3563383,0.4970957,0
926330419,0,0.86455613,-0.6603096,0.054929763,0.054389726,nan,nan,nan,nan,nan,1.3563383,0.4970957,0
927330419,0,0.86455613,-0.6603096,0.054929763,0.054389726,nan,nan,nan,nan,nan,1.3563383,0.4970957,0
928330428,0,0.86455613,-0.6603096,0.054929763,0.054389726,nan,nan,nan,nan,nan,1.3563383,0.4970957,0
929330423,0,0.86455613,-0.6603096,0.054929763,0.054389726,nan,nan,nan,nan,nan,1.3563383,0.4970957,0
930330433,0,0.86455613,-0.6603096,0.054929763,0.054389726,nan,nan,nan,nan,nan,1.3563383,0.4970957,0
931330420,0,0.86455613,-0.6603096,0.054929763,0.054389726,nan,nan,nan,nan,nan,1.3563383,0.4970957,0
932330419,0,0.86455613,-0.6603096,0.054929763,0.054389726,nan,nan,nan,nan,nan,1.3563383,0.4970957,0
933330419,0,0.86455613,-0.6603096,0.054929763,0.054389726,nan,nan,nan,nan,nan,1.3563383,0.4970957,0
934330419,0,0.86455613,-0.6603096,0.054929763,0.054389726,nan,nan,nan,nan,nan,1.3563383,0.4970957,0
935330419,0,0.86455613,-0.6603096,0.054929763,0.054389726,nan,nan,nan,nan,nan,1.3563383,0.4970957,0
936330419,0,0.86455613,-0.6603096,0.054929763,0.054389726,nan,nan,nan,nan,nan,1.3563383,0.4970957,0
937330420,0,0.86455613,-0.6603096,0.054929763,0.054389726,nan,nan,nan,nan,nan,1.3563383,0.4970957,0
938330441,0,0.86455613,-0.6603096,0.054929763,0.054389726,nan,nan,nan,nan,nan,1.3563383,0.4970957,0
939330455,0,0.86455613,-0.6603096,0.054929763,0.054389726,nan,nan,nan,nan,nan,1.3563383,0.4970957,0
940330419,0,0.86455613,-0.6603096,0.054929763,0.054389726,nan,nan,nan,nan,nan,1.3563383,0.4970957,0
941330419,0,0.86455613,-0.6603096,0.054929763,0.054389726,nan,nan,nan,nan,nan,1.3563383,0.4970957,0
942330419,0,0.86455613,-0.6603096,0.054929763,0.054389726,nan,nan,nan,nan,nan,1.3563383,0.4970957,0
943330419,0,0.86455613,-0.6603096,0.054929763,0.054389726,nan,nan,nan,nan,nan,1.3563383,0.4970957,0
944330419,0,0.86455613,-0.6603096,0.054929763,0.054389726,nan,nan,nan,nan,nan,1.3563383,0.4970957,0
945330421,0,0.86455613,-0.6603096,0.054929763,0.054389726,nan,nan,nan,nan,nan,1.3563383,0.4970957,0
946330419,0,0.86455613,-0.6603096,0.054929763,0.054389726,nan,nan,nan,nan,nan,1.3563383,0.4970957,0
947330421,0,0.86455613,-0.6603096,0.054929763,0.054389726,nan,nan,nan,nan,nan,1.3563383,0.4970957,0
948330419,0,0.86455613,-0.6603096,0.054929763,0.054389726,nan,nan,nan,nan,nan,1.3563383,0.4970957,0
949330419,0,0.86455613,-0.6603096,0.054929763,0.054389726,nan,nan,nan,nan,nan,1.3563383,0.4970957,0
950330419,0,0.86455613,-0.6603096,0.054929763,0.054389726,nan,nan,nan,nan,nan,1.3563383,0.4970957,0
951330419,0,0.86455613,-0.6603096,0.054929763,0.054389726,nan,nan,nan,nan,nan,1.3563383,0.4970957,0
952330419,0,0.86455613,-0.6603096,0.054929763,0.054389726,nan,nan,nan,nan,nan,1.3563383,0.4970957,0
953330419,0,0.86455613,-0.6603096,0.054929763,0.054389726,nan,nan,nan,nan,nan,1.3563383,0.4970957,0
954330420,0,0.86455613,-0.6603096,0.054929763,0.054389726,nan,nan,nan,nan,nan,1.3563383,0.4970957,0
955330420,0,0.86455613,-0.6603096,0.054929763,0.054389726,nan,nan,nan,nan,nan,1.3563383,0.4970957,0
956330428,0,0.86455613,-0.6603096,0.054929763,0.054389726,nan,nan,nan,nan,nan,1.3563383,0.4970957,0
957330419,0,0.86455613,-0.6603096,0.054929763,0.054389726,nan,nan,nan,nan,nan,1.3563383,0.4970957,0
958330418,0,0.86455613,-0.6603096,0.054929763,0.054389726,nan,nan,nan,nan,nan,1.3563383,0.4970957,0
959330419,0,0.86455613,-0.6603096,0.054929763,0.054389726,nan,nan,nan,nan,nan,1.3563383,0.4970957,0
960330419,0,0.86455613,-0.6603096,0.054929763,0.054389726,nan,nan,nan,nan,nan,1.3563383,0.4970957,0
961330419,0,0.86455613,-0.6603096,0.054929763,0.054389726,nan,nan,nan,nan,nan,1.3563383,0.4970957,0
962330419,0,0.86455613,-0.6603096,0.054929763,0.054389726,nan,nan,nan,nan,nan,1.3563383,0.4970957,0
963330419,0,0.86455613,-0.6603096,0.054929763,0.054389726,nan,nan,nan,nan,nan,1.3563383,0.4970957,0
964330433,0,0.86455613,-0.6603096,0.054929763,0.054389726,nan,nan,nan,nan,nan,1.3563383,0.4970957,0
965330463,0,0.86455613,-0.6603096,0.054929763,0.054389726,nan,nan,nan,nan,nan,1.3563383,0.4970957,0
966330419,0,0.86455613,-0.6603096,0.054929763,0.054389726,nan,nan,nan,nan,nan,1.3563383,0.4970957,0
967330420,0,0.86455613,-0.6603096,0.054929763,0.054389726,nan,nan,nan,nan,nan,1.3563383,0.4970957,0
968330419,0,0.86455613,-0.6603096,0.054929763,0.054389726,nan,nan,nan,nan,nan,1.3563383,0.4970957,0
969330419,0,0.86455613,-0.6603096,0.054929763,0.054389726,nan,nan,nan,nan,nan,1.3563383,0.4970957,0
970330419,0,0.86455613,-0.6603096,0.054929763,0.054389726,nan,nan,nan,nan,nan,1.3563383,0.4970957,0
971330419,0,0.86455613,-0.6603096,0.054929763,0.054389726,nan,nan,nan,nan,nan,1.3563383,0.4970957,0
972330421,0,0.86455613,-0.6603096,0.054929763,0.054389726,nan,nan,nan,nan,nan,1.3563383,0.4970957,0
973330419,0,0.86455613,-0.6603096,0.054929763,0.054389726,nan,nan,nan,nan,nan,1.3563383,0.4970957,0
974330419,0,0.86455613,-0.6603096,0.054929763,0.054389726,nan,nan,nan,nan,nan,1.3563383,0.4970957,0
975330418,0,0.86455613,-0.6603096,0.054929763,0.054389726,nan,nan,nan,nan,nan,1.3563383,0.4970957,0
976330418,0,0.86455613,-0.6603096,0.054929763,0.054389726,nan,nan,nan,nan,nan,1.3563383,0.4970957,0
977330419,0,0.86455613,-0.6603096,0.054929763,0.054389726,nan,nan,nan,nan,nan,1.3563383,0.4970957,0
978330419,0,0.86455613,-0.6603096,0.054929763,0.054389726,nan,nan,nan,nan,nan,1.3563383,0.4970957,0
979330419,0,0.86455613,-0.6603096,0.054929763,0.054389726,nan,nan,nan,nan,nan,1.3563383,0.4970957,0
980330441,0,0.86455613,-0.6603096,0.054929763,0.054389726,nan,nan,nan,nan,nan,1.3563383,0.4970957,0
981330456,0,0.86455613,-0.6603096,0.054929763,0.054389726,nan,nan,nan,nan,nan,1.3563383,0.4970957,0
982330420,0,0.86455613,-0.6603096,0.054929763,0.054389726,nan,nan,nan,nan,nan,1.3563383,0.4970957,0
983330419,0,0.86455613,-0.6603096,0.054929763,0.054389726,nan,nan,nan,nan,nan,1.3563383,0.4970957,0
984330419,0,0.86455613,-0.6603096,0.054929763,0.054389726,nan,nan,nan,nan,nan,1.3563383,0.4970957,0
985330419,0,0.86455613,-0.6603096,0.054929763,0.054389726,nan,nan,nan,nan,nan,1.3563383,0.4970957,0
986330419,0,0.86455613,-0.6603096,0.054929763,0.054389726,nan,nan,nan,nan,nan,1.3563383,0.4970957,0
987330419,0,0.86455613,-0.6603096,0.054929763,0.054389726,nan,nan,nan,nan,nan,1.3563383,0.4970957,0
988330420,0,0.86455613,-0.6603096,0.054929763,0.054389726,nan,nan,nan,nan,nan,1.3563383,0.4970957,0
989330420,0,0.86455613,-0.6603096,0.054929763,0.054389726,nan,nan,nan,nan,nan,1.3563383,0.4970957,0
990330419,0,0.86455613,-0.6603096,0.054929763,0.054389726,nan,nan,nan,nan,nan,1.3563383,0.4970957,0
991330419,0,0.86455613,-0.6603096,0.054929763,0.054389726,nan,nan,nan,nan,nan,1.3563383,0.4970957,0
992330431,0,0.86455613,-0.6603096,0.054929763,0.054389726,nan,nan,nan,nan,nan,1.3563383,0.4970957,0
993330419,0,0.86455613,-0.6603096,0.054929763,0.054389726,nan,nan,nan,nan,nan,1.3563383,0.4970957,0
994330419,0,0.86455613,-0.6603096,0.054929763,0.054389726,nan,nan,nan,nan,nan,1.3563383,0.4970957,0
995330419,0,0.86455613,-0.6603096,0.054929763,0.054389726,nan,nan,nan,nan,nan,1.3563383,0.4970957,0
996330419,0,0.86455613,-0.6603096,0.054929763,0.054389726,nan,nan,nan,nan,nan,1.3563383,0.4970957,0
997330418,0,0.86455613,-0.6603096,0.054929763,0.054389726,nan,nan,nan,nan,nan,1.3563383,0.4970957,0
998330436,0,0.86455613,-0.6603096,0.054929763,0.054389726,nan,nan,nan,nan,nan,1.3563383,0.4970957,0
999330419,0,0.86455613,-0.6603096,0.054929763,0.054389726,nan,nan,nan,nan,nan,1.3563383,0.4970957,0
1000330419,0,0.86455613,-0.6603096,0.054929763,0.054389726,nan,nan,nan,nan,nan,1.3563383,0.4970957,0
1001330419,0,0.86455613,-0.6603096,0.054929763,0.054389726,nan,nan,nan,nan,nan,1.3563383,0.4970957,0
1002330466,0,0.86455613,-0.6603096,0.054929763,0.054389726,nan,nan,nan,nan,nan,1.3563383,0.4970957,0
1003330431,0,0.86455613,-0.6603096,0.054929763,0.054389726,nan,nan,nan,nan,nan,1.3563383,0.4970957,0
1004330426,0,0.86455613,-0.6603096,0.054929763,0.054389726,nan,nan,nan,nan,nan,1.3563383,0.4970957,0
1005330419,0,0.86455613,-0.6603096,0.054929763,0.054389726,nan,nan,nan,nan,nan,1.3563383,0.4970957,0
1006330420,0,0.86455613,-0.6603096,0.054929763,0.054389726,nan,nan,nan,nan,nan,1.3563383,0.4970957,0
1007330419,0,0.86455613,-0.6603096,0.054929763,0.054389726,nan,nan,nan,nan,nan,1.3563383,0.4970957,0
1008330419,0,0.86455613,-0.6603096,0.054929763,0.054389726,nan,nan,nan,nan,nan,1.3563383,0.4970957,0
1009330418,0,0.86455613,-0.6603096,0.054929763,0.054389726,nan,nan,nan,nan,nan,1.3563383,0.4970957,0
1010330419,0,0.86455613,-0.6603096,0.054929763,0.054389726,nan,nan,nan,nan,nan,1.3563383,0.4970957,0
1011330420,0,0.86455613,-0.6603096,0.054929763,0.054389726,nan,nan,nan,nan,nan,1.3563383,0.4970957,0
1012330420,0,0.86455613,-0.6603096,0.054929763,0.054389726,nan,nan,nan,nan,nan,1.3563383,0.4970957,0
1013330419,0,0.86455613,-0.6603096,0.054929763,0.054389726,nan,nan,nan,nan,nan,1.3563383,0.4970957,0
1014330450,0,0.86455613,-0.6603096,0.054929763,0.054389726,nan,nan,nan,nan,nan,1.3563383,0.4970957,0
1015330433,0,0.86455613,-0.6603096,0.054929763,0.054389726,nan,nan,nan,nan,nan,1.3563383,0.4970957,0
1016330421,0,0.86455613,-0.6603096,0.054929763,0.054389726,nan,nan,nan,nan,nan,1.3563383,0.4970957,0
1017330419,0,0.86455613,-0.6603096,0.054929763,0.054389726,nan,nan,nan,nan,nan,1.3563383,0.4970957,0
1018330419,0,0.86455613,-0.6603096,0.054929763,0.054389726,nan,nan,nan,nan,nan,1.3563383,0.4970957,0
1019330419,0,0.86455613,-0.6603096,0.054929763,0.054389726,nan,nan,nan,nan,nan,1.3563383,0.4970957,0
1020330419,0,0.86455613,-0.6603096,0.054929763,0.054389726,nan,nan,nan,nan,nan,1.3563383,0.4970957,0
1021330420,0,0.86455613,-0.6603096,0.054929763,0.054389726,nan,nan,nan,nan,nan,1.3563383,0.4970957,0
1022330419,0,0.86455613,-0.6603096,0.054929763,0.054389726,nan,nan,nan,nan,nan,1.3563383,0.4970957,0
1023330420,0,0.86455613,-0.6603096,0.054929763,0.054389726,nan,nan,nan,nan,nan,1.3563383,0.4970957,0
1024330432,0,0.86455613,-0.6603096,0.054929763,0.054389726,nan,nan,nan,nan,nan,1.3563383,0.4970957,0
1025330419,0,0.86455613,-0.6603096,0.054929763,0.054389726,nan,nan,nan,nan,nan,1.3563383,0.4970957,0
1026330419,0,0.86455613,-0.6603096,0.054929763,0.054389726,nan,nan,nan,nan,nan,1.3563383,0.4970957,0
1027330419,0,0.86455613,-0.6603096,0.054929763,0.054389726,nan,nan,nan,nan,nan,1.3563383,0.4970957,0
1028330420,0,0.86455613,-0.6603096,0.054929763,0.054389726,nan,nan,nan,nan,nan,1.3563383,0.4970957,0
1029330419,0,0.86455613,-0.6603096,0.054929763,0.054389726,nan,nan,nan,nan,nan,1.3563383,0.4970957,0
1030330421,0,0.86455613,-0.6603096,0.054929763,0.054389726,nan,nan,nan,nan,nan,1.3563383,0.4970957,0
1031330419,0,0.86455613,-0.6603096,0.054929763,0.054389726,nan,nan,nan,nan,nan,1.3563383,0.4970957,0
1032330419,0,0.86455613,-0.6603096,0.054929763,0.054389726,nan,nan,nan,nan,nan,1.3563383,0.4970957,0
1033330419,0,0.86455613,-0.6603096,0.054929763,0.054389726,nan,nan,nan,nan,nan,1.3563383,0.4970957,0
1034330419,0,0.86455613,-0.6603096,0.054929763,0.054389726,nan,nan,nan,nan,nan,1.3563383,0.4970957,0
1035330419,0,0.86455613,-0.6603096,0.054929763,0.054389726,nan,nan,nan,nan,nan,1.3563383,0.4970957,0
1036330427,0,0.86455613,-0.6603096,0.054929763,0.054389726,nan,nan,nan,nan,nan,1.3563383,0.4970957,0
1037330419,0,0.86455613,-0.6603096,0.054929763,0.054389726,nan,nan,nan,nan,nan,1.3563383,0.4970957,0
1038330420,0,0.86455613,-0.6603096,0.054929763,0.054389726,nan,nan,nan,nan,nan,1.3563383,0.4970957,0
1039330421,0,0.86455613,-0.6603096,0.054929763,0.054389726,nan,nan,nan,nan,nan,1.3563383,0.4970957,0
1040330448,0,0.86455613,-0.6603096,0.054929763,0.054389726,nan,nan,nan,nan,nan,1.3563383,0.4970957,0
1041330419,0,0.86455613,-0.6603096,0.054929763,0.054389726,nan,nan,nan,nan,nan,1.3563383,0.4970957,0
1042330419,0,0.86455613,-0.6603096,0.054929763,0.054389726,nan,nan,nan,nan,nan,1.3563383,0.4970957,0
1043330419,0,0.86455613,-0.6603096,0.054929763,0.054389726,nan,nan,nan,nan,nan,1.3563383,0.4970957,0
1044330419,0,0.86455613,-0.6603096,0.054929763,0.054389726,nan,nan,nan,nan,nan,1.3563383,0.4970957,0
1045330419,0,0.86455613,-0.6603096,0.054929763,0.054389726,nan,nan,nan,nan,nan,1.3563383,0.4970957,0
1046330419,0,0.86455613,-0.6603096,0.054929763,0.054389726,nan,nan,nan,nan,nan,1.3563383,0.4970957,0
1047330430,0,0.86455613,-0.6603096,0.054929763,0.054389726,nan,nan,nan,nan,nan,1.3563383,0.4970957,0
1048330419,0,0.86455613,-0.6603096,0.054929763,0.054389726,nan,nan,nan,nan,nan,1.3563383,0.4970957,0
1049330419,0,0.86455613,-0.6603096,0.054929763,0.054389726,nan,nan,nan,nan,nan,1.3563383,0.4970957,0
1050330419,0,0.86455613,-0.6603096,0.054929763,0.054389726,nan,nan,nan,nan,nan,1.3563383,0.4970957,0
1051330419,0,0.86455613,-0.6603096,0.054929763,0.054389726,nan,nan,nan,nan,nan,1.3563383,0.4970957,0
1052330419,0,0.86455613,-0.6603096,0.054929763,0.054389726,nan,nan,nan,nan,nan,1.3563383,0.4970957,0
1053330418,0,0.86455613,-0.6603096,0.054929763,0.054389726,nan,nan,nan,nan,nan,1.3563383,0.4970957,0
1054330419,0,0.86455613,-0.6603096,0.054929763,0.054389726,nan,nan,nan,nan,nan,1.3563383,0.4970957,0
1055330420,0,0.86455613,-0.6603096,0.054929763,0.054389726,nan,nan,nan,nan,nan,1.3563383,0.4970957,0
1056330421,0,0.86455613,-0.6603096,0.054929763,0.054389726,nan,nan,nan,nan,nan,1.3563383,0.4970957,0
1057330422,0,0.86455613,-0.6603096,0.054929763,0.054389726,nan,nan,nan,nan,nan,1.3563383,0.4970957,0
1058330419,0,0.86455613,-0.6603096,0.054929763,0.054389726,nan,nan,nan,nan,nan,1.3563383,0.4970957,0
1059330419,0,0.86455613,-0.6603096,0.054929763,0.054389726,nan,nan,nan,nan,nan,1.3563383,0.4970957,0
1060330418,0,0.86455613,-0.6603096,0.054929763,0.054389726,nan,nan,nan,nan,nan,1.3563383,0.4970957,0
1061330419,0,0.86455613,-0.6603096,0.054929763,0.054389726,nan,nan,nan,nan,nan,1.3563383,0.4970957,0
1062330419,0,0.86455613,-0.6603096,0.054929763,0.054389726,nan,nan,nan,nan,nan,1.3563383,0.4970957,0
1063330419,0,0.86455613,-0.6603096,0.054929763,0.054389726,nan,nan,nan,nan,nan,1.3563383,0.4970957,0
1064330420,0,0.86455613,-0.6603096,0.054929763,0.054389726,nan,nan,nan,nan,nan,1.3563383,0.4970957,0
1065330419,0,0.86455613,-0.6603096,0.054929763,0.054389726,nan,nan,nan,nan,nan,1.3563383,0.4970957,0
1066330419,0,0.86455613,-0.6603096,0.054929763,0.054389726,nan,nan,nan,nan,nan,1.3563383,0.4970957,0
1067330419,0,0.86455613,-0.6603096,0.054929763,0.054389726,nan,nan,nan,nan,nan,1.3563383,0.4970957,0
1068330419,0,0.86455613,-0.6603096,0.054929763,0.054389726,nan,nan,nan,nan,nan,1.3563383,0.4970957,0
1069330419,0,0.86455613,-0.6603096,0.054929763,0.054389726,nan,nan,nan,nan,nan,1.3563383,0.4970957,0
1070330419,0,0.86455613,-0.6603096,0.054929763,0.054389726,nan,nan,nan,nan,nan,1.3563383,0.4970957,0
1071330420,0,0.86455613,-0.6603096,0.054929763,0.054389726,nan,nan,nan,nan,nan,1.3563383,0.4970957,0
1072330427,0,0.86455613,-0.6603096,0.054929763,0.054389726,nan,nan,nan,nan,nan,1.3563383,0.4970957,0
1073330419,0,0.86455613,-0.6603096,0.054929763,0.054389726,nan,nan,nan,nan,nan,1.3563383,0.4970957,0
1074330419,0,0.86455613,-0.6603096,0.054929763,0.054389726,nan,nan,nan,nan,nan,1.3563383,0.4970957,0
1075330418,0,0.86455613,-0.6603096,0.054929763,0.054389726,nan,nan,nan,nan,nan,1.3563383,0.4970957,0
1076330420,0,0.86455613,-0.6603096,0.054929763,0.054389726,nan,nan,nan,nan,nan,1.3563383,0.4970957,0
1077330419,0,0.86455613,-0.6603096,0.054929763,0.054389726,nan,nan,nan,nan,nan,1.3563383,0.4970957,0
1078330419,0,0.86455613,-0.6603096,0.054929763,0.054389726,nan,nan,nan,nan,nan,1.3563383,0.4970957,0
1079330437,0,0.86455613,-0.6603096,0.054929763,0.054389726,nan,nan,nan,nan,nan,1.3563383,0.4970957,0
1080330434,0,0.86455613,-0.6603096,0.054929763,0.054389726,nan,nan,nan,nan,nan,1.3563383,0.4970957,0
1081330422,0,0.86455613,-0.6603096,0.054929763,0.054389726,nan,nan,nan,nan,nan,1.3563383,0.4970957,0
1082330419,0,0.86455613,-0.6603096,0.054929763,0.054389726,nan,nan,nan,nan,nan,1.3563383,0.4970957,0
1083330419,0,0.86455613,-0.6603096,0.054929763,0.054389726,nan,nan,nan,nan,nan,1.3563383,0.4970957,0
1084330419,0,0.86455613,-0.6603096,0.054929763,0.054389726,nan,nan,nan,nan,nan,1.3563383,0.4970957,0
1085330419,0,0.86455613,-0.6603096,0.054929763,0.054389726,nan,nan,nan,nan,nan,1.3563383,0.4970957,0
1086330420,0,0.86455613,-0.6603096,0.054929763,0.054389726,nan,nan,nan,nan,nan,1.3563383,0.4970957,0
1087330419,0,0.86455613,-0.6603096,0.054929763,0.054389726,nan,nan,nan,nan,nan,1.3563383,0.4970957,0
1088330443,0,0.86455613,-0.6603096,0.054929763,0.054389726,nan,nan,nan,nan,nan,1.3563383,0.4970957,0
1089330418,0,0.86455613,-0.6603096,0.054929763,0.054389726,nan,nan,nan,nan,nan,1.3563383,0.4970957,0
1090330419,0,0.86455613,-0.6603096,0.054929763,0.054389726,nan,nan,nan,nan,nan,1.3563383,0.4970957,0
1091330419,0,0.86455613,-0.6603096,0.054929763,0.054389726,nan,nan,nan,nan,nan,1.3563383,0.4970957,0
1092330419,0,0.86455613,-0.6603096,0.054929763,0.054389726,nan,nan,nan,nan,nan,1.3563383,0.4970957,0
1093330419,0,0.86455613,-0.6603096,0.054929763,0.054389726,nan,nan,nan,nan,nan,1.3563383,0.4970957,0
1094330419,0,0.86455613,-0.6603096,0.054929763,0.054389726,nan,nan,nan,nan,nan,1.3563383,0.4970957,0
1095330418,0,0.86455613,-0.6603096,0.054929763,0.054389726,nan,nan,nan,nan,nan,1.3563383,0.4970957,0
1096330456,0,0.86455613,-0.6603096,0.054929763,0.054389726,nan,nan,nan,nan,nan,1.3563383,0.4970957,0
1097330419,0,0.86455613,-0.6603096,0.054929763,0.054389726,nan,nan,nan,nan,nan,1.3563383,0.4970957,0
1098330420,0,0.86455613,-0.6603096,0.054929763,0.054389726,nan,nan,nan,nan,nan,1.3563383,0.4970957,0
1099330419,0,0.86455613,-0.6603096,0.054929763,0.054389726,nan,nan,nan,nan,nan,1.3563383,0.4970957,0
1100330419,0,0.86455613,-0.6603096,0.054929763,0.054389726,nan,nan,nan,nan,nan,1.3563383,0.4970957,0
1101330438,0,0.86455613,-0.6603096,0.054929763,0.054389726,nan,nan,nan,nan,nan,1.3563383,0.4970957,0
1102330419,0,0.86455613,-0.6603096,0.054929763,0.054389726,nan,nan,nan,nan,nan,1.3563383,0.4970957,0
1103330420,0,0.86455613,-0.6603096,0.054929763,0.054389726,nan,nan,nan,nan,nan,1.3563383,0.4970957,0
1104330419,0,0.86455613,-0.6603096,0.054929763,0.054389726,nan,nan,nan,nan,nan,1.3563383,0.4970957,0
1105330419,0,0.86455613,-0.6603096,0.054929763,0.054389726,nan,nan,nan,nan,nan,1.3563383,0.4970957,0
1106330419,0,0.86455613,-0.6603096,0.054929763,0.054389726,nan,nan,nan,nan,nan,1.3563383,0.4970957,0
1107330419,0,0.86455613,-0.6603096,0.054929763,0.054389726,nan,nan,nan,nan,nan,1.3563383,0.4970957,0
1108330418,0,0.86455613,-0.6603096,0.054929763,0.054389726,nan,nan,nan,nan,nan,1.3563383,0.4970957,0
1109330419,0,0.86455613,-0.6603096,0.054929763,0.054389726,nan,nan,nan,nan,nan,1.3563383,0.4970957,0
1110330430,0,0.86455613,-0.6603096,0.054929763,0.054389726,nan,nan,nan,nan,nan,1.3563383,0.4970957,0
1111330425,0,0.86455613,-0.6603096,0.054929763,0.054389726,nan,nan,nan,nan,nan,1.3563383,0.4970957,0
1112330419,0,0.86455613,-0.6603096,0.054929763,0.054389726,nan,nan,nan,nan,nan,1.3563383,0.4970957,0
1113330419,0,0.12794308,0.02282618,0.056735177,0.14429101,nan,nan,nan,nan,nan,1.3563383,0.4970957,0
1114330419,0,0.12440501,0.019183865,0.10837969,0.29460087,nan,nan,nan,nan,nan,-0.008718043,0.10188361,0
1115330419,0,0.09916338,-0.0029547026,0.07034036,0.26688993,nan,nan,nan,nan,nan,-0.02561128,0.09424418,0
1116330419,0,0.07138126,-0.027372323,0.061933752,0.2638433,nan,nan,nan,nan,nan,-0.049478482,0.093061395,0
1117330420,0,0.010691626,-0.10299319,0.06264294,0.25998527,nan,nan,nan,nan,nan,-0.091142535,0.09266587,0
1118330420,0,-0.020978516,-0.14554541,0.06446837,0.25518683,nan,nan,nan,nan,nan,-0.0068743,0.09139454,0
1119330418,0,-0.052479487,-0.19540687,0.06987461,0.25486097,nan,nan,nan,nan,nan,-0.10545058,0.09127899,0
1120330419,0,-0.18227373,-0.44950092,0.07511101,0.24687427,nan,nan,nan,nan,nan,-0.19212857,0.09141996,0
1121330419,0,-0.3217434,-0.73149455,0.08224545,0.23888128,nan,nan,nan,nan,nan,-0.23033468,0.09139448,0
1122330419,0,-0.43467695,-0.9311765,0.08796017,0.235726,nan,nan,nan,nan,nan,-0.13695012,0.09114383,0
1123330418,0,-0.5383043,-1.0520276,0.09380884,0.23915595,nan,nan,nan,nan,nan,-0.18051818,0.09110902,0
1124330420,0,-0.665419,-1.1775771,0.0976651,0.24316692,nan,nan,nan,nan,nan,-0.19291088,0.091085784,0
1125330418,0,-0.84620553,-1.3715729,0.10206284,0.24640138,nan,nan,nan,nan,nan,-0.24003921,0.091303684,0
1126330419,0,-1.0856515,-1.632726,0.10203698,0.24451791,nan,nan,nan,nan,nan,-0.21428397,0.09118317,0
1127330419,0,-1.2752035,-1.8142853,0.10365507,0.24680774,nan,nan,nan,nan,nan,-0.23091958,0.09115411,0
1128330419,0,-1.4694532,-1.9879285,0.104969226,0.24986988,nan,nan,nan,nan,nan,-0.2164862,0.091104016,0
1129330419,0,-1.5794927,-2.0951245,0.110832214,0.25595787,nan,nan,nan,nan,nan,-0.3323718,0.091286436,0
1130330420,0,-1.5794927,-2.0951245,0.120832235,0.2659579,nan,nan,nan,nan,nan,-0.37729746,0.091757685,0
1131330420,0,-1.5794927,-2.0951245,0.13083224,0.27595788,nan,nan,nan,nan,nan,-0.39937186,0.09209301,0
1132330420,0,-1.5794927,-2.0951245,0.1408333,0.28595895,nan,nan,nan,nan,nan,-0.47595716,0.092467345,0
1133330419,0,-1.5794927,-2.0951245,0.15293209,0.29805773,nan,nan,nan,nan,nan,-0.5476248,0.093066,0
1134330419,0,0.9197294,-9.833744,0.2604985,0.19720049,nan,nan,nan,nan,nan,-0.031677183,0.090689994,0
1135330419,0,0.9471456,-9.887342,0.26714823,0.19395971,nan,nan,nan,nan,nan,-0.081324644,0.09110402,0
1136330419,0,0.9499907,-9.896325,0.26394805,0.17925517,nan,nan,nan,nan,nan,0.13067128,0.09238255,0
1137330418,0,0.66984373,-9.570227,0.25002068,0.15658577,nan,nan,nan,nan,nan,0.24201424,0.093369976,0
1138330419,0,0.34205395,-9.227456,0.23900928,0.14349566,nan,nan,nan,nan,nan,0.30758855,0.09329667,0
1139330465,0,-0.014078539,-8.894563,0.2194487,0.12818778,nan,nan,nan,nan,nan,0.16906434,0.09305855,0
1140330419,0,-0.19084962,-8.788735,0.20307386,0.12902585,nan,nan,nan,nan,nan,0.08217399,0.0923958,0
1141330418,0,-0.2899631,-8.7511215,0.19253816,0.13601694,nan,nan,nan,nan,nan,0.11785223,0.092212506,0
1142330419,0,-0.5204073,-8.635691,0.18759114,0.1424766,nan,nan,nan,nan,nan,0.28093457,0.092289284,0
1143330419,0,-0.7315804,-8.538824,0.1851892,0.1517197,nan,nan,nan,nan,nan,0.122947894,0.09206276,0
1144330419,0,-0.94000685,-8.484552,0.18156317,0.16077775,nan,nan,nan,nan,nan,0.30386207,0.09238598,0
1145330419,0,-1.2442117,-8.497913,0.16607723,0.17140368,nan,nan,nan,nan,nan,0.05401617,0.092670955,0
1146330420,0,-1.2731651,-8.513739,0.14179489,0.17306453,nan,nan,nan,nan,nan,0.042889398,0.09245783,0
1147330419,0,-1.3817362,-8.591103,0.11304072,0.15971898,nan,nan,nan,nan,nan,-0.038006805,0.093690336,0
1148330419,0,-1.2994606,-8.510756,0.09651674,0.14430724,nan,nan,nan,nan,nan,-0.06526334,0.09337347,0
1149330461,0,-1.1357559,-8.321068,0.091271594,0.13470422,nan,nan,nan,nan,nan,-0.4537989,0.09394284,0
1150330419,0,-1.1357559,-8.321068,0.101271756,0.14470437,nan,nan,nan,nan,nan,-0.6082594,0.09473332,0
1151330420,0,-1.1357559,-8.321068,0.11127262,0.15470523,nan,nan,nan,nan,nan,-0.4235108,0.093196824,0
1152330418,0,-1.1357559,-8.321068,0.12337165,0.16680425,nan,nan,nan,nan,nan,-0.643511,0.09417168,0
1153330426,0,-1.1357559,-8.321068,0.13547161,0.1789042,nan,nan,nan,nan,nan,-0.6724474,0.09307899,0
1154330419,0,-0.6430847,-1.8028098,0.10706655,0.04153236,nan,nan,nan,nan,nan,-0.7401465,0.09156568,0
1155330419,0,-0.71382886,-1.7346532,0.11627429,0.05101842,nan,nan,nan,nan,nan,-0.13095507,0.09077296,0
1156330419,0,-0.79175824,-1.6736332,0.121415,0.058915477,nan,nan,nan,nan,nan,-0.09512669,0.09120425,0
1157330419,0,-0.83655703,-1.6487153,0.12122608,0.066026255,nan,nan,nan,nan,nan,0.0054610413,0.09136426,0
1158330419,0,-0.74768454,-1.6836319,0.119770974,0.07598534,nan,nan,nan,nan,nan,0.07975682,0.09159933,0
1159330419,0,-0.6789868,-1.7065536,0.12026931,0.086794384,nan,nan,nan,nan,nan,0.09178209,0.091517106,0
1160330419,0,-0.62739134,-1.7249587,0.12157713,0.09573188,nan,nan,nan,nan,nan,-5.3911466e-05,0.09120065,0
1161330419,0,-0.66574854,-1.7140843,0.124846116,0.10708992,nan,nan,nan,nan,nan,-0.017442377,0.091029204,0
1162330419,0,-0.6993925,-1.7101935,0.12643646,0.11687438,nan,nan,nan,nan,nan,-0.057182368,0.09116683,0
1163330419,0,-0.7102422,-1.7095402,0.12571727,0.12685257,nan,nan,nan,nan,nan,0.03522022,0.09130468,0
1164330420,0,-0.6640768,-1.7085748,0.12522562,0.13682254,nan,nan,nan,nan,nan,0.05475229,0.09103439,0
1165330419,0,-0.66783106,-1.7075824,0.1313712,0.14670832,nan,nan,nan,nan,nan,-0.07571538,0.09078459,0
1166330419,0,-0.7020553,-1.6955187,0.13893847,0.15639366,nan,nan,nan,nan,nan,-0.06013321,0.09056566,0
1167330420,0,-0.73211306,-1.6794226,0.14676218,0.1657705,nan,nan,nan,nan,nan,-0.069904484,0.090580374,0
1168330418,0,-0.75233555,-1.669146,0.15488459,0.17529783,nan,nan,nan,nan,nan,-0.04504715,0.090661004,0
1169330419,0,-0.8193294,-1.6711284,0.16070807,0.18521783,nan,nan,nan,nan,nan,-0.12953809,0.09068742,0
1170330419,0,-0.8246014,-1.6748145,0.1686573,0.19729121,nan,nan,nan,nan,nan,0.08572088,0.09058827,0
1171330419,0,-0.86426497,-1.6907994,0.17401218,0.20690246,nan,nan,nan,nan,nan,-0.17174467,0.09074204,0
1172330419,0,-0.9234636,-1.7136858,0.18181857,0.218609,nan,nan,nan,nan,nan,0.100581706,0.09048168,0
1173330420,0,-0.9015763,-1.7686177,0.1914787,0.22677988,nan,nan,nan,nan,nan,0.08402422,0.09042828,0
1174330419,0,-0.9044572,-1.7840967,0.20127092,0.23357633,nan,nan,nan,nan,nan,0.03321976,0.09052951,0
1175330419,0,-0.9020784,-1.7775532,0.2105105,0.23817556,nan,nan,nan,nan,nan,-0.038997594,0.09046015,0
1176330419,0,-0.899386,-1.7375927,0.22232725,0.24690174,nan,nan,nan,nan,nan,-0.13621402,0.09030258,0
1177330419,0,-0.94584155,-1.7401738,0.23025109,0.25656852,nan,nan,nan,nan,nan,-0.10006889,0.09038436,0
1178330419,0,-1.0333565,-1.7966667,0.23172326,0.26287985,nan,nan,nan,nan,nan,-0.10294104,0.09068707,0
1179330418,0,-1.1595864,-1.8965176,0.22486086,0.26222458,nan,nan,nan,nan,nan,-0.08555795,0.091017224,0
1180330447,0,-1.2526034,-1.9771827,0.21219449,0.2550043,nan,nan,nan,nan,nan,-0.059332687,0.09138912,0
1181330419,0,-1.3968626,-2.1113622,0.1940548,0.24072753,nan,nan,nan,nan,nan,-0.104131795,0.09176299,0
1182330419,0,-1.6163386,-2.3283353,0.17529665,0.22275843,nan,nan,nan,nan,nan,-0.17580158,0.09226583,0
1183330418,0,-1.9829553,-2.709329,0.14845629,0.19305207,nan,nan,nan,nan,nan,-0.21663427,0.09263628,0
1184330419,0,-2.401118,-3.1738636,0.12639344,0.16348274,nan,nan,nan,nan,nan,-0.26740116,0.09391867,0
1185330420,0,-2.7205677,-3.5455265,0.11193771,0.13966097,nan,nan,nan,nan,nan,-0.27951434,0.09468114,0
1186330420,0,-2.7205677,-3.5455265,0.12193785,0.14966111,nan,nan,nan,nan,nan,-0.82523173,0.09983247,0
1187330419,0,-2.7205677,-3.5455265,0.13403764,0.16176091,nan,nan,nan,nan,nan,-0.34485078,0.09625282,0
1188330419,0,-3.0403616,-3.9804242,0.11294864,0.11451067,nan,nan,nan,nan,nan,-0.18837056,0.09581426,0
1189330419,0,-3.1981466,-4.1711135,0.090618655,0.08081718,nan,nan,nan,nan,nan,0.01880347,0.0962376,0
1190330419,0,-2.9569046,-3.9513104,0.07067787,0.06425679,nan,nan,nan,nan,nan,0.2217617,0.094611295,0
1191330420,0,-2.7906668,-3.818175,0.07111855,0.06803691,nan,nan,nan,nan,nan,0.3513769,0.09245399,0
1192330420,0,-2.7906668,-3.818175,0.08111855,0.078036904,nan,nan,nan,nan,nan,0.4260016,0.091034085,0
1193330419,0,-2.7906668,-3.818175,0.08111855,0.078036904,nan,nan,nan,nan,nan,0.3891002,0.09030757,0
1194330419,0,-2.7907286,-3.8366156,0.09321626,0.08991496,nan,nan,nan,nan,nan,0.24590935,0.09021728,0
1195330419,0,-2.8218188,-3.9009614,0.10261867,0.09779365,nan,nan,nan,nan,nan,0.11504169,0.09038996,0
1196330419,0,-2.8404088,-3.9274707,0.11193216,0.10481055,nan,nan,nan,nan,nan,0.0017156282,0.0906449,0
1197330419,0,-2.8386765,-3.925532,0.1180144,0.109108634,nan,nan,nan,nan,nan,-0.011784497,0.09087627,0
1198330419,0,-2.8003297,-3.8861964,0.1205236,0.11108443,nan,nan,nan,nan,nan,-0.08038766,0.09104826,0
1199330419,0,-2.6846068,-3.774904,0.120319076,0.11159925,nan,nan,nan,nan,nan,-0.14028464,0.09098651,0
1200330419,0,-2.5744245,-3.6784978,0.120222464,0.11386064,nan,nan,nan,nan,nan,-0.13312908,0.09094801,0
1201330419,0,-2.3885796,-3.5310667,0.1202548,0.11750702,nan,nan,nan,nan,nan,-0.2416061,0.09083185,0
1202330419,0,-2.2326455,-3.4229257,0.1264402,0.12673539,nan,nan,nan,nan,nan,-0.19610319,0.09043662,0
1203330419,0,-2.1781678,-3.4098651,0.1367432,0.1382708,nan,nan,nan,nan,nan,-0.09690051,0.09025538,0
1204330419,0,-2.197112,-3.4408717,0.14385842,0.14119427,nan,nan,nan,nan,nan,-0.0065478613,0.091460995,0
1205330419,0,-2.0250247,-3.2660694,0.12951541,0.124912895,nan,nan,nan,nan,nan,0.19042015,0.09261215,0
1206330419,0,-1.7148993,-2.9926634,0.115109675,0.11594617,nan,nan,nan,nan,nan,0.17528857,0.0919055,0
1207330419,0,-1.5392781,-2.854241,0.10882064,0.11583348,nan,nan,nan,nan,nan,0.13043344,0.09121015,0
1208330419,0,-1.3908571,-2.7532952,0.10983381,0.12164682,nan,nan,nan,nan,nan,0.16500673,0.09086657,0
1209330419,0,-1.2578796,-2.674865,0.11402578,0.12958741,nan,nan,nan,nan,nan,0.20154077,0.0905842,0
1210330419,0,-1.1312879,-2.6070585,0.12099292,0.14021163,nan,nan,nan,nan,nan,0.14178386,0.090477586,0
1211330424,0,-1.0228515,-2.556055,0.12748386,0.14942211,nan,nan,nan,nan,nan,0.22437175,0.090401396,0
1212330420,0,-0.90708756,-2.5024483,0.13465598,0.15880373,nan,nan,nan,nan,nan,0.21449904,0.09039766,0
1213330419,0,-0.7964314,-2.4424572,0.14147533,0.16786689,nan,nan,nan,nan,nan,0.24451372,0.09038418,0
1214330419,0,-0.68180174,-2.3834498,0.14880615,0.17715855,nan,nan,nan,nan,nan,0.23278175,0.09039055,0
1215330419,0,-0.58153355,-2.3362083,0.1561774,0.18657424,nan,nan,nan,nan,nan,0.18592688,0.09035308,0
1216330419,0,-0.5219732,-2.3114274,0.16603483,0.1982887,nan,nan,nan,nan,nan,0.114096165,0.09032637,0
1217330419,0,-0.48886397,-2.3036902,0.17482418,0.20820585,nan,nan,nan,nan,nan,0.12073555,0.090271026,0
1218330418,0,-0.4651234,-2.3003747,0.18386245,0.2181699,nan,nan,nan,nan,nan,0.05033572,0.09027933,0
1219330434,0,-0.43259054,-2.2925858,0.1926665,0.22809575,nan,nan,nan,nan,nan,0.15713237,0.09032385,0
1220330419,0,-0.38002557,-2.270241,0.20272352,0.23981173,nan,nan,nan,nan,nan,0.1553426,0.09032189,0
1221330419,0,-0.3220953,-2.2626321,0.21156876,0.2497815,nan,nan,nan,nan,nan,0.13228062,0.09025772,0
1222330418,0,-0.30248392,-2.26414,0.22104174,0.25977185,nan,nan,nan,nan,nan,0.099713266,0.09023458,0
1223330419,0,-0.2773942,-2.2671762,0.23046811,0.26968992,nan,nan,nan,nan,nan,0.105129614,0.0902748,0
1224330419,0,-0.21871328,-2.2279763,0.23784575,0.27966666,nan,nan,nan,nan,nan,0.17022534,0.09043734,0
1225330420,0,-0.07248039,-2.131769,0.2430666,0.287455,nan,nan,nan,nan,nan,0.2044121,0.09062642,0
1226330434,0,-0.067524835,-2.1302464,0.23193645,0.27873862,nan,nan,nan,nan,nan,-0.05347168,0.09201938,0
1227330419,0,-0.012771979,-2.075242,0.18839155,0.23575023,nan,nan,nan,nan,nan,0.06621007,0.09271124,0
1228330419,0,0.13230573,-1.9267845,0.14581218,0.19035606,nan,nan,nan,nan,nan,0.035914216,0.09356135,0
1229330419,0,0.10198438,-1.9592831,0.10795094,0.14728965,nan,nan,nan,nan,nan,-0.06071948,0.093780234,0
1230330419,0,-0.02907349,-2.099599,0.08609203,0.120838664,nan,nan,nan,nan,nan,-0.09784088,0.09324159,0
1231330418,0,-0.1844914,-2.2667084,0.07163464,0.10256753,nan,nan,nan,nan,nan,-0.08032039,0.092645,0
1232330419,0,-0.23020868,-2.3158758,0.06635243,0.09491112,nan,nan,nan,nan,nan,-0.049995877,0.09266354,0
1233330419,0,-0.27876583,-2.3683956,0.061420605,0.08742647,nan,nan,nan,nan,nan,-0.029388102,0.09227178,0
1234330418,0,-0.3257371,-2.419525,0.059865903,0.08375865,nan,nan,nan,nan,nan,-0.061389092,0.09226617,0
1235330419,0,-0.43158904,-2.5374851,0.0590691,0.07989587,nan,nan,nan,nan,nan,-0.11376619,0.09230275,0
1236330420,0,-0.55465984,-2.6799505,0.059860323,0.07689717,nan,nan,nan,nan,nan,-0.15332453,0.09224008,0
1237330419,0,-0.72764385,-2.8922374,0.06326638,0.07594324,nan,nan,nan,nan,nan,-0.23075579,0.0920984,0
1238330420,0,-0.84640867,-3.0431294,0.06527423,0.07303254,nan,nan,nan,nan,nan,-0.09281972,0.09169557,0
1239330419,0,-0.9379857,-3.1690083,0.07328422,0.07767555,nan,nan,nan,nan,nan,-0.31610042,0.09076494,0
1240330419,0,-0.9379857,-3.1690083,0.08328422,0.08767555,nan,nan,nan,nan,nan,-0.31512877,0.09035798,0
1241330419,0,-0.9360847,-3.2187183,0.09323497,0.09706279,nan,nan,nan,nan,nan,-0.22718982,0.090244144,0
1242330420,0,-0.8943881,-3.2278492,0.10273467,0.10702469,nan,nan,nan,nan,nan,-0.14385274,0.09026561,0
1243330419,0,-0.89107215,-3.246488,0.11271007,0.11654158,nan,nan,nan,nan,nan,-0.10170865,0.09026946,0
1244330450,0,-0.875658,-3.2704096,0.122632824,0.12631382,nan,nan,nan,nan,nan,-0.23981014,0.090189934,0
1245330419,0,-0.82913345,-3.2686267,0.13212724,0.13628428,nan,nan,nan,nan,nan,-0.21073617,0.0901871,0
1246330419,0,-0.72051615,-3.1997132,0.14161646,0.14726011,nan,nan,nan,nan,nan,-0.25722194,0.090476036,0
1247330419,0,-0.58411485,-3.0955813,0.14800939,0.15600497,nan,nan,nan,nan,nan,-0.16643825,0.090602666,0
1248330419,0,-0.45225364,-2.9884334,0.15482719,0.16462775,nan,nan,nan,nan,nan,-0.31116793,0.09080506,0
1249330419,0,-0.3848613,-2.9301386,0.16425411,0.17472634,nan,nan,nan,nan,nan,-0.2684294,0.0907865,0
1250330419,0,-0.23691487,-2.8006096,0.16728427,0.17985141,nan,nan,nan,nan,nan,-0.107129104,0.09064164,0
1251330456,0,-0.16361403,-2.7347183,0.16829368,0.18257432,nan,nan,nan,nan,nan,-0.06889249,0.09067375,0
1252330419,0,-0.08699096,-2.663459,0.15857285,0.17417413,nan,nan,nan,nan,nan,-0.093530454,0.09083052,0
1253330419,0,-0.0023605407,-2.5824816,0.1571114,0.17384015,nan,nan,nan,nan,nan,-0.07504423,0.090983585,0
1254330419,0,0.07099016,-2.5095732,0.15361384,0.17048334,nan,nan,nan,nan,nan,-0.061145905,0.09113877,0
1255330418,0,0.11561213,-2.4637804,0.15109794,0.16717872,nan,nan,nan,nan,nan,-0.042010985,0.091193885,0
1256330419,0,0.15895922,-2.4182582,0.1475115,0.16219254,nan,nan,nan,nan,nan,-0.04047115,0.091182426,0
1257330447,0,0.17604956,-2.399827,0.14260912,0.15460815,nan,nan,nan,nan,nan,-0.0116872545,0.09113401,0
1258330419,0,0.23910615,-2.3201687,0.14774366,0.15702838,nan,nan,nan,nan,nan,-0.18752229,0.090175,0
1259330419,0,0.10212842,-2.4256053,0.15407611,0.16502199,nan,nan,nan,nan,nan,-0.20514815,0.091075815,0
1260330419,0,0.02665607,-2.4944546,0.1476243,0.1611703,nan,nan,nan,nan,nan,-0.034950066,0.09115149,0
1261330419,0,-0.03578133,-2.5521677,0.14760454,0.16294366,nan,nan,nan,nan,nan,-0.01619071,0.0906168,0
1262330420,0,0.004010662,-2.518251,0.1525784,0.16919185,nan,nan,nan,nan,nan,0.082442634,0.0903084,0
1263330420,0,0.0073572025,-2.515602,0.15960751,0.17705338,nan,nan,nan,nan,nan,-0.03997951,0.090250894,0
1264330419,0,-0.00015503362,-2.5220275,0.16920915,0.18733981,nan,nan,nan,nan,nan,0.011495861,0.090196885,0
1265330419,0,-0.019053306,-2.5379033,0.17864014,0.19755676,nan,nan,nan,nan,nan,-0.0439843,0.09015503,0
1266330418,0,-0.025022985,-2.5429907,0.18883862,0.20828995,nan,nan,nan,nan,nan,-0.040881757,0.09015785,0
1267330419,0,-0.03859755,-2.5546732,0.19665481,0.21671613,nan,nan,nan,nan,nan,0.04672028,0.09012285,0
1268330419,0,-0.043328002,-2.558885,0.20684044,0.2274876,nan,nan,nan,nan,nan,-0.09828224,0.09013646,0
1269330418,0,-0.036196608,-2.5532982,0.21543428,0.23654523,nan,nan,nan,nan,nan,0.07031548,0.090108655,0
1270330419,0,-0.051025808,-2.5659094,0.22515576,0.24691077,nan,nan,nan,nan,nan,-0.00015663718,0.09014663,0
1271330419,0,-0.06507097,-2.5788362,0.23115319,0.25361216,nan,nan,nan,nan,nan,-0.04346229,0.090241335,0
1272330419,0,-0.10126676,-2.613258,0.23427562,0.2573991,nan,nan,nan,nan,nan,-0.0569651,0.09038697,0
1273330419,0,-0.15409523,-2.6648235,0.23581779,0.25933775,nan,nan,nan,nan,nan,-0.062185563,0.090546645,0
1274330419,0,-0.2170697,-2.727158,0.23336588,0.25714034,nan,nan,nan,nan,nan,-0.07061583,0.0906481,0
1275330420,0,-0.2903308,-2.8003953,0.22606762,0.24984528,nan,nan,nan,nan,nan,-0.058721446,0.090864025,0
1276330421,0,-0.3889342,-2.8999512,0.21708104,0.24049051,nan,nan,nan,nan,nan,-0.077247955,0.09111926,0
1277330419,0,-0.52045435,-3.0340636,0.19433168,0.21684746,nan,nan,nan,nan,nan,-0.102461316,0.0913863,0
1278330420,0,-0.6558332,-3.173312,0.18111345,0.20218764,nan,nan,nan,nan,nan,-0.118122905,0.09150459,0
1279330419,0,-0.84533167,-3.3717203,0.17355074,0.19274558,nan,nan,nan,nan,nan,-0.16612372,0.09164133,0
1280330419,0,-1.065968,-3.608029,0.16158018,0.17759116,nan,nan,nan,nan,nan,-0.19177678,0.09156602,0
1281330419,0,-1.3203443,-3.8887045,0.14918116,0.16025585,nan,nan,nan,nan,nan,-0.12176079,0.09140249,0
1282330419,0,-1.4693781,-4.0606527,0.14530675,0.15208828,nan,nan,nan,nan,nan,-0.1960944,0.09060468,0
1283330419,0,-1.5373551,-4.1480613,0.15575233,0.16147305,nan,nan,nan,nan,nan,-0.21281096,0.09033338,0
1284330419,0,-1.5655917,-4.1944957,0.16504854,0.16984032,nan,nan,nan,nan,nan,-0.18352032,0.090117,0
1285330419,0,-1.5111943,-4.182054,0.17453408,0.17975701,nan,nan,nan,nan,nan,-0.23966691,0.09014902,0
1286330419,0,-1.4619211,-4.1571164,0.18349001,0.18947674,nan,nan,nan,nan,nan,-0.13927019,0.09016159,0
1287330420,0,-1.3201215,-4.049276,0.18943596,0.19711843,nan,nan,nan,nan,nan,-0.2945864,0.090422384,0
1288330418,0,-1.2130339,-3.958663,0.19758132,0.20638773,nan,nan,nan,nan,nan,-0.22396241,0.09045395,0
1289330420,0,-1.0573401,-3.8265607,0.20036009,0.2111895,nan,nan,nan,nan,nan,-0.21032347,0.090469025,0
1290330419,0,-0.8844,-3.678048,0.2050293,0.21780846,nan,nan,nan,nan,nan,-0.2497553,0.09059251,0
1291330419,0,-0.5962629,-3.4219208,0.20254749,0.21794234,nan,nan,nan,nan,nan,-0.26028806,0.09070843,0
1292330419,0,-0.48262298,-3.3266783,0.2064106,0.22366488,nan,nan,nan,nan,nan,-0.097351305,0.09019705,0
1293330419,0,-0.4771443,-3.3333635,0.21537724,0.23227195,nan,nan,nan,nan,nan,-0.029746505,0.0903838,0
1294330418,0,-0.41398346,-3.263867,0.20627731,0.21881066,nan,nan,nan,nan,nan,0.059774984,0.092506066,0
1295330419,0,-0.46436727,-3.315461,0.16965011,0.17810921,nan,nan,nan,nan,nan,-0.048095133,0.092816845,0
1296330419,0,-0.42897534,-3.2813718,0.14575647,0.15459172,nan,nan,nan,nan,nan,0.07568685,0.091697745,0
1297330419,0,-0.35501197,-3.2122407,0.14597888,0.15627176,nan,nan,nan,nan,nan,0.084257945,0.09093108,0
1298330419,0,-0.2818178,-3.156307,0.15380625,0.1655312,nan,nan,nan,nan,nan,0.1975092,0.09021736,0
1299330419,0,-0.28251198,-3.195019,0.1655524,0.17686288,nan,nan,nan,nan,nan,0.20764779,0.09026201,0
1300330419,0,-0.4095795,-3.35594,0.17318311,0.18193062,nan,nan,nan,nan,nan,0.22272192,0.09078552,0
1301330419,0,-0.62381953,-3.5990918,0.17076737,0.17546104,nan,nan,nan,nan,nan,0.15826042,0.09131932,0
1302330451,0,-0.78443,-3.7717004,0.16143692,0.16323003,nan,nan,nan,nan,nan,0.07927583,0.09166351,0
1303330419,0,-0.7863897,-3.7739027,0.14337607,0.1434634,nan,nan,nan,nan,nan,-0.03212758,0.09164251,0
1304330419,0,-0.717898,-3.7029064,0.1368553,0.13555713,nan,nan,nan,nan,nan,-0.06839622,0.09137376,0
1305330419,0,-0.6482542,-3.6302137,0.13424143,0.13181272,nan,nan,nan,nan,nan,-0.046012104,0.09096014,0
1306330421,0,-0.6497139,-3.6318011,0.13757755,0.13429122,nan,nan,nan,nan,nan,-0.010194173,0.09063704,0
1307330419,0,-0.6248056,-3.6039696,0.14557903,0.14133844,nan,nan,nan,nan,nan,-0.05630013,0.09029141,0
1308330420,0,-0.6174045,-3.595595,0.15425472,0.14925145,nan,nan,nan,nan,nan,0.026431218,0.09007932,0
1309330419,0,-0.6186831,-3.5977757,0.1635082,0.15885009,nan,nan,nan,nan,nan,-0.020073736,0.09018321,0
1310330419,0,-0.64562315,-3.6211462,0.16883294,0.1657691,nan,nan,nan,nan,nan,-0.014253912,0.090619326,0
1311330420,0,-0.6701473,-3.6442332,0.1635205,0.16243897,nan,nan,nan,nan,nan,-0.051223688,0.09115105,0
1312330419,0,-0.6908885,-3.6639888,0.15417092,0.1545291,nan,nan,nan,nan,nan,0.036491256,0.09163958,0
1313330419,0,-0.74699086,-3.719982,0.14601535,0.14692546,nan,nan,nan,nan,nan,-0.12084701,0.09180148,0
1314330420,0,-0.9686916,-3.9476573,0.14243698,0.14260268,nan,nan,nan,nan,nan,-0.26973665,0.091531485,0
1315330419,0,-1.1130877,-4.102256,0.14072952,0.13908541,nan,nan,nan,nan,nan,-0.07474313,0.09087408,0
1316330419,0,-1.1948195,-4.2114716,0.14940111,0.1462705,nan,nan,nan,nan,nan,-0.27755275,0.09012493,0
1317330419,0,-1.1185137,-4.1640825,0.15736769,0.15505683,nan,nan,nan,nan,nan,-0.19736622,0.09045224,0
1318330418,0,-0.90422,-3.9687653,0.15535143,0.15502809,nan,nan,nan,nan,nan,-0.2518541,0.09122117,0
1319330428,0,-0.8573922,-3.9238324,0.16297257,0.16283786,nan,nan,nan,nan,nan,-0.34502745,0.09241729,0
1320330418,0,-0.5907524,-3.6527503,0.15313934,0.15231363,nan,nan,nan,nan,nan,-0.18580887,0.091689594,0
1321330431,0,-0.34458148,-3.3910873,0.1491674,0.1466353,nan,nan,nan,nan,nan,-0.22473729,0.09080545,0
1322330420,0,-0.27487484,-3.3088868,0.1563144,0.15272792,nan,nan,nan,nan,nan,-0.14311548,0.09019433,0
1323330419,0,-0.27094558,-3.2921913,0.16817136,0.16443028,nan,nan,nan,nan,nan,-0.061825223,0.09010615,0
1324330428,0,-0.28814006,-3.3043752,0.17556247,0.1729342,nan,nan,nan,nan,nan,0.0025454417,0.09030746,0
1325330419,0,-0.29216412,-3.3078613,0.18177828,0.1807544,nan,nan,nan,nan,nan,-0.0106048025,0.09052185,0
1326330420,0,-0.25830036,-3.2785687,0.183866,0.18483558,nan,nan,nan,nan,nan,0.046959594,0.09055802,0
1327330420,0,-0.25280142,-3.2737482,0.1837748,0.18702723,nan,nan,nan,nan,nan,0.013702709,0.09054517,0
1328330432,0,-0.21979813,-3.2451842,0.18798976,0.19268386,nan,nan,nan,nan,nan,0.054321177,0.0903943,0
1329330439,0,-0.21779554,-3.2435796,0.19438344,0.2004686,nan,nan,nan,nan,nan,-0.031157631,0.090464264,0
1330330419,0,-0.24058904,-3.263918,0.1981226,0.20547974,nan,nan,nan,nan,nan,-0.036398187,0.09058678,0
1331330419,0,-0.25567755,-3.277663,0.19948418,0.20861547,nan,nan,nan,nan,nan,0.007422302,0.09068202,0
1332330418,0,-0.24617025,-3.2688794,0.18935275,0.19997725,nan,nan,nan,nan,nan,0.01583255,0.09068753,0
1333330425,0,-0.24852133,-3.271143,0.18838778,0.20055217,nan,nan,nan,nan,nan,-0.020688962,0.09080989,0
1334330469,0,-0.29634932,-3.317199,0.18534894,0.19847459,nan,nan,nan,nan,nan,-0.05526987,0.091150366,0
1335330419,0,-0.3454149,-3.3653991,0.17469975,0.18853189,nan,nan,nan,nan,nan,-0.03805176,0.09174192,0
1336330419,0,-0.38731316,-3.4073231,0.15223433,0.16594781,nan,nan,nan,nan,nan,-0.015431072,0.09246196,0
1337330419,0,-0.4429641,-3.4639287,0.13034205,0.14299469,nan,nan,nan,nan,nan,-0.050617512,0.092641816,0
1338330419,0,-0.59047765,-3.6163414,0.11558955,0.12665972,nan,nan,nan,nan,nan,-0.14821023,0.09250142,0
1339330420,0,-0.79811686,-3.8352349,0.10305129,0.11165926,nan,nan,nan,nan,nan,-0.14838283,0.09190188,0
1340330421,0,-0.88400865,-3.9278126,0.09889478,0.10515367,nan,nan,nan,nan,nan,-0.06367612,0.09181537,0
1341330419,0,-0.9636172,-4.0144835,0.0944408,0.09801656,nan,nan,nan,nan,nan,-0.054775227,0.09176429,0
1342330419,0,-1.0458392,-4.1048794,0.09370482,0.095131055,nan,nan,nan,nan,nan,-0.16318406,0.09143482,0
1343330419,0,-1.2122651,-4.2979364,0.097488515,0.09693001,nan,nan,nan,nan,nan,-0.2946173,0.09065483,0
1344330419,0,-1.3084964,-4.4303904,0.10813485,0.106369704,nan,nan,nan,nan,nan,-0.20338777,0.090163045,0
1345330418,0,-1.3004161,-4.445634,0.11802475,0.11619449,nan,nan,nan,nan,nan,-0.19633223,0.09011217,0
1346330419,0,-1.2727364,-4.432553,0.12746476,0.12603423,nan,nan,nan,nan,nan,-0.13587505,0.09016533,0
1347330419,0,-1.2005035,-4.3752184,0.13678244,0.13635282,nan,nan,nan,nan,nan,-0.16838752,0.09043973,0
1348330419,0,-1.1126004,-4.2986655,0.14093907,0.14188226,nan,nan,nan,nan,nan,-0.10199998,0.090618655,0
1349330419,0,-1.0054517,-4.2020125,0.1445204,0.14666454,nan,nan,nan,nan,nan,-0.16870801,0.09062689,0
1350330419,0,-0.9367074,-4.1415954,0.14930768,0.15266636,nan,nan,nan,nan,nan,-0.06514928,0.09028163,0
1351330424,0,-0.88831824,-4.102049,0.15607901,0.16050953,nan,nan,nan,nan,nan,-0.12840022,0.09024426,0
1352330427,0,-0.7213303,-3.9561138,0.1612121,0.16679849,nan,nan,nan,nan,nan,-0.28693825,0.09045645,0
1353330424,0,-0.5212649,-3.7648606,0.16194981,0.16829273,nan,nan,nan,nan,nan,-0.24331284,0.09093925,0
1354330429,0,-0.34883955,-3.5941234,0.15751088,0.16407059,nan,nan,nan,nan,nan,-0.1091296,0.091028616,0
1355330419,0,-0.18693765,-3.4283726,0.15462087,0.16047929,nan,nan,nan,nan,nan,-0.17496206,0.09146292,0
1356330419,0,0.010418138,-3.2209346,0.1469517,0.1509876,nan,nan,nan,nan,nan,-0.17821231,0.091229446,0
1357330419,0,0.13022594,-3.0821278,0.1513815,0.15377937,nan,nan,nan,nan,nan,-0.17862466,0.090210125,0
1358330419,0,0.038477987,-3.1512516,0.15672618,0.16029488,nan,nan,nan,nan,nan,-0.18363917,0.090806626,0
1359330420,0,-0.046936195,-3.2275457,0.15621223,0.16183232,nan,nan,nan,nan,nan,0.0043303375,0.09088651,0
1360330420,0,0.035598848,-3.1557162,0.15895365,0.16625386,nan,nan,nan,nan,nan,0.116324954,0.09043907,0
1361330419,0,0.027617514,-3.162492,0.16665941,0.17511345,nan,nan,nan,nan,nan,-0.065320514,0.09032715,0
1362330419,0,0.02003464,-3.168768,0.17638683,0.18564853,nan,nan,nan,nan,nan,0.0051218607,0.09019622,0
1363330419,0,0.0056791445,-3.1801565,0.18619603,0.1963034,nan,nan,nan,nan,nan,-0.03817401,0.09018882,0
1364330432,0,-0.012490187,-3.194959,0.19569544,0.20667368,nan,nan,nan,nan,nan,-0.028529773,0.09020157,0
1365330420,0,0.01049541,-3.1776261,0.20603332,0.21772756,nan,nan,nan,nan,nan,0.07042572,0.09015423,0
1366330419,0,-0.029525142,-3.2132256,0.20215815,0.21479405,nan,nan,nan,nan,nan,-0.13826907,0.09039977,0
1367330419,0,-0.11479762,-3.2911723,0.20618676,0.22013396,nan,nan,nan,nan,nan,-0.04111448,0.09045709,0
1368330419,0,-0.107927576,-3.2848766,0.20907281,0.22410347,nan,nan,nan,nan,nan,0.03745262,0.090414025,0
1369330418,0,-0.06473016,-3.2462924,0.21546689,0.2316281,nan,nan,nan,nan,nan,0.005091268,0.090338014,0
1370330419,0,-0.11628541,-3.293309,0.22061846,0.23796867,nan,nan,nan,nan,nan,-0.06676583,0.090403795,0
1371330428,0,-0.14807649,-3.3226187,0.22502777,0.24353456,nan,nan,nan,nan,nan,-0.012815555,0.09037973,0
1372330419,0,-0.1578865,-3.3314767,0.23010343,0.2498687,nan,nan,nan,nan,nan,-0.04456835,0.090280116,0
1373330419,0,-0.19338724,-3.3635676,0.23530826,0.25595063,nan,nan,nan,nan,nan,-0.06304046,0.09028968,0
1374330419,0,-0.2778239,-3.4421446,0.23727901,0.25899947,nan,nan,nan,nan,nan,-0.08612822,0.09037924,0
1375330419,0,-0.31615156,-3.4782124,0.23983598,0.26237798,nan,nan,nan,nan,nan,-0.047226105,0.09050325,0
1376330420,0,-0.4247559,-3.5836747,0.23538187,0.25876215,nan,nan,nan,nan,nan,-0.07448356,0.09076175,0
1377330419,0,-0.45070946,-3.6090958,0.23205775,0.25597462,nan,nan,nan,nan,nan,-0.039005883,0.09100008,0
1378330419,0,-0.51757884,-3.6754818,0.21993056,0.24414207,nan,nan,nan,nan,nan,-0.02126297,0.091394275,0
1379330419,0,-0.539846,-3.697731,0.18813224,0.21206659,nan,nan,nan,nan,nan,0.0009882041,0.09310348,0
1380330419,0,-0.40492374,-3.5613365,0.13692462,0.15949309,nan,nan,nan,nan,nan,0.11200387,0.09515547,0
1381330418,0,-0.15327828,-3.3061037,0.098555826,0.11967549,nan,nan,nan,nan,nan,0.12496866,0.096228555,0
1382330419,0,0.05543607,-3.0916553,0.0703091,0.08930799,nan,nan,nan,nan,nan,0.12630655,0.09659204,0
1383330419,0,0.23719364,-2.9025676,0.045164503,0.061252173,nan,nan,nan,nan,nan,0.07650972,0.095998846,0
1384330431,0,0.3236876,-2.8119323,0.03624697,0.050484557,nan,nan,nan,nan,nan,0.047629595,0.09593039,0
1385330419,0,0.38375473,-2.7493615,0.029795723,0.042668637,nan,nan,nan,nan,nan,0.034927543,0.095365934,0
1386330418,0,0.39712903,-2.735492,0.030282589,0.04248911,nan,nan,nan,nan,nan,0.0036001082,0.09581936,0
1387330419,0,0.3847906,-2.7481198,0.028684363,0.040322486,nan,nan,nan,nan,nan,-0.040697742,0.095585406,0
1388330419,0,0.34861255,-2.7847908,0.029770913,0.04111234,nan,nan,nan,nan,nan,-0.06381267,0.09563799,0
1389330419,0,0.28779602,-2.8459454,0.028676363,0.039910503,nan,nan,nan,nan,nan,-0.08699144,0.0954143,0
1390330420,0,0.20773192,-2.92518,0.029557623,0.041033503,nan,nan,nan,nan,nan,-0.09844335,0.09505418,0
1391330454,0,0.10947208,-3.020879,0.029404122,0.04142198,nan,nan,nan,nan,nan,-0.134026,0.09475714,0
1392330419,0,0.012290333,-3.114264,0.031979393,0.04457892,nan,nan,nan,nan,nan,-0.1886629,0.095085636,0
1393330419,0,-0.1520528,-3.270367,0.034345537,0.047897886,nan,nan,nan,nan,nan,-0.18966232,0.09446402,0
1394330419,0,-0.3269807,-3.4344904,0.035455927,0.050064385,nan,nan,nan,nan,nan,-0.19407949,0.09263698,0
1395330418,0,-0.4808352,-3.5770788,0.027628658,0.04333556,nan,nan,nan,nan,nan,-0.16668873,0.0922775,0
1396330418,0,-0.61392343,-3.700254,0.03099871,0.047956232,nan,nan,nan,nan,nan,-0.13323508,0.09221976,0
1397330419,0,-0.6927924,-3.7736664,0.033597,0.05154776,nan,nan,nan,nan,nan,-0.07561067,0.092088446,0
1398330419,0,-0.7139438,-3.7935953,0.037319623,0.056268323,nan,nan,nan,nan,nan,0.009381187,0.09213786,0
1399330419,0,-0.6689354,-3.750982,0.03840238,0.058265954,nan,nan,nan,nan,nan,0.07810936,0.09222675,0
1400330419,0,-0.5790096,-3.664114,0.038610622,0.059134636,nan,nan,nan,nan,nan,0.11187712,0.092664175,0
1401330420,0,-0.45404416,-3.540669,0.03719512,0.05799911,nan,nan,nan,nan,nan,0.13271049,0.093161054,0
1402330419,0,-0.34408545,-3.43,0.038830966,0.05947678,nan,nan,nan,nan,nan,0.11748984,0.09396362,0
1403330420,0,-0.20325145,-3.2861083,0.036213163,0.05617789,nan,nan,nan,nan,nan,0.11496518,0.094640195,0
1404330428,0,-0.08688289,-3.1661382,0.032333147,0.051395893,nan,nan,nan,nan,nan,0.087515734,0.094723515,0
1405330420,0,-0.020517675,-3.09704,0.02996329,0.047960784,nan,nan,nan,nan,nan,0.05143712,0.09456729,0
1406330420,0,0.0176737,-3.057376,0.029543718,0.046580244,nan,nan,nan,nan,nan,0.016243279,0.0947997,0
1407330419,0,-0.00369115,-3.0791721,0.03076482,0.04721786,nan,nan,nan,nan,nan,-0.048771273,0.09434801,0
1408330420,0,-0.08917342,-3.164714,0.02912348,0.045540992,nan,nan,nan,nan,nan,-0.09991811,0.093331635,0
1409330457,0,-0.19001697,-3.2635744,0.031800047,0.048502944,nan,nan,nan,nan,nan,-0.14592397,0.09273003,0
1410330419,0,-0.29529572,-3.3634264,0.034736227,0.05215364,nan,nan,nan,nan,nan,-0.099306434,0.0920129,0
1411330419,0,-0.318342,-3.3848164,0.038324583,0.056585424,nan,nan,nan,nan,nan,0.024495434,0.09213138,0
1412330419,0,-0.23952214,-3.3096871,0.041442476,0.06055143,nan,nan,nan,nan,nan,0.123835735,0.092975,0
1413330419,0,-0.010015023,-3.0830352,0.041300215,0.060719028,nan,nan,nan,nan,nan,0.2929811,0.09472784,0
1414330419,0,-0.010015023,-3.0830352,0.053400215,0.07281903,nan,nan,nan,nan,nan,0.45083988,0.09826498,0
1415330419,0,-0.010015023,-3.0830352,0.06550019,0.084919006,nan,nan,nan,nan,nan,0.60983956,0.10482511,0
1416330419,0,-0.010015023,-3.0830352,0.07550019,0.094919,nan,nan,nan,nan,nan,0.6801459,0.10960194,0
1417330419,0,-0.010015023,-3.0830352,0.08550019,0.104919,nan,nan,nan,nan,nan,0.6913111,0.113404274,0
1418330419,0,-0.010015023,-3.0830352,0.095500186,0.114919,nan,nan,nan,nan,nan,0.69522786,0.11674511,0
1419330419,0,-0.010015023,-3.0830352,0.095500186,0.114919,nan,nan,nan,nan,nan,0.6354857,0.115061104,0
1420330418,0,-0.010015023,-3.0830352,0.095500186,0.114919,nan,nan,nan,nan,nan,0.6354857,0.115061104,0
1421330420,0,-0.010015023,-3.0830352,0.095500186,0.114919,nan,nan,nan,nan,nan,0.6354857,0.115061104,0
1422330419,0,-0.010015023,-3.0830352,0.095500186,0.114919,nan,nan,nan,nan,nan,0.6354857,0.115061104,0
1423330419,0,-0.010015023,-3.0830352,0.095500186,0.114919,nan,nan,nan,nan,nan,0.6354857,0.115061104,0
1424330419,0,-0.010015023,-3.0830352,0.095500186,0.114919,nan,nan,nan,nan,nan,0.6354857,0.115061104,0
1425330419,0,-0.010015023,-3.0830352,0.095500186,0.114919,nan,nan,nan,nan,nan,0.6354857,0.115061104,0
1426330419,0,-0.010015023,-3.0830352,0.095500186,0.114919,nan,nan,nan,nan,nan,0.6354857,0.115061104,0
1427330419,0,-0.010015023,-3.0830352,0.095500186,0.114919,nan,nan,nan,nan,nan,0.6354857,0.115061104,0
1428330420,0,-0.010015023,-3.0830352,0.095500186,0.114919,nan,nan,nan,nan,nan,0.6354857,0.115061104,0
1429330419,0,-0.010015023,-3.0830352,0.095500186,0.114919,nan,nan,nan,nan,nan,0.6354857,0.115061104,0
1430330419,0,-0.010015023,-3.0830352,0.095500186,0.114919,nan,nan,nan,nan,nan,0.6354857,0.115061104,0
1431330419,0,-0.010015023,-3.0830352,0.095500186,0.114919,nan,nan,nan,nan,nan,0.6354857,0.115061104,0
1432330418,0,-0.010015023,-3.0830352,0.095500186,0.114919,nan,nan,nan,nan,nan,0.6354857,0.115061104,0
1433330419,0,-0.010015023,-3.0830352,0.095500186,0.114919,nan,nan,nan,nan,nan,0.6354857,0.115061104,0
1434330420,0,-0.010015023,-3.0830352,0.095500186,0.114919,nan,nan,nan,nan,nan,0.6354857,0.115061104,0
1435330419,0,-0.010015023,-3.0830352,0.095500186,0.114919,nan,nan,nan,nan,nan,0.6354857,0.115061104,0
1436330419,0,-0.010015023,-3.0830352,0.095500186,0.114919,nan,nan,nan,nan,nan,0.6354857,0.115061104,0
1437330419,0,-0.010015023,-3.0830352,0.095500186,0.114919,nan,nan,nan,nan,nan,0.6354857,0.115061104,0
1438330419,0,-0.010015023,-3.0830352,0.095500186,0.114919,nan,nan,nan,nan,nan,0.6354857,0.115061104,0
1439330419,0,-0.010015023,-3.0830352,0.095500186,0.114919,nan,nan,nan,nan,nan,0.6354857,0.115061104,0
1440330420,0,-0.010015023,-3.0830352,0.095500186,0.114919,nan,nan,nan,nan,nan,0.6354857,0.115061104,0
1441330419,0,-0.010015023,-3.0830352,0.095500186,0.114919,nan,nan,nan,nan,nan,0.6354857,0.115061104,0
1442330419,0,-0.010015023,-3.0830352,0.095500186,0.114919,nan,nan,nan,nan,nan,0.6354857,0.115061104,0
1443330419,0,-0.010015023,-3.0830352,0.095500186,0.114919,nan,nan,nan,nan,nan,0.6354857,0.115061104,0
1444330419,0,-0.010015023,-3.0830352,0.095500186,0.114919,nan,nan,nan,nan,nan,0.6354857,0.115061104,0
1445330418,0,-0.010015023,-3.0830352,0.095500186,0.114919,nan,nan,nan,nan,nan,0.6354857,0.115061104,0
1446330425,0,-0.010015023,-3.0830352,0.095500186,0.114919,nan,nan,nan,nan,nan,0.6354857,0.115061104,0
1447330422,0,-0.010015023,-3.0830352,0.095500186,0.114919,nan,nan,nan,nan,nan,0.6354857,0.115061104,0
1448330419,0,-0.010015023,-3.0830352,0.095500186,0.114919,nan,nan,nan,nan,nan,0.6354857,0.115061104,0
1449330419,0,-0.010015023,-3.0830352,0.095500186,0.114919,nan,nan,nan,nan,nan,0.6354857,0.115061104,0
1450330419,0,-0.010015023,-3.0830352,0.095500186,0.114919,nan,nan,nan,nan,nan,0.6354857,0.115061104,0
1451330419,0,-0.010015023,-3.0830352,0.095500186,0.114919,nan,nan,nan,nan,nan,0.6354857,0.115061104,0
1452330423,0,-0.010015023,-3.0830352,0.095500186,0.114919,nan,nan,nan,nan,nan,0.6354857,0.115061104,0
1453330419,0,-0.010015023,-3.0830352,0.095500186,0.114919,nan,nan,nan,nan,nan,0.6354857,0.115061104,0
1454330419,0,-0.010015023,-3.0830352,0.095500186,0.114919,nan,nan,nan,nan,nan,0.6354857,0.115061104,0
1455330419,0,-0.010015023,-3.0830352,0.095500186,0.114919,nan,nan,nan,nan,nan,0.6354857,0.115061104,0
1456330418,0,-0.010015023,-3.0830352,0.095500186,0.114919,nan,nan,nan,nan,nan,0.6354857,0.115061104,0
1457330419,0,-0.010015023,-3.0830352,0.095500186,0.114919,nan,nan,nan,nan,nan,0.6354857,0.115061104,0
1458330420,0,-0.010015023,-3.0830352,0.095500186,0.114919,nan,nan,nan,nan,nan,0.6354857,0.115061104,0
1459330420,0,-0.010015023,-3.0830352,0.095500186,0.114919,nan,nan,nan,nan,nan,0.6354857,0.115061104,0
1460330419,0,-0.010015023,-3.0830352,0.095500186,0.114919,nan,nan,nan,nan,nan,0.6354857,0.115061104,0
1461330419,0,-0.010015023,-3.0830352,0.095500186,0.114919,nan,nan,nan,nan,nan,0.6354857,0.115061104,0
1462330418,0,-0.010015023,-3.0830352,0.095500186,0.114919,nan,nan,nan,nan,nan,0.6354857,0.115061104,0
1463330419,0,-0.010015023,-3.0830352,0.095500186,0.114919,nan,nan,nan,nan,nan,0.6354857,0.115061104,0
1464330419,0,-0.010015023,-3.0830352,0.095500186,0.114919,nan,nan,nan,nan,nan,0.6354857,0.115061104,0
1465330419,0,-0.010015023,-3.0830352,0.095500186,0.114919,nan,nan,nan,nan,nan,0.6354857,0.115061104,0
1466330419,0,-0.010015023,-3.0830352,0.095500186,0.114919,nan,nan,nan,nan,nan,0.6354857,0.115061104,0
1467330418,0,-0.010015023,-3.0830352,0.095500186,0.114919,nan,nan,nan,nan,nan,0.6354857,0.115061104,0
1468330419,0,-0.010015023,-3.0830352,0.095500186,0.114919,nan,nan,nan,nan,nan,0.6354857,0.115061104,0
1469330419,0,-0.010015023,-3.0830352,0.095500186,0.114919,nan,nan,nan,nan,nan,0.6354857,0.115061104,0
1470330418,0,-0.010015023,-3.0830352,0.095500186,0.114919,nan,nan,nan,nan,nan,0.6354857,0.115061104,0
1471330419,0,-0.010015023,-3.0830352,0.095500186,0.114919,nan,nan,nan,nan,nan,0.6354857,0.115061104,0
1472330419,0,-0.010015023,-3.0830352,0.095500186,0.114919,nan,nan,nan,nan,nan,0.6354857,0.115061104,0
1473330419,0,-0.010015023,-3.0830352,0.095500186,0.114919,nan,nan,nan,nan,nan,0.6354857,0.115061104,0
1474330419,0,-0.010015023,-3.0830352,0.095500186,0.114919,nan,nan,nan,nan,nan,0.6354857,0.115061104,0
1475330419,0,-0.010015023,-3.0830352,0.095500186,0.114919,nan,nan,nan,nan,nan,0.6354857,0.115061104,0
1476330420,0,-0.010015023,-3.0830352,0.095500186,0.114919,nan,nan,nan,nan,nan,0.6354857,0.115061104,0
1477330419,0,-0.010015023,-3.0830352,0.095500186,0.114919,nan,nan,nan,nan,nan,0.6354857,0.115061104,0
1478330419,0,-0.010015023,-3.0830352,0.095500186,0.114919,nan,nan,nan,nan,nan,0.6354857,0.115061104,0
1479330418,0,-0.010015023,-3.0830352,0.095500186,0.114919,nan,nan,nan,nan,nan,0.6354857,0.115061104,0
1480330419,0,-0.010015023,-3.0830352,0.095500186,0.114919,nan,nan,nan,nan,nan,0.6354857,0.115061104,0
1481330419,0,-0.010015023,-3.0830352,0.095500186,0.114919,nan,nan,nan,nan,nan,0.6354857,0.115061104,0
1482330420,0,-0.010015023,-3.0830352,0.095500186,0.114919,nan,nan,nan,nan,nan,0.6354857,0.115061104,0
1483330419,0,-0.010015023,-3.0830352,0.095500186,0.114919,nan,nan,nan,nan,nan,0.6354857,0.115061104,0
1484330419,0,-0.010015023,-3.0830352,0.095500186,0.114919,nan,nan,nan,nan,nan,0.6354857,0.115061104,0
1485330419,0,-0.010015023,-3.0830352,0.095500186,0.114919,nan,nan,nan,nan,nan,0.6354857,0.115061104,0
1486330420,0,-0.010015023,-3.0830352,0.095500186,0.114919,nan,nan,nan,nan,nan,0.6354857,0.115061104,0
1487330420,0,-0.010015023,-3.0830352,0.095500186,0.114919,nan,nan,nan,nan,nan,0.6354857,0.115061104,0
1488330420,0,-0.010015023,-3.0830352,0.095500186,0.114919,nan,nan,nan,nan,nan,0.6354857,0.115061104,0
1489330419,0,-0.010015023,-3.0830352,0.095500186,0.114919,nan,nan,nan,nan,nan,0.6354857,0.115061104,0
1490330419,0,-0.010015023,-3.0830352,0.095500186,0.114919,nan,nan,nan,nan,nan,0.6354857,0.115061104,0
1491330419,0,-0.010015023,-3.0830352,0.095500186,0.114919,nan,nan,nan,nan,nan,0.6354857,0.115061104,0
1492330419,0,-0.010015023,-3.0830352,0.095500186,0.114919,nan,nan,nan,nan,nan,0.6354857,0.115061104,0
1493330419,0,-0.010015023,-3.0830352,0.095500186,0.114919,nan,nan,nan,nan,nan,0.6354857,0.115061104,0
1494330424,0,-0.010015023,-3.0830352,0.095500186,0.114919,nan,nan,nan,nan,nan,0.6354857,0.115061104,0
1495330419,0,-0.010015023,-3.0830352,0.095500186,0.114919,nan,nan,nan,nan,nan,0.6354857,0.115061104,0
1496330420,0,-0.010015023,-3.0830352,0.095500186,0.114919,nan,nan,nan,nan,nan,0.6354857,0.115061104,0
1497330420,0,-0.010015023,-3.0830352,0.095500186,0.114919,nan,nan,nan,nan,nan,0.6354857,0.115061104,0
1498330419,0,-0.010015023,-3.0830352,0.095500186,0.114919,nan,nan,nan,nan,nan,0.6354857,0.115061104,0
1499330419,0,-0.010015023,-3.0830352,0.095500186,0.114919,nan,nan,nan,nan,nan,0.6354857,0.115061104,0
1500330438,0,-0.010015023,-3.0830352,0.095500186,0.114919,nan,nan,nan,nan,nan,0.6354857,0.115061104,0
1501330418,0,-0.010015023,-3.0830352,0.095500186,0.114919,nan,nan,nan,nan,nan,0.6354857,0.115061104,0
1502330419,0,-0.010015023,-3.0830352,0.095500186,0.114919,nan,nan,nan,nan,nan,0.6354857,0.115061104,0
1503330419,0,-0.010015023,-3.0830352,0.095500186,0.114919,nan,nan,nan,nan,nan,0.6354857,0.115061104,0
1504330419,0,-0.010015023,-3.0830352,0.095500186,0.114919,nan,nan,nan,nan,nan,0.6354857,0.115061104,0
1505330419,0,-0.010015023,-3.0830352,0.095500186,0.114919,nan,nan,nan,nan,nan,0.6354857,0.115061104,0
1506330484,0,-0.010015023,-3.0830352,0.095500186,0.114919,nan,nan,nan,nan,nan,0.6354857,0.115061104,0
1507330423,0,-0.010015023,-3.0830352,0.095500186,0.114919,nan,nan,nan,nan,nan,0.6354857,0.115061104,0
1508330419,0,-0.010015023,-3.0830352,0.095500186,0.114919,nan,nan,nan,nan,nan,0.6354857,0.115061104,0
1509330419,0,-0.010015023,-3.0830352,0.095500186,0.114919,nan,nan,nan,nan,nan,0.6354857,0.115061104,0
1510330419,0,-0.010015023,-3.0830352,0.095500186,0.114919,nan,nan,nan,nan,nan,0.6354857,0.115061104,0
1511330419,0,-0.010015023,-3.0830352,0.095500186,0.114919,nan,nan,nan,nan,nan,0.6354857,0.115061104,0
1512330419,0,-0.010015023,-3.0830352,0.095500186,0.114919,nan,nan,nan,nan,nan,0.6354857,0.115061104,0
1513330419,0,-0.010015023,-3.0830352,0.095500186,0.114919,nan,nan,nan,nan,nan,0.6354857,0.115061104,0
