timestamp,freefall,ground_contact,maybe_landed,landed,in_ground_effect,in_descend,has_low_throttle,vertical_movement,horizontal_movement,close_to_ground_or_skipped_check,at_rest
538379005,0,0,0,1,0,0,0,0,0,0,1
539384204,0,0,0,1,0,0,0,0,0,0,1
540389556,0,0,0,1,0,0,0,0,0,0,1
541394962,0,0,0,1,0,0,0,0,0,0,1
542400492,0,0,0,1,0,0,0,0,0,0,1
543405817,0,0,0,1,0,0,0,0,0,0,1
544411314,0,0,0,1,0,0,0,0,0,0,1
545416635,0,0,0,1,0,0,0,0,0,0,1
546422091,0,0,0,1,0,0,0,0,0,0,1
547427780,0,0,0,1,0,0,0,0,0,0,1
548432859,0,0,0,1,0,0,0,0,0,0,1
549438272,0,0,0,1,0,0,0,0,0,0,1
550443830,0,0,0,1,0,0,0,0,0,0,1
551449168,0,0,0,1,0,0,0,0,0,0,1
552454558,0,0,0,1,0,0,0,0,0,0,1
553459962,0,0,0,1,0,0,0,0,0,0,1
554465463,0,0,0,1,0,0,0,0,0,0,1
555470895,0,0,0,1,0,0,0,0,0,0,1
556476198,0,0,0,1,0,0,0,0,0,0,1
557481792,0,0,0,1,0,0,0,0,0,0,1
558487118,0,0,0,1,0,0,0,0,0,0,1
559492475,0,0,0,1,0,0,0,0,0,0,1
560498269,0,0,0,1,0,0,0,0,0,0,1
561503738,0,0,0,1,0,0,0,0,0,0,1
562509079,0,0,0,1,0,0,0,0,0,0,1
562717809,0,0,0,1,0,0,0,0,0,0,0
563723572,0,0,0,1,0,0,0,0,0,0,0
564111810,0,0,0,1,0,0,0,0,0,0,1
565117126,0,0,0,1,0,0,0,0,0,0,1
566122554,0,0,0,1,0,0,0,0,0,0,1
567127789,0,0,0,1,0,0,0,0,0,0,1
568133079,0,0,0,1,0,0,0,0,0,0,1
569138679,0,0,0,1,0,0,0,0,0,0,1
570143942,0,0,0,1,0,0,0,0,0,0,1
571149351,0,0,0,1,0,0,0,0,0,0,1
572155294,0,0,0,1,0,0,0,0,0,0,1
573160222,0,0,0,1,0,0,0,0,0,0,1
573837191,0,0,0,1,0,0,0,0,0,0,0
574842637,0,0,0,1,0,0,0,0,0,0,0
575390025,0,0,0,1,0,0,0,0,0,0,1
576395448,0,0,0,1,0,0,0,0,0,0,1
577400999,0,0,0,1,0,0,0,0,0,0,1
578406477,0,0,0,1,0,0,0,0,0,0,1
579411805,0,0,0,1,0,0,0,0,0,0,1
580267873,0,0,0,1,0,0,0,0,0,0,0
581273242,0,0,0,1,0,0,0,0,0,0,0
581293507,0,0,0,1,0,0,0,0,0,0,1
581402688,0,0,0,1,0,0,0,0,0,0,0
582408154,0,0,0,1,0,0,0,0,0,0,1
583413906,0,0,0,1,0,0,0,0,0,0,1
584418891,0,0,0,1,0,0,0,0,0,0,1
585424376,0,0,0,1,0,0,0,0,0,0,1
586429793,0,0,0,1,0,0,0,0,0,0,1
587435260,0,0,0,1,0,0,0,0,0,0,1
588440663,0,0,0,1,0,0,0,0,0,0,1
589445999,0,0,0,1,0,0,0,0,0,0,1
590451466,0,0,0,1,0,0,0,0,0,0,1
591456813,0,0,0,1,0,0,0,0,0,0,1
591994364,0,0,0,1,0,0,0,0,0,0,0
592999857,0,0,0,1,0,0,0,0,0,0,0
594005284,0,0,0,1,0,0,0,0,0,0,0
594841534,0,0,0,1,0,0,0,0,0,0,1
595846865,0,0,0,1,0,0,0,0,0,0,1
596852511,0,0,0,1,0,0,0,0,0,0,1
597857757,0,0,0,1,0,0,0,0,0,0,1
598863077,0,0,0,1,0,0,0,0,0,0,1
599868473,0,0,0,1,0,0,0,0,0,0,1
600585261,0,0,0,1,0,0,0,0,0,0,0
601590650,0,0,0,1,0,0,0,0,0,0,0
602596012,0,0,0,1,0,0,0,0,0,0,0
602974335,0,0,0,1,0,0,0,0,0,0,1
603611710,0,0,0,1,0,0,0,0,0,0,0
604616824,0,0,0,1,0,0,0,0,0,0,0
605622272,0,0,0,1,0,0,0,0,0,0,0
606627644,0,0,0,1,0,0,0,0,0,0,0
607125396,0,0,0,1,0,0,0,0,0,0,1
608131120,0,0,0,1,0,0,0,0,0,0,1
609136232,0,0,0,1,0,0,0,0,0,0,1
610141562,0,0,0,1,0,0,0,0,0,0,1
610211251,0,0,0,1,0,0,0,0,0,0,0
611216699,0,0,0,1,0,0,0,0,0,0,1
611505479,0,0,0,1,0,0,0,0,0,0,0
612510730,0,0,0,1,0,0,0,0,0,0,0
613516318,0,0,0,1,0,0,0,0,0,0,0
614521604,0,0,0,1,0,0,0,0,0,0,0
615526977,0,0,0,1,0,0,0,0,0,0,0
616532376,0,0,0,1,0,0,0,0,0,0,0
617219321,0,0,0,1,0,0,0,0,0,0,1
617577599,0,0,0,1,0,0,0,0,0,0,0
618583051,0,0,0,1,0,0,0,0,0,0,1
618841934,0,0,0,1,0,0,0,0,0,0,0
619847212,0,0,0,1,0,0,0,0,0,0,0
620852697,0,0,0,1,0,0,0,0,0,0,0
621858002,0,0,0,1,0,0,0,0,0,0,0
622863506,0,0,0,1,0,0,0,0,0,0,0
623869124,0,0,0,1,0,0,0,0,0,0,0
624824426,0,0,0,1,0,0,0,0,0,0,1
624864291,0,0,0,1,0,0,0,0,0,0,0
625869626,0,0,0,1,0,0,0,0,0,0,0
625879677,0,0,0,1,0,0,0,0,0,0,1
626884986,0,0,0,1,0,0,0,0,0,0,1
627890497,0,0,0,1,0,0,0,0,0,0,1
628896154,0,0,0,1,0,0,0,0,0,0,1
629901487,0,0,0,1,0,0,0,0,0,0,1
630906750,0,0,0,1,0,0,0,0,0,0,1
631911954,0,0,0,1,0,0,0,0,0,0,1
632917406,0,0,0,1,0,0,0,0,0,0,1
633922878,0,0,0,1,0,0,0,0,0,0,1
634928172,0,0,0,1,0,0,0,0,0,0,1
635933593,0,0,0,1,0,0,0,0,0,0,1
636938970,0,0,0,1,0,0,0,0,0,0,1
637944345,0,0,0,1,0,0,0,0,0,0,1
638949794,0,0,0,1,0,0,0,0,0,0,1
639746128,0,0,0,1,0,0,0,0,0,0,0
640751597,0,0,0,1,0,0,0,0,0,0,0
640791508,0,0,0,1,0,0,0,0,0,0,1
641797050,0,0,0,1,0,0,0,0,0,0,1
642802081,0,0,0,1,0,0,0,0,0,0,1
643807491,0,0,0,1,0,0,0,0,0,0,1
644812858,0,0,0,1,0,0,0,0,0,0,1
645818301,0,0,0,1,0,0,0,0,0,0,1
646823643,0,0,0,1,0,0,0,0,0,0,1
647828984,0,0,0,1,0,0,0,0,0,0,1
648834381,0,0,0,1,0,0,0,0,0,0,1
649839800,0,0,0,1,0,0,0,0,0,0,1
650845411,0,0,0,1,0,0,0,0,0,0,1
651850607,0,0,0,1,0,0,0,0,0,0,1
652855883,0,0,0,1,0,0,0,0,0,0,1
653861261,0,0,0,1,0,0,0,0,0,0,1
654866639,0,0,0,1,0,0,0,0,0,0,1
655872037,0,0,0,1,0,0,0,0,0,0,1
656877439,0,0,0,1,0,0,0,0,0,0,1
657882781,0,0,0,1,0,0,0,0,0,0,1
658888219,0,0,0,1,0,0,0,0,0,0,1
659893512,0,0,0,1,0,0,0,0,0,0,1
660898984,0,0,0,1,0,0,0,0,0,0,1
661905020,0,0,0,1,0,0,0,0,0,0,1
662910011,0,0,0,1,0,0,0,0,0,0,1
663915003,0,0,0,1,0,0,0,0,0,0,1
664920539,0,0,0,1,0,0,0,0,0,0,1
665925816,0,0,0,1,0,0,0,0,0,0,1
666931110,0,0,0,1,0,0,0,0,0,0,1
667936482,0,0,0,1,0,0,0,0,0,0,1
668941979,0,0,0,1,0,0,0,0,0,0,1
669947483,0,0,0,1,0,0,0,0,0,0,1
670952927,0,0,0,1,0,0,0,0,0,0,1
671958027,0,0,0,1,0,0,0,0,0,0,1
672963342,0,0,0,1,0,0,0,0,0,0,1
673968788,0,0,0,1,0,0,0,0,0,0,1
674974164,0,0,0,1,0,0,0,0,0,0,1
675979512,0,0,0,1,0,0,0,0,0,0,1
676984797,0,0,0,1,0,0,0,0,0,0,1
677990142,0,0,0,1,0,0,0,0,0,0,1
678995527,0,0,0,1,0,0,0,0,0,0,1
680001265,0,0,0,1,0,0,0,0,0,0,1
681006289,0,0,0,1,0,0,0,0,0,0,1
682011665,0,0,0,1,0,0,0,0,0,0,1
683017010,0,0,0,1,0,0,0,0,0,0,1
684022342,0,0,0,1,0,0,0,0,0,0,1
685027781,0,0,0,1,0,0,0,0,0,0,1
686033034,0,0,0,1,0,0,0,0,0,0,1
687038430,0,0,0,1,0,0,0,0,0,0,1
688043797,0,0,0,1,0,0,0,0,0,0,1
689049154,0,0,0,1,0,0,0,0,0,0,1
690054565,0,0,0,1,0,0,0,0,0,0,1
691060026,0,0,0,1,0,0,0,0,0,0,1
692065173,0,0,0,1,0,0,0,0,0,0,1
693070529,0,0,0,1,0,0,0,0,0,0,1
694075875,0,0,0,1,0,0,0,0,0,0,1
695081263,0,0,0,1,0,0,0,0,0,0,1
696086706,0,0,0,1,0,0,0,0,0,0,1
697091917,0,0,0,1,0,0,0,0,0,0,1
698097335,0,0,0,1,0,0,0,0,0,0,1
699102632,0,0,0,1,0,0,0,0,0,0,1
700108259,0,0,0,1,0,0,0,0,0,0,1
701113360,0,0,0,1,0,0,0,0,0,0,1
702118676,0,0,0,1,0,0,0,0,0,0,1
703124088,0,0,0,1,0,0,0,0,0,0,1
704129462,0,0,0,1,0,0,0,0,0,0,1
705134728,0,0,0,1,0,0,0,0,0,0,1
706140086,0,0,0,1,0,0,0,0,0,0,1
707145410,0,0,0,1,0,0,0,0,0,0,1
708150725,0,0,0,1,0,0,0,0,0,0,1
709156587,0,0,0,1,0,0,0,0,0,0,1
710161565,0,0,0,1,0,0,0,0,0,0,1
711167128,0,0,0,1,0,0,0,0,0,0,1
712172138,0,0,0,1,0,0,0,0,0,0,1
713177504,0,0,0,1,0,0,0,0,0,0,1
714182931,0,0,0,1,0,0,0,0,0,0,1
715188343,0,0,0,1,0,0,0,0,0,0,1
716193466,0,0,0,1,0,0,0,0,0,0,1
717198880,0,0,0,1,0,0,0,0,0,0,1
718204169,0,0,0,1,0,0,0,0,0,0,1
719209620,0,0,0,1,0,0,0,0,0,0,1
720215355,0,0,0,1,0,0,0,0,0,0,1
721220145,0,0,0,1,0,0,0,0,0,0,1
722225481,0,0,0,1,0,0,0,0,0,0,1
723230819,0,0,0,1,0,0,0,0,0,0,1
724236192,0,0,0,1,0,0,0,0,0,0,1
725241569,0,0,0,1,0,0,0,0,0,0,1
726246834,0,0,0,1,0,0,0,0,0,0,1
727252201,0,0,0,1,0,0,0,0,0,0,1
728257458,0,0,0,1,0,0,0,0,0,0,1
729263122,0,0,0,1,0,0,0,0,0,0,1
730268258,0,0,0,1,0,0,0,0,0,0,1
731273514,0,0,0,1,0,0,0,0,0,0,1
732278796,0,0,0,1,0,0,0,0,0,0,1
733284149,0,0,0,1,0,0,0,0,0,0,1
734289591,0,0,0,1,0,0,0,0,0,0,1
735294818,0,0,0,1,0,0,0,0,0,0,1
736300103,0,0,0,1,0,0,0,0,0,0,1
737305529,0,0,0,1,0,0,0,0,0,0,1
738310850,0,0,0,1,0,0,0,0,0,0,1
739316181,0,0,0,1,0,0,0,0,0,0,1
740321480,0,0,0,1,0,0,0,0,0,0,1
741326801,0,0,0,1,0,0,0,0,0,0,1
742332403,0,0,0,1,0,0,0,0,0,0,1
743337379,0,0,0,1,0,0,0,0,0,0,1
744342819,0,0,0,1,0,0,0,0,0,0,1
745348057,0,0,0,1,0,0,0,0,0,0,1
746353458,0,0,0,1,0,0,0,0,0,0,1
747358679,0,0,0,1,0,0,0,0,0,0,1
748364018,0,0,0,1,0,0,0,0,0,0,1
749369676,0,0,0,1,0,0,0,0,0,0,1
750374692,0,0,0,1,0,0,0,0,0,0,1
751380144,0,0,0,1,0,0,0,0,0,0,1
752385300,0,0,0,1,0,0,0,0,0,0,1
753390655,0,0,0,1,0,0,0,0,0,0,1
754396054,0,0,0,1,0,0,0,0,0,0,1
755401353,0,0,0,1,0,0,0,0,0,0,1
756406656,0,0,0,1,0,0,0,0,0,0,1
757411888,0,0,0,1,0,0,0,0,0,0,1
758417198,0,0,0,1,0,0,0,0,0,0,1
758835334,0,0,0,1,0,0,0,0,0,0,0
759840651,0,0,0,1,0,0,0,0,0,0,1
760845905,0,0,0,1,0,0,0,0,0,0,1
761851253,0,0,0,1,0,0,0,0,0,0,1
762856564,0,0,0,1,0,0,0,0,0,0,1
763861928,0,0,0,1,0,0,0,0,0,0,1
764867231,0,0,0,1,0,0,0,0,0,0,1
765872521,0,0,0,1,0,0,0,0,0,0,1
766877909,0,0,0,1,0,0,0,0,0,0,1
767883236,0,0,0,1,0,0,0,0,0,0,1
768888453,0,0,0,1,0,0,0,0,0,0,1
769893737,0,0,0,1,0,0,0,0,0,0,1
770899079,0,0,0,1,0,0,0,0,0,0,1
771904459,0,0,0,1,0,0,0,0,0,0,1
772909660,0,0,0,1,0,0,0,0,0,0,1
773915409,0,0,0,1,0,0,0,0,0,0,1
774920705,0,0,0,1,0,0,0,0,0,0,1
775925906,0,0,0,1,0,0,0,0,0,0,1
776931053,0,0,0,1,0,0,0,0,0,0,1
777936233,0,0,0,1,0,0,0,0,0,0,1
778941660,0,0,0,1,0,0,0,0,0,0,1
779946934,0,0,0,1,0,0,0,0,0,0,1
780952142,0,0,0,1,0,0,0,0,0,0,1
781957474,0,0,0,1,0,0,0,0,0,0,1
782962862,0,0,0,1,0,0,0,0,0,0,1
783968249,0,0,0,1,0,0,0,0,0,0,1
784973442,0,0,0,1,0,0,0,0,0,0,1
785978683,0,0,0,1,0,0,0,0,0,0,1
786984007,0,0,0,1,0,0,0,0,0,0,1
787989427,0,0,0,1,0,0,0,0,0,0,1
788994761,0,0,0,1,0,0,0,0,0,0,1
789999979,0,0,0,1,0,0,0,0,0,0,1
791005304,0,0,0,1,0,0,0,0,0,0,1
792010508,0,0,0,1,0,0,0,0,0,0,1
793016021,0,0,0,1,0,0,0,0,0,0,1
794021431,0,0,0,1,0,0,0,0,0,0,1
795026481,0,0,0,1,0,0,0,0,0,0,1
796031798,0,0,0,1,0,0,0,0,0,0,1
797037080,0,0,0,1,0,0,0,0,0,0,1
798042461,0,0,0,1,0,0,0,0,0,0,1
799047686,0,0,0,1,0,0,0,0,0,0,1
800052958,0,0,0,1,0,0,0,0,0,0,1
801058486,0,0,0,1,0,0,0,0,0,0,1
802063603,0,0,0,1,0,0,0,0,0,0,1
803068881,0,0,0,1,0,0,0,0,0,0,1
804074277,0,0,0,1,0,0,0,0,0,0,1
805079472,0,0,0,1,0,0,0,0,0,0,1
806084853,0,0,0,1,0,0,0,0,0,0,1
807090048,0,0,0,1,0,0,0,0,0,0,1
807458644,0,0,0,1,0,0,0,0,0,0,0
808463704,0,0,0,1,0,0,0,0,0,0,1
809468932,0,0,0,1,0,0,0,0,0,0,1
810474262,0,0,0,1,0,0,0,0,0,0,1
811479578,0,0,0,1,0,0,0,0,0,0,1
812484983,0,0,0,1,0,0,0,0,0,0,1
813490143,0,0,0,1,0,0,0,0,0,0,1
814495405,0,0,0,1,0,0,0,0,0,0,1
815500809,0,0,0,1,0,0,0,0,0,0,1
816506158,0,0,0,1,0,0,0,0,0,0,1
817511412,0,0,0,1,0,0,0,0,0,0,1
818516647,0,0,0,1,0,0,0,0,0,0,1
819522210,0,0,0,1,0,0,0,0,0,0,1
820527190,0,0,0,1,0,0,0,0,0,0,1
821532514,0,0,0,1,0,0,0,0,0,0,1
822537806,0,0,0,1,0,0,0,0,0,0,1
823543137,0,0,0,1,0,0,0,0,0,0,1
824548573,0,0,0,1,0,0,0,0,0,0,1
825553749,0,0,0,1,0,0,0,0,0,0,1
826558967,0,0,0,1,0,0,0,0,0,0,1
827564548,0,0,0,1,0,0,0,0,0,0,1
828410274,0,0,0,1,0,0,0,0,0,0,0
829415715,0,0,0,1,0,0,0,0,0,0,0
829574901,0,0,0,1,0,0,0,0,0,0,1
829704422,0,0,0,1,0,0,0,0,0,0,0
830709647,0,0,0,1,0,0,0,0,0,0,0
831356603,0,0,0,1,0,0,0,0,0,0,1
832361948,0,0,0,1,0,0,0,0,0,0,1
833367060,0,0,0,1,0,0,0,0,0,0,1
834372348,0,0,0,1,0,0,0,0,0,0,1
835377748,0,0,0,1,0,0,0,0,0,0,1
835855433,0,0,0,1,0,0,0,0,0,0,0
836860791,0,0,0,1,0,0,0,0,0,0,0
837865998,0,0,0,1,0,0,0,0,0,0,0
838871281,0,0,0,1,0,0,0,0,0,0,0
839876707,0,0,0,1,0,0,0,0,0,0,0
840882154,0,0,0,1,0,0,0,0,0,0,0
841240257,0,0,0,1,0,0,0,0,0,0,1
841668305,0,0,0,1,0,0,0,0,0,0,0
842673547,0,0,0,1,0,0,0,0,0,0,0
843678744,0,0,0,1,0,0,0,0,0,0,0
844624310,0,0,0,1,0,0,0,0,0,0,1
845629632,0,0,0,1,0,0,0,0,0,0,1
846634983,0,0,0,1,0,0,0,0,0,0,1
847640440,0,0,0,1,0,0,0,0,0,0,1
848645459,0,0,0,1,0,0,0,0,0,0,1
849630849,0,0,0,1,0,0,0,0,0,0,0
850636130,0,0,0,1,0,0,0,0,0,0,0
851641542,0,0,0,1,0,0,0,0,0,0,0
852049741,0,0,0,1,0,0,0,0,0,0,1
853054867,0,0,0,1,0,0,0,0,0,0,1
853383190,0,0,0,1,0,0,0,0,0,0,0
854388878,0,0,0,1,0,0,0,0,0,0,0
855393830,0,0,0,1,0,0,0,0,0,0,0
856399166,0,0,0,1,0,0,0,0,0,0,0
856727545,0,0,0,1,0,0,0,0,0,0,1
857732796,0,0,0,1,0,0,0,0,0,0,1
858738456,0,0,0,1,0,0,0,0,0,0,1
859743353,0,0,0,1,0,0,0,0,0,0,1
860748594,0,0,0,1,0,0,0,0,0,0,1
861753945,0,0,0,1,0,0,0,0,0,0,1
862759266,0,0,0,1,0,0,0,0,0,0,1
863764536,0,0,0,1,0,0,0,0,0,0,1
864770032,0,0,0,1,0,0,0,0,0,0,1
865775029,0,0,0,1,0,0,0,0,0,0,1
866511629,0,0,0,1,0,0,0,0,0,0,0
867516903,0,0,0,1,0,0,0,0,0,0,0
868522151,0,0,0,1,0,0,0,0,0,0,0
869527336,0,0,0,1,0,0,0,0,0,0,0
870532629,0,0,0,1,0,0,0,0,0,0,0
871537938,0,0,0,1,0,0,0,0,0,0,0
872543193,0,0,0,1,0,0,0,0,0,0,0
873548435,0,0,0,1,0,0,0,0,0,0,0
874553718,0,0,0,1,0,0,0,0,0,0,0
875559143,0,0,0,1,0,0,0,0,0,0,0
875977057,0,0,0,1,0,0,0,0,0,0,1
876982325,0,0,0,1,0,0,0,0,0,0,1
877410291,0,0,0,1,0,0,0,0,0,0,0
878415517,0,0,0,1,0,0,0,0,0,0,0
878435422,0,0,0,1,0,0,0,0,0,0,1
879440738,0,0,0,1,0,0,0,0,0,0,1
880446103,0,0,0,1,0,0,0,0,0,0,1
881143198,0,0,0,1,0,0,0,0,0,0,0
882148088,0,0,0,1,0,0,0,0,0,0,1
882386943,0,0,0,1,0,0,0,0,0,0,0
883392654,0,0,0,1,0,0,0,0,0,0,0
883820223,0,0,0,1,0,0,0,0,0,0,1
884825494,0,0,0,1,0,0,0,0,0,0,1
885830678,0,0,0,1,0,0,0,0,0,0,1
886835889,0,0,0,1,0,0,0,0,0,0,1
887841619,0,0,0,1,0,0,0,0,0,0,1
888846571,0,0,0,1,0,0,0,0,0,0,1
889851697,0,0,0,1,0,0,0,0,0,0,1
890857015,0,0,0,1,0,0,0,0,0,0,1
891862338,0,0,0,1,0,0,0,0,0,0,1
891972054,0,0,0,1,0,0,0,0,0,0,0
892977308,0,0,0,1,0,0,0,0,0,0,0
893245741,0,0,0,1,0,0,0,0,0,0,1
893623952,0,0,0,1,0,0,0,0,0,0,0
894629199,0,0,0,1,0,0,0,0,0,0,1
895634666,0,0,0,1,0,0,0,0,0,0,1
896640229,0,0,0,1,0,0,0,0,0,0,1
897645015,0,0,0,1,0,0,0,0,0,0,1
898520885,0,0,0,1,0,0,0,0,0,0,0
899526234,0,0,0,1,0,0,0,0,0,0,0
900123331,0,0,0,1,0,0,0,0,0,0,1
901129007,0,0,0,1,0,0,0,0,0,0,1
902133853,0,0,0,1,0,0,0,0,0,0,1
903139141,0,0,0,1,0,0,0,0,0,0,1
904144403,0,0,0,1,0,0,0,0,0,0,1
905149718,0,0,0,1,0,0,0,0,0,0,1
906154945,0,0,0,1,0,0,0,0,0,0,1
907160671,0,0,0,1,0,0,0,0,0,0,1
908165524,0,0,0,1,0,0,0,0,0,0,1
909170934,0,0,0,1,0,0,0,0,0,0,1
910176037,0,0,0,1,0,0,0,0,0,0,1
911181338,0,0,0,1,0,0,0,0,0,0,1
912186556,0,0,0,1,0,0,0,0,0,0,1
913191769,0,0,0,1,0,0,0,0,0,0,1
914197024,0,0,0,1,0,0,0,0,0,0,1
915202293,0,0,0,1,0,0,0,0,0,0,1
916207609,0,0,0,1,0,0,0,0,0,0,1
917212926,0,0,0,1,0,0,0,0,0,0,1
917342349,0,0,0,1,0,0,0,0,0,0,0
918347707,0,0,0,1,0,0,0,0,0,0,0
919153806,0,0,0,1,0,0,0,0,0,0,1
920159493,0,0,0,1,0,0,0,0,0,0,1
921164644,0,0,0,1,0,0,0,0,0,0,1
922169542,0,0,0,1,0,0,0,0,0,0,1
923174849,0,0,0,1,0,0,0,0,0,0,1
924180164,0,0,0,1,0,0,0,0,0,0,1
925185257,0,0,0,1,0,0,0,0,0,0,1
926190543,0,0,0,1,0,0,0,0,0,0,1
927195789,0,0,0,1,0,0,0,0,0,0,1
928201049,0,0,0,1,0,0,0,0,0,0,1
929206373,0,0,0,1,0,0,0,0,0,0,1
930211628,0,0,0,1,0,0,0,0,0,0,1
931216936,0,0,0,1,0,0,0,0,0,0,1
932222104,0,0,0,1,0,0,0,0,0,0,1
933227421,0,0,0,1,0,0,0,0,0,0,1
934232627,0,0,0,1,0,0,0,0,0,0,1
935237925,0,0,0,1,0,0,0,0,0,0,1
935556386,0,0,0,1,0,0,0,0,0,0,0
936561728,0,0,0,1,0,0,0,0,0,0,0
937009608,0,0,0,1,0,0,0,0,0,0,1
938014847,0,0,0,1,0,0,0,0,0,0,1
938442882,0,0,0,1,0,0,0,0,0,0,0
939448101,0,0,0,1,0,0,0,0,0,0,1
940453335,0,0,0,1,0,0,0,0,0,0,1
941458652,0,0,0,1,0,0,0,0,0,0,1
942463850,0,0,0,1,0,0,0,0,0,0,1
943469684,0,0,0,1,0,0,0,0,0,0,1
944474375,0,0,0,1,0,0,0,0,0,0,1
945479815,0,0,0,1,0,0,0,0,0,0,1
946484958,0,0,0,1,0,0,0,0,0,0,1
947490150,0,0,0,1,0,0,0,0,0,0,1
948495466,0,0,0,1,0,0,0,0,0,0,1
949500732,0,0,0,1,0,0,0,0,0,0,1
950505985,0,0,0,1,0,0,0,0,0,0,1
951511284,0,0,0,1,0,0,0,0,0,0,1
952516531,0,0,0,1,0,0,0,0,0,0,1
953521852,0,0,0,1,0,0,0,0,0,0,1
954527299,0,0,0,1,0,0,0,0,0,0,1
955532340,0,0,0,1,0,0,0,0,0,0,1
956537684,0,0,0,1,0,0,0,0,0,0,1
957542825,0,0,0,1,0,0,0,0,0,0,1
958548138,0,0,0,1,0,0,0,0,0,0,1
959553449,0,0,0,1,0,0,0,0,0,0,1
960558605,0,0,0,1,0,0,0,0,0,0,1
961563865,0,0,0,1,0,0,0,0,0,0,1
962569236,0,0,0,1,0,0,0,0,0,0,1
963574412,0,0,0,1,0,0,0,0,0,0,1
964580083,0,0,0,1,0,0,0,0,0,0,1
965584927,0,0,0,1,0,0,0,0,0,0,1
966590240,0,0,0,1,0,0,0,0,0,0,1
967595607,0,0,0,1,0,0,0,0,0,0,1
968600808,0,0,0,1,0,0,0,0,0,0,1
969606136,0,0,0,1,0,0,0,0,0,0,1
970611302,0,0,0,1,0,0,0,0,0,0,1
971616571,0,0,0,1,0,0,0,0,0,0,1
972621907,0,0,0,1,0,0,0,0,0,0,1
973627062,0,0,0,1,0,0,0,0,0,0,1
974632592,0,0,0,1,0,0,0,0,0,0,1
975637563,0,0,0,1,0,0,0,0,0,0,1
976642960,0,0,0,1,0,0,0,0,0,0,1
977648176,0,0,0,1,0,0,0,0,0,0,1
978653552,0,0,0,1,0,0,0,0,0,0,1
979658715,0,0,0,1,0,0,0,0,0,0,1
980663991,0,0,0,1,0,0,0,0,0,0,1
981669176,0,0,0,1,0,0,0,0,0,0,1
982674534,0,0,0,1,0,0,0,0,0,0,1
983679757,0,0,0,1,0,0,0,0,0,0,1
984685148,0,0,0,1,0,0,0,0,0,0,1
985690373,0,0,0,1,0,0,0,0,0,0,1
986695524,0,0,0,1,0,0,0,0,0,0,1
987700880,0,0,0,1,0,0,0,0,0,0,1
988706071,0,0,0,1,0,0,0,0,0,0,1
989711542,0,0,0,1,0,0,0,0,0,0,1
990716662,0,0,0,1,0,0,0,0,0,0,1
991721886,0,0,0,1,0,0,0,0,0,0,1
992727161,0,0,0,1,0,0,0,0,0,0,1
993732490,0,0,0,1,0,0,0,0,0,0,1
994738028,0,0,0,1,0,0,0,0,0,0,1
995743084,0,0,0,1,0,0,0,0,0,0,1
996748287,0,0,0,1,0,0,0,0,0,0,1
997753490,0,0,0,1,0,0,0,0,0,0,1
998758870,0,0,0,1,0,0,0,0,0,0,1
999764162,0,0,0,1,0,0,0,0,0,0,1
1000769497,0,0,0,1,0,0,0,0,0,0,1
1001774640,0,0,0,1,0,0,0,0,0,0,1
1002779880,0,0,0,1,0,0,0,0,0,0,1
1003785184,0,0,0,1,0,0,0,0,0,0,1
1004790421,0,0,0,1,0,0,0,0,0,0,1
1005795944,0,0,0,1,0,0,0,0,0,0,1
1006801000,0,0,0,1,0,0,0,0,0,0,1
1007806228,0,0,0,1,0,0,0,0,0,0,1
1008811493,0,0,0,1,0,0,0,0,0,0,1
1009816920,0,0,0,1,0,0,0,0,0,0,1
1010822164,0,0,0,1,0,0,0,0,0,0,1
1011827448,0,0,0,1,0,0,0,0,0,0,1
1012832573,0,0,0,1,0,0,0,0,0,0,1
1013837844,0,0,0,1,0,0,0,0,0,0,1
1014843128,0,0,0,1,0,0,0,0,0,0,1
1015848505,0,0,0,1,0,0,0,0,0,0,1
1016853729,0,0,0,1,0,0,0,0,0,0,1
1017859002,0,0,0,1,0,0,0,0,0,0,1
1018864221,0,0,0,1,0,0,0,0,0,0,1
1019869533,0,0,0,1,0,0,0,0,0,0,1
1020874852,0,0,0,1,0,0,0,0,0,0,1
1021880276,0,0,0,1,0,0,0,0,0,0,1
1022885368,0,0,0,1,0,0,0,0,0,0,1
1023890592,0,0,0,1,0,0,0,0,0,0,1
1024895933,0,0,0,1,0,0,0,0,0,0,1
1024945717,0,0,0,1,0,0,0,0,0,0,0
1025951393,0,0,0,1,0,0,0,0,0,0,0
1026050482,0,0,0,1,0,0,0,0,0,0,1
1027055862,0,0,0,1,0,0,0,0,0,0,1
1028061300,0,0,0,1,0,0,0,0,0,0,1
1029066272,0,0,0,1,0,0,0,0,0,0,1
1030071549,0,0,0,1,0,0,0,0,0,0,1
1030828085,0,0,0,1,0,0,0,0,0,0,0
1031833255,0,0,0,1,0,0,0,0,0,0,0
1032838598,0,0,0,1,0,0,0,0,0,0,0
1033843808,0,0,0,1,0,0,0,0,0,0,0
1034849374,0,0,0,1,0,0,0,0,0,0,0
1035854431,0,0,0,1,0,0,0,0,0,0,0
1036859754,0,0,0,1,0,0,0,0,0,0,0
1037864921,0,0,0,1,0,0,0,0,0,0,0
1038870237,0,0,0,1,0,0,0,0,0,0,0
1039875504,0,0,0,1,0,0,0,0,0,0,0
1040880895,0,0,0,1,0,0,0,0,0,0,0
1041886062,0,0,0,1,0,0,0,0,0,0,0
1042891301,0,0,0,1,0,0,0,0,0,0,0
1043896570,0,0,0,1,0,0,0,0,0,0,0
1044902023,0,0,0,1,0,0,0,0,0,0,0
1045907471,0,0,0,1,0,0,0,0,0,0,0
1046912706,0,0,0,1,0,0,0,0,0,0,0
1047917771,0,0,0,1,0,0,0,0,0,0,0
1048923077,0,0,0,1,0,0,0,0,0,0,0
1049928416,0,0,0,1,0,0,0,0,0,0,0
1050933595,0,0,0,1,0,0,0,0,0,0,0
1051938808,0,0,0,1,0,0,0,0,0,0,0
1052944097,0,0,0,1,0,0,0,0,0,0,0
1053949429,0,0,0,1,0,0,0,0,0,0,0
1054954643,0,0,0,1,0,0,0,0,0,0,0
1055960026,0,0,0,1,0,0,0,0,0,0,0
1056965344,0,0,0,1,0,0,0,0,0,0,0
1057970524,0,0,0,1,0,0,0,0,0,0,0
1058976129,0,0,0,1,0,0,0,0,0,0,0
1059981071,0,0,0,1,0,0,0,0,0,0,0
1060986425,0,0,0,1,0,0,0,0,0,0,0
1061991694,0,0,0,1,0,0,0,0,0,0,0
1062996967,0,0,0,1,0,0,0,0,0,0,0
1064002276,0,0,0,1,0,0,0,0,0,0,0
1065007496,0,0,0,1,0,0,0,0,0,0,0
1066013087,0,0,0,1,0,0,0,0,0,0,0
1067018168,0,0,0,1,0,0,0,0,0,0,0
1068023360,0,0,0,1,0,0,0,0,0,0,0
1069028644,0,0,0,1,0,0,0,0,0,0,0
1070033969,0,0,0,1,0,0,0,0,0,0,0
1071039320,0,0,0,1,0,0,0,0,0,0,0
1072044565,0,0,0,1,0,0,0,0,0,0,0
1073049794,0,0,0,1,0,0,0,0,0,0,0
1074055134,0,0,0,1,0,0,0,0,0,0,0
1075060537,0,0,0,1,0,0,0,0,0,0,0
1076065762,0,0,0,1,0,0,0,0,0,0,0
1077071013,0,0,0,1,0,0,0,0,0,0,0
1078076226,0,0,0,1,0,0,0,0,0,0,0
1079081603,0,0,0,1,0,0,0,0,0,0,0
1080086841,0,0,0,1,0,0,0,0,0,0,0
1081092306,0,0,0,1,0,0,0,0,0,0,0
1082097410,0,0,0,1,0,0,0,0,0,0,0
1083102823,0,0,0,1,0,0,0,0,0,0,0
1084108067,0,0,0,1,0,0,0,0,0,0,0
1085113296,0,0,0,1,0,0,0,0,0,0,0
1086119559,0,0,0,1,0,0,0,0,0,0,0
1087123961,0,0,0,1,0,0,0,0,0,0,0
1088129262,0,0,0,1,0,0,0,0,0,0,0
1089134473,0,0,0,1,0,0,0,0,0,0,0
1089214152,0,0,0,1,0,0,0,0,0,0,1
1089960649,0,0,0,1,0,0,0,0,0,0,0
1090965919,0,0,0,1,0,0,0,0,0,0,0
1091971282,0,0,0,1,0,0,0,0,0,0,0
1092976500,0,0,0,1,0,0,0,0,0,0,0
1093981940,0,0,0,1,0,0,0,0,0,0,0
1094987615,0,0,0,1,0,0,0,0,0,0,0
1095992426,0,0,0,1,0,0,0,0,0,0,0
1096997752,0,0,0,1,0,0,0,0,0,0,0
1098003051,0,0,0,1,0,0,0,0,0,0,0
1099008473,0,0,0,1,0,0,0,0,0,0,0
1100013707,0,0,0,1,0,0,0,0,0,0,0
1101018981,0,0,0,1,0,0,0,0,0,0,0
1102024245,0,0,0,1,0,0,0,0,0,0,0
1103029533,0,0,0,1,0,0,0,0,0,0,0
1104034876,0,0,0,1,0,0,0,0,0,0,0
1105040304,0,0,0,1,0,0,0,0,0,0,0
1106045605,0,0,0,1,0,0,0,0,0,0,0
1107050773,0,0,0,1,0,0,0,0,0,0,0
1108056130,0,0,0,1,0,0,0,0,0,0,0
1109061567,0,0,0,1,0,0,0,0,0,0,0
1110066776,0,0,0,1,0,0,0,0,0,0,0
1111072013,0,0,0,1,0,0,0,0,0,0,0
1112077324,0,0,0,1,0,0,0,0,0,0,0
1113082755,0,0,0,1,0,0,0,0,0,0,0
1114087974,0,0,0,1,0,0,0,0,0,0,0
1115093565,0,0,0,1,0,0,0,0,0,0,0
1116098638,0,0,0,1,0,0,0,0,0,0,0
1117103969,0,0,0,1,0,0,0,0,0,0,0
1118109640,0,0,0,1,0,0,0,0,0,0,0
1119114675,0,0,0,1,0,0,0,0,0,0,0
1120119936,0,0,0,1,0,0,0,0,0,0,0
1121125239,0,0,0,1,0,0,0,0,0,0,0
1122130519,0,0,0,1,0,0,0,0,0,0,0
1123135843,0,0,0,1,0,0,0,0,0,0,0
1124141326,0,0,0,1,0,0,0,0,0,0,0
1125146597,0,0,0,1,0,0,0,0,0,0,0
1126151858,0,0,0,1,0,0,0,0,0,0,0
1127157117,0,0,0,1,0,0,0,0,0,0,0
1128162509,0,0,0,1,0,0,0,0,0,0,0
1129167993,0,0,0,1,0,0,0,0,0,0,0
1130173225,0,0,0,1,0,0,0,0,0,0,0
1131178432,0,0,0,1,0,0,0,0,0,0,0
1132183768,0,0,0,1,0,0,0,0,0,0,0
1133189077,0,0,0,1,0,0,0,0,0,0,0
1134194469,0,0,0,1,0,0,0,0,0,0,0
1135200061,0,0,0,1,0,0,0,0,0,0,0
1136205174,0,0,0,1,0,0,0,0,0,0,0
1137210432,0,0,0,1,0,0,0,0,0,0,0
1138215782,0,0,0,1,0,0,0,0,0,0,0
1139221252,0,0,0,1,0,0,0,0,0,0,0
1140226497,0,0,0,1,0,0,0,0,0,0,0
1141231767,0,0,0,1,0,0,0,0,0,0,0
1142237236,0,0,0,1,0,0,0,0,0,0,0
1143242443,0,0,0,1,0,0,0,0,0,0,0
1144247789,0,0,0,1,0,0,0,0,0,0,0
1145253191,0,0,0,1,0,0,0,0,0,0,0
1146258538,0,0,0,1,0,0,0,0,0,0,0
1147263827,0,0,0,1,0,0,0,0,0,0,0
1148269132,0,0,0,1,0,0,0,0,0,0,0
1149274453,0,0,0,1,0,0,0,0,0,0,0
1150279952,0,0,0,1,0,0,0,0,0,0,0
1151285151,0,0,0,1,0,0,0,0,0,0,0
1152290580,0,0,0,1,0,0,0,0,0,0,0
1153295853,0,0,0,1,0,0,0,0,0,0,0
1154301272,0,0,0,1,0,0,0,0,0,0,0
1155307059,0,0,0,1,0,0,0,0,0,0,0
1156311920,0,0,0,1,0,0,0,0,0,0,0
1157317206,0,0,0,1,0,0,0,0,0,0,0
1158322568,0,0,0,1,0,0,0,0,0,0,0
1159327970,0,0,0,1,0,0,0,0,0,0,0
1160333425,0,0,0,1,0,0,0,0,0,0,0
1161338660,0,0,0,1,0,0,0,0,0,0,0
1162343957,0,0,0,1,0,0,0,0,0,0,0
1163349471,0,0,0,1,0,0,0,0,0,0,0
1164354672,0,0,0,1,0,0,0,0,0,0,0
1165360152,0,0,0,1,0,0,0,0,0,0,0
1166365344,0,0,0,1,0,0,0,0,0,0,0
1167370696,0,0,0,1,0,0,0,0,0,0,0
1168376078,0,0,0,1,0,0,0,0,0,0,0
1169381443,0,0,0,1,0,0,0,0,0,0,0
1170386921,0,0,0,1,0,0,0,0,0,0,0
1171392104,0,0,0,1,0,0,0,0,0,0,0
1172397458,0,0,0,1,0,0,0,0,0,0,0
1173402817,0,0,0,1,0,0,0,0,0,0,0
1174408315,0,0,0,1,0,0,0,0,0,0,0
1175413640,0,0,0,1,0,0,0,0,0,0,0
1176418909,0,0,0,1,0,0,0,0,0,0,0
1177424211,0,0,0,1,0,0,0,0,0,0,0
1178429537,0,0,0,1,0,0,0,0,0,0,0
1179434942,0,0,0,1,0,0,0,0,0,0,0
1180440333,0,0,0,1,0,0,0,0,0,0,0
1181445707,0,0,0,1,0,0,0,0,0,0,0
1182451002,0,0,0,1,0,0,0,0,0,0,0
1183456343,0,0,0,1,0,0,0,0,0,0,0
1184462073,0,0,0,1,0,0,0,0,0,0,0
1185467093,0,0,0,1,0,0,0,0,0,0,0
1186472454,0,0,0,1,0,0,0,0,0,0,0
1187477764,0,0,0,1,0,0,0,0,0,0,0
1188483171,0,0,0,1,0,0,0,0,0,0,0
1189488884,0,0,0,1,0,0,0,0,0,0,0
1190493898,0,0,0,1,0,0,0,0,0,0,0
1191499201,0,0,0,1,0,0,0,0,0,0,0
1192504577,0,0,0,1,0,0,0,0,0,0,0
1193509935,0,0,0,1,0,0,0,0,0,0,0
1194515463,0,0,0,1,0,0,0,0,0,0,0
1195520630,0,0,0,1,0,0,0,0,0,0,0
1196526032,0,0,0,1,0,0,0,0,0,0,0
1197531386,0,0,0,1,0,0,0,0,0,0,0
1198536724,0,0,0,1,0,0,0,0,0,0,0
1199542116,0,0,0,1,0,0,0,0,0,0,0
1200547537,0,0,0,1,0,0,0,0,0,0,0
1201552812,0,0,0,1,0,0,0,0,0,0,0
1202558216,0,0,0,1,0,0,0,0,0,0,0
1203563541,0,0,0,1,0,0,0,0,0,0,0
1204569176,0,0,0,1,0,0,0,0,0,0,0
1205574282,0,0,0,1,0,0,0,0,0,0,0
1206579673,0,0,0,1,0,0,0,0,0,0,0
1207585124,0,0,0,1,0,0,0,0,0,0,0
1208590319,0,0,0,1,0,0,0,0,0,0,0
1209595763,0,0,0,1,0,0,0,0,0,0,0
1210601197,0,0,0,1,0,0,0,0,0,0,0
1211606440,0,0,0,1,0,0,0,0,0,0,0
1212611853,0,0,0,1,0,0,0,0,0,0,0
1213617138,0,0,0,1,0,0,0,0,0,0,0
1214622614,0,0,0,1,0,0,0,0,0,0,0
1215627970,0,0,0,1,0,0,0,0,0,0,0
1216633311,0,0,0,1,0,0,0,0,0,0,0
1217638696,0,0,0,1,0,0,0,0,0,0,0
1218644093,0,0,0,1,0,0,0,0,0,0,0
1219649358,0,0,0,1,0,0,0,0,0,0,0
1220654819,0,0,0,1,0,0,0,0,0,0,0
1221660080,0,0,0,1,0,0,0,0,0,0,0
1222665520,0,0,0,1,0,0,0,0,0,0,0
1223671006,0,0,0,1,0,0,0,0,0,0,0
1224676445,0,0,0,1,0,0,0,0,0,0,0
1225681608,0,0,0,1,0,0,0,0,0,0,0
1226686914,0,0,0,1,0,0,0,0,0,0,0
1227692645,0,0,0,1,0,0,0,0,0,0,0
1228697670,0,0,0,1,0,0,0,0,0,0,0
1229703058,0,0,0,1,0,0,0,0,0,0,0
1230708447,0,0,0,1,0,0,0,0,0,0,0
1231713896,0,0,0,1,0,0,0,0,0,0,0
1232719099,0,0,0,1,0,0,0,0,0,0,0
1233724831,0,0,0,1,0,0,0,0,0,0,0
1234729864,0,0,0,1,0,0,0,0,0,0,0
1235735207,0,0,0,1,0,0,0,0,0,0,0
1236740656,0,0,0,1,0,0,0,0,0,0,0
1237746033,0,0,0,1,0,0,0,0,0,0,0
1238751351,0,0,0,1,0,0,0,0,0,0,0
1239756667,0,0,0,1,0,0,0,0,0,0,0
1240762078,0,0,0,1,0,0,0,0,0,0,0
1241767468,0,0,0,1,0,0,0,0,0,0,0
1242772843,0,0,0,1,0,0,0,0,0,0,0
1243778223,0,0,0,1,0,0,0,0,0,0,0
1244783566,0,0,0,1,0,0,0,0,0,0,0
1245788909,0,0,0,1,0,0,0,0,0,0,0
1246794307,0,0,0,1,0,0,0,0,0,0,0
1247799653,0,0,0,1,0,0,0,0,0,0,0
1248805097,0,0,0,1,0,0,0,0,0,0,0
1249810396,0,0,0,1,0,0,0,0,0,0,0
1250815767,0,0,0,1,0,0,0,0,0,0,0
1251821136,0,0,0,1,0,0,0,0,0,0,0
1252826467,0,0,0,1,0,0,0,0,0,0,0
1253832203,0,0,0,1,0,0,0,0,0,0,0
1254837215,0,0,0,1,0,0,0,0,0,0,0
1255842557,0,0,0,1,0,0,0,0,0,0,0
1256848017,0,0,0,1,0,0,0,0,0,0,0
1257853375,0,0,0,1,0,0,0,0,0,0,0
1258858749,0,0,0,1,0,0,0,0,0,0,0
1259864052,0,0,0,1,0,0,0,0,0,0,0
1260869759,0,0,0,1,0,0,0,0,0,0,0
1261874780,0,0,0,1,0,0,0,0,0,0,0
1262880223,0,0,0,1,0,0,0,0,0,0,0
1263885902,0,0,0,1,0,0,0,0,0,0,0
1264890943,0,0,0,1,0,0,0,0,0,0,0
1265896273,0,0,0,1,0,0,0,0,0,0,0
1266901658,0,0,0,1,0,0,0,0,0,0,0
1267907148,0,0,0,1,0,0,0,0,0,0,0
1268912450,0,0,0,1,0,0,0,0,0,0,0
1269917699,0,0,0,1,0,0,0,0,0,0,0
1270923140,0,0,0,1,0,0,0,0,0,0,0
1271928439,0,0,0,1,0,0,0,0,0,0,0
1272933839,0,0,0,1,0,0,0,0,0,0,0
1273939518,0,0,0,1,0,0,0,0,0,0,0
1274944546,0,0,0,1,0,0,0,0,0,0,0
1275950018,0,0,0,1,0,0,0,0,0,0,0
1276955278,0,0,0,1,0,0,0,0,0,0,0
1277960784,0,0,0,1,0,0,0,0,0,0,0
1278966208,0,0,0,1,0,0,0,0,0,0,0
1279971365,0,0,0,1,0,0,0,0,0,0,0
1280976774,0,0,0,1,0,0,0,0,0,0,0
1281982131,0,0,0,1,0,0,0,0,0,0,0
1282987793,0,0,0,1,0,0,0,0,0,0,0
1283992849,0,0,0,1,0,0,0,0,0,0,0
1284998200,0,0,0,1,0,0,0,0,0,0,0
1286003655,0,0,0,1,0,0,0,0,0,0,0
1287009067,0,0,0,1,0,0,0,0,0,0,0
1288014370,0,0,0,1,0,0,0,0,0,0,0
1289019810,0,0,0,1,0,0,0,0,0,0,0
1290025090,0,0,0,1,0,0,0,0,0,0,0
1291030431,0,0,0,1,0,0,0,0,0,0,0
1292035932,0,0,0,1,0,0,0,0,0,0,0
1293041260,0,0,0,1,0,0,0,0,0,0,0
1294046561,0,0,0,1,0,0,0,0,0,0,0
1295051899,0,0,0,1,0,0,0,0,0,0,0
1296057344,0,0,0,1,0,0,0,0,0,0,0
1297062677,0,0,0,1,0,0,0,0,0,0,0
1298068026,0,0,0,1,0,0,0,0,0,0,0
1299073353,0,0,0,1,0,0,0,0,0,0,0
1300078945,0,0,0,1,0,0,0,0,0,0,0
1301084098,0,0,0,1,0,0,0,0,0,0,0
1302089491,0,0,0,1,0,0,0,0,0,0,0
1303095156,0,0,0,1,0,0,0,0,0,0,0
1304100247,0,0,0,1,0,0,0,0,0,0,0
1305105606,0,0,0,1,0,0,0,0,0,0,0
1306110976,0,0,0,1,0,0,0,0,0,0,0
1307116292,0,0,0,1,0,0,0,0,0,0,0
1308121706,0,0,0,1,0,0,0,0,0,0,0
1309127042,0,0,0,1,0,0,0,0,0,0,0
1310132382,0,0,0,1,0,0,0,0,0,0,0
1311137831,0,0,0,1,0,0,0,0,0,0,0
1312143128,0,0,0,1,0,0,0,0,0,0,0
1313148713,0,0,0,1,0,0,0,0,0,0,0
1314153889,0,0,0,1,0,0,0,0,0,0,0
1315159257,0,0,0,1,0,0,0,0,0,0,0
1316164660,0,0,0,1,0,0,0,0,0,0,0
1317169944,0,0,0,1,0,0,0,0,0,0,0
1318175394,0,0,0,1,0,0,0,0,0,0,0
1319180723,0,0,0,1,0,0,0,0,0,0,0
1320186067,0,0,0,1,0,0,0,0,0,0,0
1321191429,0,0,0,1,0,0,0,0,0,0,0
1322197016,0,0,0,1,0,0,0,0,0,0,0
1323202573,0,0,0,1,0,0,0,0,0,0,0
1324207547,0,0,0,1,0,0,0,0,0,0,0
1325212957,0,0,0,1,0,0,0,0,0,0,0
1326218356,0,0,0,1,0,0,0,0,0,0,0
1327223692,0,0,0,1,0,0,0,0,0,0,0
1328229034,0,0,0,1,0,0,0,0,0,0,0
1329234336,0,0,0,1,0,0,0,0,0,0,0
1330239716,0,0,0,1,0,0,0,0,0,0,0
1331245233,0,0,0,1,0,0,0,0,0,0,0
1332250782,0,0,0,1,0,0,0,0,0,0,0
1333255918,0,0,0,1,0,0,0,0,0,0,0
1334261247,0,0,0,1,0,0,0,0,0,0,0
1335266612,0,0,0,1,0,0,0,0,0,0,0
1336272355,0,0,0,1,0,0,0,0,0,0,0
1337277610,0,0,0,1,0,0,0,0,0,0,0
1338283022,0,0,0,1,0,0,0,0,0,0,0
1339288068,0,0,0,1,0,0,0,0,0,0,0
1340293364,0,0,0,1,0,0,0,0,0,0,0
1341298741,0,0,0,1,0,0,0,0,0,0,0
1342304286,0,0,0,1,0,0,0,0,0,0,0
1343309718,0,0,0,1,0,0,0,0,0,0,0
1344314907,0,0,0,1,0,0,0,0,0,0,0
1345320254,0,0,0,1,0,0,0,0,0,0,0
1346325754,0,0,0,1,0,0,0,0,0,0,0
1347331099,0,0,0,1,0,0,0,0,0,0,0
1348336309,0,0,0,1,0,0,0,0,0,0,0
1349341719,0,0,0,1,0,0,0,0,0,0,0
1350347056,0,0,0,1,0,0,0,0,0,0,0
1351352425,0,0,0,1,0,0,0,0,0,0,0
1352358226,0,0,0,1,0,0,0,0,0,0,0
1353363225,0,0,0,1,0,0,0,0,0,0,0
1354368530,0,0,0,1,0,0,0,0,0,0,0
1355373973,0,0,0,1,0,0,0,0,0,0,0
1356379267,0,0,0,1,0,0,0,0,0,0,0
1357384740,0,0,0,1,0,0,0,0,0,0,0
1358390039,0,0,0,1,0,0,0,0,0,0,0
1359395363,0,0,0,1,0,0,0,0,0,0,0
1360400858,0,0,0,1,0,0,0,0,0,0,0
1361406153,0,0,0,1,0,0,0,0,0,0,0
1362411579,0,0,0,1,0,0,0,0,0,0,0
1363416911,0,0,0,1,0,0,0,0,0,0,0
1364422255,0,0,0,1,0,0,0,0,0,0,0
1365427599,0,0,0,1,0,0,0,0,0,0,0
1366432985,0,0,0,1,0,0,0,0,0,0,0
1367438356,0,0,0,1,0,0,0,0,0,0,0
1368443853,0,0,0,1,0,0,0,0,0,0,0
1369449088,0,0,0,1,0,0,0,0,0,0,0
1370454463,0,0,0,1,0,0,0,0,0,0,0
1371459902,0,0,0,1,0,0,0,0,0,0,0
1372465550,0,0,0,1,0,0,0,0,0,0,0
1373470670,0,0,0,1,0,0,0,0,0,0,0
1374476257,0,0,0,1,0,0,0,0,0,0,0
1375481582,0,0,0,1,0,0,0,0,0,0,0
1376487001,0,0,0,1,0,0,0,0,0,0,0
1377492079,0,0,0,1,0,0,0,0,0,0,0
1378497439,0,0,0,1,0,0,0,0,0,0,0
1379502845,0,0,0,1,0,0,0,0,0,0,0
1380508154,0,0,0,1,0,0,0,0,0,0,0
1381513886,0,0,0,1,0,0,0,0,0,0,0
1382518985,0,0,0,1,0,0,0,0,0,0,0
1383524339,0,0,0,1,0,0,0,0,0,0,0
1384529650,0,0,0,1,0,0,0,0,0,0,0
1385535002,0,0,0,1,0,0,0,0,0,0,0
1386540494,0,0,0,1,0,0,0,0,0,0,0
1387545877,0,0,0,1,0,0,0,0,0,0,0
1388551140,0,0,0,1,0,0,0,0,0,0,0
1389556496,0,0,0,1,0,0,0,0,0,0,0
1390561932,0,0,0,1,0,0,0,0,0,0,0
1391567362,0,0,0,1,0,0,0,0,0,0,0
1392572972,0,0,0,1,0,0,0,0,0,0,0
1393578104,0,0,0,1,0,0,0,0,0,0,0
1394583434,0,0,0,1,0,0,0,0,0,0,0
1395588752,0,0,0,1,0,0,0,0,0,0,0
1396594147,0,0,0,1,0,0,0,0,0,0,0
1397599599,0,0,0,1,0,0,0,0,0,0,0
1398604879,0,0,0,1,0,0,0,0,0,0,0
1399610294,0,0,0,1,0,0,0,0,0,0,0
1400615754,0,0,0,1,0,0,0,0,0,0,0
1401621444,0,0,0,1,0,0,0,0,0,0,0
1402626442,0,0,0,1,0,0,0,0,0,0,0
1403631927,0,0,0,1,0,0,0,0,0,0,0
1404637125,0,0,0,1,0,0,0,0,0,0,0
1405642516,0,0,0,1,0,0,0,0,0,0,0
1406647923,0,0,0,1,0,0,0,0,0,0,0
1407653329,0,0,0,1,0,0,0,0,0,0,0
1408658650,0,0,0,1,0,0,0,0,0,0,0
1409664071,0,0,0,1,0,0,0,0,0,0,0
1410670385,0,0,0,1,0,0,0,0,0,0,0
1411674862,0,0,0,1,0,0,0,0,0,0,0
1412680797,0,0,0,1,0,0,0,0,0,0,0
1413685908,0,0,0,1,0,0,0,0,0,0,0
1414691064,0,0,0,1,0,0,0,0,0,0,0
1415696373,0,0,0,1,0,0,0,0,0,0,0
1416701724,0,0,0,1,0,0,0,0,0,0,0
1417707086,0,0,0,1,0,0,0,0,0,0,0
1418712419,0,0,0,1,0,0,0,0,0,0,0
1419717840,0,0,0,1,0,0,0,0,0,0,0
1420723284,0,0,0,1,0,0,0,0,0,0,0
1421728917,0,0,0,1,0,0,0,0,0,0,0
1422733971,0,0,0,1,0,0,0,0,0,0,0
1423739471,0,0,0,1,0,0,0,0,0,0,0
1424744758,0,0,0,1,0,0,0,0,0,0,0
1425750198,0,0,0,1,0,0,0,0,0,0,0
1426755528,0,0,0,1,0,0,0,0,0,0,0
1427760874,0,0,0,1,0,0,0,0,0,0,0
1428766349,0,0,0,1,0,0,0,0,0,0,0
1429771622,0,0,0,1,0,0,0,0,0,0,0
1430777455,0,0,0,1,0,0,0,0,0,0,0
1431782503,0,0,0,1,0,0,0,0,0,0,0
1432787792,0,0,0,1,0,0,0,0,0,0,0
1433793207,0,0,0,1,0,0,0,0,0,0,0
1434798542,0,0,0,1,0,0,0,0,0,0,0
1435803996,0,0,0,1,0,0,0,0,0,0,0
1436809456,0,0,0,1,0,0,0,0,0,0,0
1437814740,0,0,0,1,0,0,0,0,0,0,0
1438820093,0,0,0,1,0,0,0,0,0,0,0
1439825528,0,0,0,1,0,0,0,0,0,0,0
1440831049,0,0,0,1,0,0,0,0,0,0,0
1441836514,0,0,0,1,0,0,0,0,0,0,0
1442841644,0,0,0,1,0,0,0,0,0,0,0
1443847091,0,0,0,1,0,0,0,0,0,0,0
1444852433,0,0,0,1,0,0,0,0,0,0,0
1445857935,0,0,0,1,0,0,0,0,0,0,0
1446863201,0,0,0,1,0,0,0,0,0,0,0
1447868695,0,0,0,1,0,0,0,0,0,0,0
1448874305,0,0,0,1,0,0,0,0,0,0,0
1449879416,0,0,0,1,0,0,0,0,0,0,0
1450885159,0,0,0,1,0,0,0,0,0,0,0
1451890121,0,0,0,1,0,0,0,0,0,0,0
1452895578,0,0,0,1,0,0,0,0,0,0,0
1453900922,0,0,0,1,0,0,0,0,0,0,0
1454906390,0,0,0,1,0,0,0,0,0,0,0
1455911756,0,0,0,1,0,0,0,0,0,0,0
1456917086,0,0,0,1,0,0,0,0,0,0,0
1457922542,0,0,0,1,0,0,0,0,0,0,0
1458928008,0,0,0,1,0,0,0,0,0,0,0
1459933264,0,0,0,1,0,0,0,0,0,0,0
1460938849,0,0,0,1,0,0,0,0,0,0,0
1461944069,0,0,0,1,0,0,0,0,0,0,0
1462949523,0,0,0,1,0,0,0,0,0,0,0
1463954839,0,0,0,1,0,0,0,0,0,0,0
1464960232,0,0,0,1,0,0,0,0,0,0,0
1465965676,0,0,0,1,0,0,0,0,0,0,0
1466971025,0,0,0,1,0,0,0,0,0,0,0
1467976413,0,0,0,1,0,0,0,0,0,0,0
1468981824,0,0,0,1,0,0,0,0,0,0,0
1469987410,0,0,0,1,0,0,0,0,0,0,0
1470993208,0,0,0,1,0,0,0,0,0,0,0
1471998064,0,0,0,1,0,0,0,0,0,0,0
1473003433,0,0,0,1,0,0,0,0,0,0,0
1474008797,0,0,0,1,0,0,0,0,0,0,0
1475014208,0,0,0,1,0,0,0,0,0,0,0
1476019623,0,0,0,1,0,0,0,0,0,0,0
1477025024,0,0,0,1,0,0,0,0,0,0,0
1478030485,0,0,0,1,0,0,0,0,0,0,0
1479035862,0,0,0,1,0,0,0,0,0,0,0
1480041525,0,0,0,1,0,0,0,0,0,0,0
1481046794,0,0,0,1,0,0,0,0,0,0,0
1482051989,0,0,0,1,0,0,0,0,0,0,0
1483057408,0,0,0,1,0,0,0,0,0,0,0
1484062867,0,0,0,1,0,0,0,0,0,0,0
1485068211,0,0,0,1,0,0,0,0,0,0,0
1486073558,0,0,0,1,0,0,0,0,0,0,0
1487079307,0,0,0,1,0,0,0,0,0,0,0
1488084721,0,0,0,1,0,0,0,0,0,0,0
1489089839,0,0,0,1,0,0,0,0,0,0,0
1490095255,0,0,0,1,0,0,0,0,0,0,0
1491100648,0,0,0,1,0,0,0,0,0,0,0
1492106007,0,0,0,1,0,0,0,0,0,0,0
1493111366,0,0,0,1,0,0,0,0,0,0,0
1494116910,0,0,0,1,0,0,0,0,0,0,0
1495122183,0,0,0,1,0,0,0,0,0,0,0
1496127549,0,0,0,1,0,0,0,0,0,0,0
1497133000,0,0,0,1,0,0,0,0,0,0,0
1498138404,0,0,0,1,0,0,0,0,0,0,0
1499143758,0,0,0,1,0,0,0,0,0,0,0
1500149485,0,0,0,1,0,0,0,0,0,0,0
1501154540,0,0,0,1,0,0,0,0,0,0,0
1502159950,0,0,0,1,0,0,0,0,0,0,0
1503165371,0,0,0,1,0,0,0,0,0,0,0
1504170762,0,0,0,1,0,0,0,0,0,0,0
1504379818,0,0,0,1,0,0,0,0,0,0,1
1505385247,0,0,0,1,0,0,0,0,0,0,1
1506390642,0,0,0,1,0,0,0,0,0,0,1
1507395993,0,0,0,1,0,0,0,0,0,0,1
1508401387,0,0,0,1,0,0,0,0,0,0,1
1509406809,0,0,0,1,0,0,0,0,0,0,1
1510412296,0,0,0,1,0,0,0,0,0,0,1
1511417945,0,0,0,1,0,0,0,0,0,0,1
1512423140,0,0,0,1,0,0,0,0,0,0,1
